mtllib FanShroud.mtl

o object_1
v 0.000320611 -9.44858 -11.6942
v 0.000327142 -9.64104 -11.5178
v 0.000325142 -9.58211 -11.5821
v 0.00032296 -9.51779 -11.641
v 0.000328944 -9.69415 -11.4486
v 0.000330535 -9.74102 -11.375
v 0.000331901 -9.78131 -11.2976
v 0.000333034 -9.81469 -11.217
v 0.000333924 -9.84093 -11.1338
v 0.000334952 -9.87119 -10.9622
v 0.000335081 -9.875 -10.875
v 0.000334565 -9.85981 -11.0486
v 0.000318115 -9.375 -11.741
v 0.000315489 -9.29762 -11.7813
v 0.000312754 -9.21702 -11.8147
v 0.000309931 -9.13382 -11.8409
v 0.000307041 -9.04865 -11.8598
v 0.000304106 -8.96216 -11.8712
v 0.000301148 -8.875 -11.875
v 0.000267216 -7.875 -9.875
v 17.119 -16.9993 -11.5178
v 17.019 -16.9993 -11.375
v 17.0658 -16.9993 -11.4486
v 16.9787 -16.9993 -11.2976
v 16.9453 -16.9993 -11.217
v 16.9191 -16.9993 -11.1338
v 16.885 -16.9993 -10.875
v 16.9002 -16.9993 -11.0486
v 16.8888 -16.9993 -10.9622
v 17.3114 -16.9993 -11.6942
v 17.385 -16.9993 -11.741
v 17.2422 -16.9993 -11.641
v 17.1779 -16.9993 -11.5821
v 17.543 -16.9993 -11.8147
v 17.4624 -16.9993 -11.7813
v 17.6262 -16.9994 -11.8409
v 17.7114 -16.9994 -11.8598
v 17.7978 -16.9994 -11.8712
v 17.885 -16.9994 -11.875
v 17.1657 -8.92046 -11.1338
v 17.169 -8.87285 -11.217
v 17.146 -8.88546 -11.1338
v 17.1503 -8.83793 -11.217
v 17.1271 -8.85005 -11.1338
v 17.1089 -8.81422 -11.1338
v 17.1664 -8.70119 -11.375
v 17.1515 -8.66626 -11.375
v 17.1374 -8.63101 -11.375
v 17.1624 -8.78785 -11.2976
v 17.1295 -8.71742 -11.2976
v 17.1456 -8.75281 -11.2976
v 17.0916 -8.77801 -11.1338
v 17.099 -8.73086 -11.217
v 17.075 -8.74143 -11.1338
v 17.1325 -8.80262 -11.217
v 17.1153 -8.76692 -11.217
v 17.0998 -8.64561 -11.2976
v 17.0861 -8.60924 -11.2976
v 17.1143 -8.68168 -11.2976
v 17.0834 -8.69445 -11.217
v 17.0687 -8.65771 -11.217
v 17.0592 -8.70449 -11.1338
v 17.0442 -8.66722 -11.1338
v 17.0547 -8.62066 -11.217
v 17.0301 -8.62963 -11.1338
v 17.17 -8.96482 -11.0486
v 17.1494 -8.9299 -11.0486
v 17.1603 -8.97073 -10.9622
v 17.1395 -8.9356 -10.9622
v 17.092 -8.82257 -11.0486
v 17.1295 -8.89455 -11.0486
v 17.1103 -8.85876 -11.0486
v 17.1002 -8.86402 -10.9622
v 17.0818 -8.82761 -10.9622
v 17.1195 -8.90002 -10.9622
v 17.157 -8.9727 -10.875
v 17.1362 -8.9375 -10.875
v 17.0969 -8.86578 -10.875
v 17.0784 -8.82929 -10.875
v 17.1161 -8.90185 -10.875
v 17.0266 -8.67406 -11.0486
v 17.0124 -8.63609 -11.0486
v 17.016 -8.67819 -10.9622
v 17.0017 -8.63999 -10.9622
v 17.0744 -8.78599 -11.0486
v 17.0577 -8.74903 -11.0486
v 17.0418 -8.71172 -11.0486
v 17.0641 -8.7908 -10.9622
v 17.0473 -8.75362 -10.9622
v 17.0312 -8.71607 -10.9622
v 17.0277 -8.71753 -10.875
v 17.0125 -8.67957 -10.875
v 16.9845 -8.6027 -10.875
v 16.9981 -8.64129 -10.875
v 17.0607 -8.79241 -10.875
v 17.0438 -8.75515 -10.875
v 17.7383 -9.45916 -11.2976
v 17.6714 -9.4846 -11.1338
v 17.6393 -9.4605 -11.1338
v 17.7041 -9.508 -11.1338
v 17.7372 -9.53067 -11.1338
v 17.687 -9.46345 -11.217
v 17.7191 -9.48651 -11.217
v 18.0023 -9.45562 -11.5178
v 18.0991 -9.50207 -11.5178
v 18.0665 -9.48729 -11.5178
v 18.0342 -9.47181 -11.5178
v 18.132 -9.51613 -11.5178
v 18.1652 -9.52947 -11.5178
v 18.1228 -9.44812 -11.5821
v 18.1546 -9.46168 -11.5821
v 18.2325 -9.55395 -11.5178
v 18.2665 -9.56509 -11.5178
v 18.3008 -9.57548 -11.5178
v 18.3036 -9.44754 -11.641
v 18.1987 -9.54208 -11.5178
v 18.1866 -9.47454 -11.5821
v 18.2189 -9.48669 -11.5821
v 18.2514 -9.49814 -11.5821
v 18.3173 -9.5189 -11.5821
v 18.2843 -9.50888 -11.5821
v 18.0291 -9.66101 -11.217
v 17.982 -9.66845 -11.1338
v 18.0186 -9.68502 -11.1338
v 17.8811 -9.44835 -11.4486
v 17.7927 -9.44761 -11.375
v 17.8245 -9.46837 -11.375
v 17.8568 -9.48842 -11.375
v 17.99 -9.56148 -11.375
v 18.0242 -9.5779 -11.375
v 17.9129 -9.46718 -11.4486
v 17.9451 -9.48531 -11.4486
v 17.9777 -9.50273 -11.4486
v 18.0107 -9.51944 -11.4486
v 17.9226 -9.5264 -11.375
v 17.8895 -9.50777 -11.375
v 17.9561 -9.54431 -11.375
v 17.7709 -9.55262 -11.1338
v 17.805 -9.57383 -11.1338
v 17.8745 -9.61399 -11.1338
v 17.8186 -9.5514 -11.217
v 17.8872 -9.59099 -11.217
v 17.8527 -9.57157 -11.217
v 17.8395 -9.59429 -11.1338
v 17.8029 -9.50234 -11.2976
v 17.7704 -9.4811 -11.2976
v 17.8359 -9.52286 -11.2976
v 17.8693 -9.54266 -11.2976
v 17.7518 -9.50886 -11.217
v 17.785 -9.5305 -11.217
v 17.9032 -9.56172 -11.2976
v 17.9375 -9.58004 -11.2976
v 18.0072 -9.61441 -11.2976
v 17.9721 -9.59761 -11.2976
v 17.9221 -9.60965 -11.217
v 17.9574 -9.62755 -11.217
v 17.91 -9.63292 -11.1338
v 17.9458 -9.65108 -11.1338
v 17.9931 -9.64467 -11.217
v 18.2365 -9.66045 -11.375
v 18.2728 -9.67147 -11.375
v 18.3094 -9.6817 -11.375
v 18.1144 -9.66019 -11.2976
v 18.1508 -9.67388 -11.2976
v 18.0928 -9.71576 -11.1338
v 18.0655 -9.67656 -11.217
v 18.1023 -9.69131 -11.217
v 18.0555 -9.70079 -11.1338
v 18.1393 -9.70525 -11.217
v 18.1304 -9.7299 -11.1338
v 18.1683 -9.74323 -11.1338
v 18.2449 -9.76738 -11.1338
v 18.2835 -9.7782 -11.1338
v 18.1874 -9.68677 -11.2976
v 18.2243 -9.69886 -11.2976
v 18.2615 -9.71014 -11.2976
v 18.299 -9.72061 -11.2976
v 18.1767 -9.71839 -11.217
v 18.2143 -9.7307 -11.217
v 18.2064 -9.75572 -11.1338
v 18.2522 -9.7422 -11.217
v 18.2903 -9.75286 -11.217
v 18.0777 -9.55068 -11.4486
v 18.1117 -9.56519 -11.4486
v 18.146 -9.57896 -11.4486
v 18.0937 -9.6085 -11.375
v 18.0588 -9.59358 -11.375
v 18.129 -9.62265 -11.375
v 18.1645 -9.63603 -11.375
v 18.044 -9.53542 -11.4486
v 18.2154 -9.60424 -11.4486
v 18.1806 -9.59198 -11.4486
v 18.2506 -9.61574 -11.4486
v 18.2859 -9.62647 -11.4486
v 18.2004 -9.64863 -11.375
v 18.0426 -9.63045 -11.2976
v 18.0783 -9.64571 -11.2976
v 17.5959 -9.45044 -11.0486
v 17.5888 -9.45932 -10.9622
v 17.7204 -9.55584 -10.9622
v 17.6603 -9.49983 -11.0486
v 17.6278 -9.47548 -11.0486
v 17.6933 -9.52347 -11.0486
v 17.7267 -9.54637 -11.0486
v 17.6535 -9.50902 -10.9622
v 17.6209 -9.48452 -10.9622
v 17.6867 -9.53279 -10.9622
v 17.5864 -9.46228 -10.875
v 17.7183 -9.55901 -10.875
v 17.6513 -9.51208 -10.875
v 17.6186 -9.48754 -10.875
v 17.6845 -9.53591 -10.875
v 17.9374 -9.66801 -11.0486
v 17.974 -9.68556 -11.0486
v 18.011 -9.7023 -11.0486
v 17.896 -9.65977 -10.9622
v 17.9324 -9.67822 -10.9622
v 18.0064 -9.71273 -10.9622
v 17.9692 -9.69588 -10.9622
v 17.8942 -9.66315 -10.875
v 17.9307 -9.68164 -10.875
v 18.0049 -9.71621 -10.875
v 17.9676 -9.69933 -10.875
v 17.7607 -9.56855 -11.0486
v 17.7952 -9.58997 -11.0486
v 17.8301 -9.61064 -11.0486
v 17.8655 -9.63054 -11.0486
v 17.7893 -9.59971 -10.9622
v 17.7546 -9.57815 -10.9622
v 17.8244 -9.6205 -10.9622
v 17.86 -9.64053 -10.9622
v 17.9012 -9.64967 -11.0486
v 17.7873 -9.60296 -10.875
v 17.7526 -9.58136 -10.875
v 17.8225 -9.6238 -10.875
v 17.8581 -9.64386 -10.875
v 18.1622 -9.76111 -11.0486
v 18.12 -9.75835 -10.9622
v 18.1585 -9.77189 -10.9622
v 18.0483 -9.71824 -11.0486
v 18.0859 -9.73336 -11.0486
v 18.1239 -9.74765 -11.0486
v 18.0439 -9.72876 -10.9622
v 18.0818 -9.74397 -10.9622
v 18.2007 -9.77373 -11.0486
v 18.2396 -9.78551 -11.0486
v 18.2786 -9.79644 -11.0486
v 18.1973 -9.78459 -10.9622
v 18.2364 -9.79644 -10.9622
v 18.3152 -9.81757 -10.9622
v 18.2757 -9.80744 -10.9622
v 18.1187 -9.76192 -10.875
v 18.1573 -9.77549 -10.875
v 18.0425 -9.73227 -10.875
v 18.0804 -9.74751 -10.875
v 18.1962 -9.78822 -10.875
v 18.2353 -9.80009 -10.875
v 18.2747 -9.81111 -10.875
v 18.3143 -9.82127 -10.875
v 17.7052 -9.25711 -11.5178
v 17.678 -9.2338 -11.5178
v 17.7328 -9.27983 -11.5178
v 17.7357 -9.0243 -11.6942
v 17.5996 -9.16039 -11.5178
v 17.5746 -9.1348 -11.5178
v 17.5262 -9.08202 -11.5178
v 17.4802 -9.02717 -11.5178
v 17.5029 -9.05484 -11.5178
v 17.5501 -9.10867 -11.5178
v 17.5935 -9.06886 -11.5821
v 17.5705 -9.04316 -11.5821
v 17.6252 -9.18543 -11.5178
v 17.6513 -9.2099 -11.5178
v 17.666 -9.14286 -11.5821
v 17.743 -9.21196 -11.5821
v 17.7168 -9.18949 -11.5821
v 17.6911 -9.16645 -11.5821
v 17.6636 -9.04957 -11.641
v 17.641 -9.0254 -11.641
v 17.7346 -9.11903 -11.641
v 17.7104 -9.0964 -11.641
v 17.6868 -9.07324 -11.641
v 17.6171 -9.09405 -11.5821
v 17.6413 -9.11872 -11.5821
v 17.4583 -9.30173 -11.1338
v 17.4491 -9.25488 -11.217
v 17.4027 -9.24371 -11.1338
v 17.4302 -9.27302 -11.1338
v 17.451 -9.14794 -11.375
v 17.4159 -9.03133 -11.4486
v 17.4388 -9.06041 -11.4486
v 17.3788 -9.05987 -11.375
v 17.356 -9.02948 -11.375
v 17.4022 -9.08975 -11.375
v 17.4263 -9.11911 -11.375
v 17.2293 -9.02276 -11.1338
v 17.2754 -9.08856 -11.1338
v 17.2995 -9.12068 -11.1338
v 17.2735 -9.04086 -11.217
v 17.2966 -9.07305 -11.217
v 17.252 -9.05591 -11.1338
v 17.4467 -9.20343 -11.2976
v 17.4207 -9.1745 -11.2976
v 17.3954 -9.145 -11.2976
v 17.3498 -9.18332 -11.1338
v 17.3759 -9.21381 -11.1338
v 17.3447 -9.13586 -11.217
v 17.3699 -9.16646 -11.217
v 17.3243 -9.15228 -11.1338
v 17.4221 -9.22599 -11.217
v 17.3956 -9.19651 -11.217
v 17.3468 -9.08439 -11.2976
v 17.3708 -9.11496 -11.2976
v 17.3235 -9.0533 -11.2976
v 17.3203 -9.10472 -11.217
v 17.5561 -9.25765 -11.375
v 17.5838 -9.28362 -11.375
v 17.7287 -9.34406 -11.4486
v 17.6703 -9.3578 -11.375
v 17.7305 -9.40404 -11.375
v 17.7001 -9.38125 -11.375
v 17.671 -9.2978 -11.4486
v 17.6154 -9.24906 -11.4486
v 17.643 -9.27373 -11.4486
v 17.6996 -9.32124 -11.4486
v 17.6121 -9.30897 -11.375
v 17.6409 -9.3337 -11.375
v 17.5855 -9.33926 -11.2976
v 17.5163 -9.35727 -11.1338
v 17.5935 -9.39013 -11.217
v 17.5767 -9.41023 -11.1338
v 17.5635 -9.36436 -11.217
v 17.534 -9.33793 -11.217
v 17.5462 -9.38408 -11.1338
v 17.5282 -9.28675 -11.2976
v 17.5004 -9.25957 -11.2976
v 17.5566 -9.31332 -11.2976
v 17.5051 -9.31087 -11.217
v 17.487 -9.32982 -11.1338
v 17.4768 -9.28318 -11.217
v 17.615 -9.36456 -11.2976
v 17.645 -9.38921 -11.2976
v 17.7067 -9.43653 -11.2976
v 17.6756 -9.41321 -11.2976
v 17.6241 -9.41525 -11.217
v 17.6553 -9.43969 -11.217
v 17.6077 -9.43571 -11.1338
v 17.5109 -9.14455 -11.4486
v 17.5621 -9.19795 -11.4486
v 17.5885 -9.22379 -11.4486
v 17.5362 -9.17153 -11.4486
v 17.5289 -9.23109 -11.375
v 17.5023 -9.20394 -11.375
v 17.4764 -9.17622 -11.375
v 17.4863 -9.11703 -11.4486
v 17.4622 -9.08898 -11.4486
v 17.4732 -9.2318 -11.2976
v 17.4581 -8.999 -11.5178
v 17.4366 -8.97037 -11.5178
v 17.4157 -8.94126 -11.5178
v 17.376 -8.88173 -11.5178
v 17.3388 -8.82052 -11.5178
v 17.3571 -8.85133 -11.5178
v 17.4445 -8.87897 -11.5821
v 17.3955 -8.91172 -11.5178
v 17.4074 -8.82076 -11.5821
v 17.4257 -8.85007 -11.5821
v 17.4471 -8.6122 -11.6942
v 17.3044 -8.75775 -11.5178
v 17.2882 -8.72582 -11.5178
v 17.2439 -8.628 -11.5178
v 17.2727 -8.69354 -11.5178
v 17.2579 -8.66092 -11.5178
v 17.3119 -8.63719 -11.5821
v 17.2983 -8.60545 -11.5821
v 17.4456 -8.75889 -11.641
v 17.4293 -8.73004 -11.641
v 17.3729 -8.76098 -11.5821
v 17.3213 -8.78932 -11.5178
v 17.3567 -8.73054 -11.5821
v 17.3899 -8.79105 -11.5821
v 17.3844 -8.64145 -11.641
v 17.3708 -8.61128 -11.641
v 17.4137 -8.70084 -11.641
v 17.3987 -8.6713 -11.641
v 17.3411 -8.69975 -11.5821
v 17.3261 -8.66863 -11.5821
v 17.5918 -8.85656 -11.6942
v 17.5734 -8.83087 -11.6942
v 17.6709 -8.95511 -11.6942
v 17.6503 -8.93113 -11.6942
v 17.692 -8.97864 -11.6942
v 17.7136 -9.00171 -11.6942
v 17.6303 -8.9067 -11.6942
v 17.6108 -8.88184 -11.6942
v 17.6691 -8.83705 -11.741
v 17.6511 -8.81305 -11.741
v 17.7067 -8.88383 -11.741
v 17.7262 -8.9066 -11.741
v 17.6877 -8.86064 -11.741
v 17.5973 -8.97562 -11.641
v 17.5559 -8.92397 -11.641
v 17.5763 -8.95002 -11.641
v 17.5261 -8.99028 -11.5821
v 17.4841 -8.93552 -11.5821
v 17.5048 -8.96313 -11.5821
v 17.548 -9.01696 -11.5821
v 17.5167 -8.87057 -11.641
v 17.4799 -8.81551 -11.641
v 17.498 -8.84324 -11.641
v 17.536 -8.89748 -11.641
v 17.464 -8.90746 -11.5821
v 17.6189 -9.00075 -11.641
v 17.5216 -8.75148 -11.6942
v 17.5055 -8.72429 -11.6942
v 17.5556 -8.80479 -11.6942
v 17.5383 -8.77832 -11.6942
v 17.6003 -8.73879 -11.741
v 17.5845 -8.71331 -11.741
v 17.49 -8.69675 -11.6942
v 17.4751 -8.66888 -11.6942
v 17.5268 -8.60815 -11.741
v 17.4608 -8.64069 -11.6942
v 17.5545 -8.66136 -11.741
v 17.5692 -8.6875 -11.741
v 17.5404 -8.6349 -11.741
v 17.6337 -8.78867 -11.741
v 17.6167 -8.76391 -11.741
v 17.7305 -8.78994 -11.7813
v 17.7135 -8.76729 -11.7813
v 17.6971 -8.74428 -11.7813
v 17.6811 -8.72092 -11.7813
v 17.706 -8.60851 -11.8147
v 17.7336 -8.6539 -11.8147
v 17.7196 -8.63136 -11.8147
v 17.6656 -8.69721 -11.7813
v 17.6507 -8.67317 -11.7813
v 17.6362 -8.64881 -11.7813
v 17.6223 -8.62414 -11.7813
v 17.4624 -8.78739 -11.641
v 17.3124 -8.96726 -11.375
v 17.2916 -8.93545 -11.375
v 17.3116 -8.87888 -11.4486
v 17.2747 -8.81487 -11.4486
v 17.2928 -8.84708 -11.4486
v 17.2336 -8.83741 -11.375
v 17.2716 -8.9032 -11.375
v 17.2522 -8.87051 -11.375
v 17.3722 -8.97173 -11.4486
v 17.3514 -8.94122 -11.4486
v 17.3938 -9.00177 -11.4486
v 17.3338 -8.99861 -11.375
v 17.3312 -8.91027 -11.4486
v 17.2371 -8.9241 -11.2976
v 17.2789 -8.98964 -11.2976
v 17.3008 -9.02172 -11.2976
v 17.2577 -8.9571 -11.2976
v 17.2295 -8.97503 -11.217
v 17.2074 -8.98913 -11.1338
v 17.2086 -8.94141 -11.217
v 17.1862 -8.95502 -11.1338
v 17.2511 -9.00819 -11.217
v 17.2173 -8.89065 -11.2976
v 17.1983 -8.85679 -11.2976
v 17.18 -8.82252 -11.2976
v 17.1884 -8.90735 -11.217
v 17.2406 -8.7493 -11.4486
v 17.2246 -8.71598 -11.4486
v 17.2573 -8.78227 -11.4486
v 17.1985 -8.77004 -11.375
v 17.2157 -8.80392 -11.375
v 17.1821 -8.73579 -11.375
v 17.2093 -8.68231 -11.4486
v 17.1948 -8.64832 -11.4486
v 17.181 -8.61403 -11.4486
v 18.0085 -9.23841 -11.6942
v 17.8483 -9.36448 -11.5178
v 17.8187 -9.34426 -11.5178
v 17.8783 -9.38404 -11.5178
v 17.761 -9.30193 -11.5178
v 17.7896 -9.32341 -11.5178
v 17.7697 -9.23386 -11.5821
v 17.7969 -9.25517 -11.5821
v 17.881 -9.31547 -11.5821
v 17.8525 -9.29599 -11.5821
v 17.8245 -9.27588 -11.5821
v 17.9087 -9.40295 -11.5178
v 17.9395 -9.42119 -11.5178
v 17.9392 -9.35256 -11.5821
v 18.0295 -9.40335 -11.5821
v 17.9707 -9.43875 -11.5178
v 17.9689 -9.37014 -11.5821
v 17.999 -9.38708 -11.5821
v 17.9168 -9.26199 -11.641
v 17.8894 -9.2433 -11.641
v 17.9445 -9.28009 -11.641
v 17.9726 -9.29757 -11.641
v 18.03 -9.33068 -11.641
v 18.0011 -9.31444 -11.641
v 17.9099 -9.33434 -11.5821
v 17.8782 -9.14923 -11.6942
v 17.8533 -9.12972 -11.6942
v 17.8049 -9.0891 -11.6942
v 17.7583 -9.0464 -11.6942
v 17.7814 -9.068 -11.6942
v 17.8289 -9.10967 -11.6942
v 17.8762 -9.05331 -11.741
v 17.8534 -9.03378 -11.741
v 17.9552 -9.20445 -11.6942
v 17.9291 -9.1866 -11.6942
v 17.9034 -9.1682 -11.6942
v 17.9817 -9.22172 -11.6942
v 18.0212 -9.15966 -11.741
v 17.9961 -9.14327 -11.741
v 17.923 -9.09086 -11.741
v 17.9469 -9.10886 -11.741
v 17.8994 -9.07234 -11.741
v 17.9713 -9.12633 -11.741
v 17.9927 -9.04646 -11.7813
v 17.9701 -9.02947 -11.7813
v 18.0157 -9.06295 -11.7813
v 17.81 -9.1837 -11.641
v 17.7593 -9.14113 -11.641
v 17.7844 -9.16269 -11.641
v 17.836 -9.20414 -11.641
v 17.8625 -9.22401 -11.641
v 18.0911 -9.2849 -11.6942
v 18.0633 -9.27001 -11.6942
v 18.0357 -9.2545 -11.6942
v 18.1193 -9.29919 -11.6942
v 18.1478 -9.31286 -11.6942
v 18.1519 -9.2332 -11.741
v 18.2057 -9.33831 -11.6942
v 18.235 -9.35008 -11.6942
v 18.2646 -9.36122 -11.6942
v 18.2944 -9.3717 -11.6942
v 18.1766 -9.3259 -11.6942
v 18.2062 -9.25855 -11.741
v 18.1789 -9.24617 -11.741
v 18.2338 -9.27033 -11.741
v 18.2897 -9.29208 -11.741
v 18.2616 -9.28151 -11.741
v 18.0592 -9.34629 -11.641
v 18.0887 -9.36126 -11.641
v 18.1186 -9.37558 -11.641
v 18.1487 -9.38925 -11.641
v 18.0603 -9.41895 -11.5821
v 18.0914 -9.43388 -11.5821
v 18.2099 -9.41459 -11.641
v 18.1792 -9.40225 -11.641
v 18.2409 -9.42625 -11.641
v 18.2721 -9.43724 -11.641
v 18.0986 -9.2055 -11.741
v 18.0725 -9.19078 -11.741
v 18.0467 -9.1755 -11.741
v 18.1251 -9.21964 -11.741
v 18.1359 -9.13766 -11.7813
v 18.1608 -9.151 -11.7813
v 18.1286 -9.04045 -11.8147
v 18.1061 -9.02642 -11.8147
v 18.1515 -9.05397 -11.8147
v 18.0628 -9.0944 -11.7813
v 18.0391 -9.07893 -11.7813
v 18.0868 -9.10935 -11.7813
v 18.1112 -9.12377 -11.7813
v 18.2374 -9.18773 -11.7813
v 18.1861 -9.1638 -11.7813
v 18.2116 -9.17604 -11.7813
v 18.2634 -9.19884 -11.7813
v 18.3162 -9.21936 -11.7813
v 18.2897 -9.20939 -11.7813
v 18.198 -9.07951 -11.8147
v 18.2457 -9.10299 -11.8147
v 18.2217 -9.09151 -11.8147
v 18.1746 -9.06699 -11.8147
v 18.2698 -9.11395 -11.8147
v 18.2943 -9.12438 -11.8147
v 18.2808 -9.02759 -11.8409
v 18.3034 -9.0378 -11.8409
v 17.7582 -9.36624 -11.4486
v 17.7883 -9.38777 -11.4486
v 17.8497 -9.42883 -11.4486
v 17.8188 -9.40864 -11.4486
v 17.7614 -9.42616 -11.375
v 17.8092 -8.99325 -11.741
v 17.7877 -8.97227 -11.741
v 17.7668 -8.95083 -11.741
v 17.7462 -8.92894 -11.741
v 17.8311 -9.01376 -11.741
v 17.8424 -8.91755 -11.7813
v 17.8833 -8.9567 -11.7813
v 17.8627 -8.93735 -11.7813
v 17.8809 -8.84159 -11.8147
v 17.8627 -8.82221 -11.8147
v 17.8033 -8.87666 -11.7813
v 17.766 -8.83409 -11.7813
v 17.748 -8.81221 -11.7813
v 17.7844 -8.85558 -11.7813
v 17.8226 -8.89732 -11.7813
v 17.9777 -8.93229 -11.8147
v 18.0191 -8.96553 -11.8147
v 17.9982 -8.94913 -11.8147
v 17.9044 -8.9756 -11.7813
v 17.9478 -9.01199 -11.7813
v 17.9259 -8.99403 -11.7813
v 17.9184 -8.87913 -11.8147
v 17.9576 -8.915 -11.8147
v 17.9378 -8.89728 -11.8147
v 17.8994 -8.86056 -11.8147
v 17.994 -8.83594 -11.8409
v 17.976 -8.81903 -11.8409
v 18.0124 -8.85245 -11.8409
v 17.8109 -8.76176 -11.8147
v 17.7785 -8.71964 -11.8147
v 17.7945 -8.74088 -11.8147
v 17.845 -8.80244 -11.8147
v 17.8277 -8.78229 -11.8147
v 17.8758 -8.70968 -11.8409
v 17.7631 -8.69805 -11.8147
v 17.7481 -8.67614 -11.8147
v 17.8037 -8.6092 -11.8409
v 17.8456 -8.67044 -11.8409
v 17.8605 -8.69023 -11.8409
v 17.8312 -8.65033 -11.8409
v 17.8173 -8.62992 -11.8409
v 17.9583 -8.80173 -11.8409
v 17.941 -8.78405 -11.8409
v 17.9241 -8.766 -11.8409
v 17.9075 -8.74758 -11.8409
v 17.8914 -8.7288 -11.8409
v 17.9869 -8.70846 -11.8598
v 18.0185 -8.74151 -11.8598
v 18.0025 -8.72515 -11.8598
v 17.9567 -8.67406 -11.8598
v 17.9422 -8.65637 -11.8598
v 17.9143 -8.62008 -11.8598
v 17.9281 -8.63838 -11.8598
v 17.9716 -8.69142 -11.8598
v 18.0229 -8.61846 -11.8712
v 18.0096 -8.60224 -11.8712
v 18.0619 -8.99692 -11.8147
v 18.0404 -8.98146 -11.8147
v 18.0839 -9.01192 -11.8147
v 18.1301 -8.94274 -11.8409
v 18.1097 -8.92877 -11.8409
v 18.1718 -8.96932 -11.8409
v 18.1508 -8.95625 -11.8409
v 18.0503 -8.88425 -11.8409
v 18.0312 -8.86856 -11.8409
v 18.0896 -8.91436 -11.8409
v 18.0698 -8.89952 -11.8409
v 18.1216 -8.83195 -11.8598
v 18.1036 -8.81782 -11.8598
v 18.1585 -8.859 -11.8598
v 18.1399 -8.84568 -11.8598
v 18.1931 -8.98192 -11.8409
v 18.2365 -9.00571 -11.8409
v 18.2146 -8.99405 -11.8409
v 18.2585 -9.01689 -11.8409
v 18.2758 -8.93016 -11.8598
v 18.2556 -8.91938 -11.8598
v 18.3168 -8.9504 -11.8598
v 18.2962 -8.9405 -11.8598
v 18.1966 -8.88442 -11.8598
v 18.1774 -8.87192 -11.8598
v 18.2357 -8.90816 -11.8598
v 18.216 -8.8965 -11.8598
v 18.2789 -8.83325 -11.8712
v 18.2609 -8.82256 -11.8712
v 18.3157 -8.85344 -11.8712
v 18.2972 -8.84355 -11.8712
v 18.0515 -8.77314 -11.8598
v 18.0859 -8.80331 -11.8598
v 18.0686 -8.78842 -11.8598
v 18.0348 -8.75751 -11.8598
v 18.1256 -8.72339 -11.8712
v 18.11 -8.70938 -11.8712
v 18.1578 -8.75037 -11.8712
v 18.1415 -8.73705 -11.8712
v 18.065 -8.66534 -11.8712
v 18.0947 -8.69503 -11.8712
v 18.0797 -8.68035 -11.8712
v 18.0506 -8.65002 -11.8712
v 18.0366 -8.63439 -11.8712
v 18.1279 -8.60507 -11.875
v 18.1689 -8.64512 -11.875
v 18.1549 -8.63207 -11.875
v 18.1413 -8.61872 -11.875
v 18.2081 -8.78815 -11.8712
v 18.1911 -8.77593 -11.8712
v 18.1743 -8.76333 -11.8712
v 18.243 -8.81147 -11.8712
v 18.2255 -8.8 -11.8712
v 18.2739 -8.72754 -11.875
v 18.2581 -8.71676 -11.875
v 18.3061 -8.74805 -11.875
v 18.2899 -8.73797 -11.875
v 18.1976 -8.67029 -11.875
v 18.1831 -8.65786 -11.875
v 18.2426 -8.70564 -11.875
v 18.2273 -8.69418 -11.875
v 18.2123 -8.6824 -11.875
v 17.4165 -9.28608 -11.0486
v 17.4449 -9.31508 -11.0486
v 17.3888 -9.25647 -11.0486
v 17.3804 -9.26416 -10.9622
v 17.3532 -9.23376 -10.9622
v 17.4083 -9.29396 -10.9622
v 17.4369 -9.32313 -10.9622
v 17.3503 -9.23627 -10.875
v 17.3776 -9.26673 -10.875
v 17.4056 -9.29659 -10.875
v 17.4342 -9.32583 -10.875
v 17.3096 -9.1641 -11.0486
v 17.2845 -9.13218 -11.0486
v 17.2755 -9.13911 -10.9622
v 17.3007 -9.17122 -10.9622
v 17.2365 -9.06674 -11.0486
v 17.2136 -9.03325 -11.0486
v 17.2602 -9.09972 -11.0486
v 17.2042 -9.03958 -10.9622
v 17.2272 -9.07327 -10.9622
v 17.251 -9.10646 -10.9622
v 17.3353 -9.19546 -11.0486
v 17.3617 -9.22626 -11.0486
v 17.3266 -9.20278 -10.9622
v 17.2725 -9.14143 -10.875
v 17.2977 -9.17361 -10.875
v 17.2241 -9.07546 -10.875
v 17.201 -9.04169 -10.875
v 17.2479 -9.10871 -10.875
v 17.3237 -9.20523 -10.875
v 17.4739 -9.34346 -11.0486
v 17.5035 -9.37119 -11.0486
v 17.5645 -9.4247 -11.0486
v 17.5337 -9.39828 -11.0486
v 17.5262 -9.40684 -10.9622
v 17.466 -9.35168 -10.9622
v 17.4958 -9.37959 -10.9622
v 17.5572 -9.43342 -10.9622
v 17.5237 -9.4097 -10.875
v 17.4933 -9.38239 -10.875
v 17.4634 -9.35443 -10.875
v 17.5548 -9.43633 -10.875
v 17.1915 -8.99927 -11.0486
v 17.1819 -9.00539 -10.9622
v 17.1786 -9.00744 -10.875
v 17.166 -8.39005 -11.5178
v 17.1579 -8.35519 -11.5178
v 17.1505 -8.32015 -11.5178
v 17.1439 -8.28496 -11.5178
v 17.1381 -8.24964 -11.5178
v 17.133 -8.2142 -11.5178
v 17.168 -8.57943 -11.4486
v 17.1558 -8.54457 -11.4486
v 17.1443 -8.50944 -11.4486
v 17.0996 -8.52354 -11.375
v 17.124 -8.59547 -11.375
v 17.1114 -8.55963 -11.375
v 17.1335 -8.47407 -11.4486
v 17.1236 -8.43848 -11.4486
v 17.1144 -8.40268 -11.4486
v 17.0885 -8.48719 -11.375
v 17.0783 -8.45061 -11.375
v 17.0689 -8.41382 -11.375
v 17.0168 -8.59175 -11.1338
v 17.0043 -8.55358 -11.1338
v 17.0293 -8.54569 -11.217
v 17.0178 -8.5078 -11.217
v 16.9926 -8.51514 -11.1338
v 17.0071 -8.46968 -11.217
v 16.9818 -8.47647 -11.1338
v 16.9883 -8.39277 -11.217
v 16.9973 -8.43133 -11.217
v 16.9718 -8.43756 -11.1338
v 16.9627 -8.39845 -11.1338
v 17.0732 -8.57258 -11.2976
v 17.0611 -8.53565 -11.2976
v 17.0499 -8.49846 -11.2976
v 17.0416 -8.58331 -11.217
v 17.0394 -8.46104 -11.2976
v 17.0297 -8.42339 -11.2976
v 17.0293 -8.18954 -11.375
v 17.0984 -8.33051 -11.4486
v 17.0916 -8.29419 -11.4486
v 17.106 -8.36668 -11.4486
v 17.0602 -8.37683 -11.375
v 17.0524 -8.33966 -11.375
v 17.0454 -8.30233 -11.375
v 17.0856 -8.25772 -11.4486
v 17.0803 -8.22113 -11.4486
v 17.0759 -8.18444 -11.4486
v 17.0392 -8.26485 -11.375
v 17.0339 -8.22725 -11.375
v 17.0209 -8.38555 -11.2976
v 17.0129 -8.34752 -11.2976
v 17.0058 -8.30932 -11.2976
v 16.9544 -8.35915 -11.1338
v 16.947 -8.31967 -11.1338
v 16.9802 -8.35403 -11.217
v 16.9729 -8.31512 -11.217
v 16.9994 -8.27098 -11.2976
v 16.9893 -8.19393 -11.2976
v 16.9939 -8.23251 -11.2976
v 16.9405 -8.28005 -11.1338
v 16.9348 -8.24029 -11.1338
v 16.9561 -8.19756 -11.217
v 16.93 -8.20042 -11.1338
v 16.9664 -8.27606 -11.217
v 16.9608 -8.23687 -11.217
v 17.1287 -8.17866 -11.5178
v 17.1252 -8.14303 -11.5178
v 17.1225 -8.10733 -11.5178
v 17.1205 -8.07158 -11.5178
v 17.1193 -8.0358 -11.5178
v 17.119 -8.002 -11.5178
v 17.0256 -8.15174 -11.375
v 17.0227 -8.11387 -11.375
v 17.0206 -8.07594 -11.375
v 17.0194 -8.03798 -11.375
v 17.019 -8.00202 -11.375
v 17.0723 -8.14766 -11.4486
v 17.0695 -8.1108 -11.4486
v 17.0675 -8.0739 -11.4486
v 17.0663 -8.03696 -11.4486
v 17.0658 -8.00201 -11.4486
v 16.9855 -8.15525 -11.2976
v 16.9825 -8.1165 -11.2976
v 16.9804 -8.0777 -11.2976
v 16.9522 -8.15816 -11.217
v 16.9261 -8.16045 -11.1338
v 16.9492 -8.11869 -11.217
v 16.947 -8.07916 -11.217
v 16.9208 -8.0803 -11.1338
v 16.923 -8.1204 -11.1338
v 16.9791 -8.03886 -11.2976
v 16.9787 -8.00203 -11.2976
v 16.9457 -8.03959 -11.217
v 16.9195 -8.04016 -11.1338
v 16.9453 -8.00204 -11.217
v 16.9191 -8.00204 -11.1338
v 16.9863 -8.55925 -11.0486
v 16.9989 -8.59782 -11.0486
v 16.9745 -8.52043 -11.0486
v 16.9881 -8.60148 -10.9622
v 16.9754 -8.56268 -10.9622
v 16.9636 -8.52361 -10.9622
v 16.9535 -8.44205 -11.0486
v 16.9443 -8.40254 -11.0486
v 16.9636 -8.48135 -11.0486
v 16.9526 -8.4843 -10.9622
v 16.9424 -8.44476 -10.9622
v 16.9332 -8.405 -10.9622
v 16.9718 -8.56382 -10.875
v 16.9599 -8.52468 -10.875
v 16.9489 -8.48529 -10.875
v 16.9387 -8.44566 -10.875
v 16.9294 -8.40582 -10.875
v 16.9359 -8.36283 -11.0486
v 16.9284 -8.32295 -11.0486
v 16.9248 -8.36505 -10.9622
v 16.9172 -8.32493 -10.9622
v 16.9218 -8.28292 -11.0486
v 16.9161 -8.24275 -11.0486
v 16.9112 -8.20247 -11.0486
v 16.9106 -8.28465 -10.9622
v 16.9048 -8.24424 -10.9622
v 16.8999 -8.20371 -10.9622
v 16.921 -8.36579 -10.875
v 16.9135 -8.32559 -10.875
v 16.9068 -8.28523 -10.875
v 16.901 -8.24474 -10.875
v 16.8961 -8.20413 -10.875
v 16.8854 -8.0409 -10.875
v 16.885 -8.00205 -10.875
v 16.9073 -8.16209 -11.0486
v 16.9042 -8.12164 -11.0486
v 16.902 -8.08112 -11.0486
v 16.8959 -8.16308 -10.9622
v 16.8928 -8.12238 -10.9622
v 16.8906 -8.08162 -10.9622
v 16.9006 -8.04057 -11.0486
v 16.9002 -8.00205 -11.0486
v 16.8892 -8.04082 -10.9622
v 16.8888 -8.00205 -10.9622
v 16.8921 -8.16342 -10.875
v 16.889 -8.12263 -10.875
v 16.8868 -8.08179 -10.875
v 17.4217 -8.55435 -11.6942
v 17.4341 -8.58341 -11.6942
v 17.4099 -8.52502 -11.6942
v 17.3785 -8.4356 -11.6942
v 17.3693 -8.40535 -11.6942
v 17.3988 -8.49544 -11.6942
v 17.3883 -8.46563 -11.6942
v 17.458 -8.44198 -11.741
v 17.4486 -8.41347 -11.741
v 17.2305 -8.59478 -11.5178
v 17.2179 -8.56127 -11.5178
v 17.206 -8.5275 -11.5178
v 17.2855 -8.57342 -11.5821
v 17.2733 -8.54111 -11.5821
v 17.2619 -8.50855 -11.5821
v 17.3125 -8.45641 -11.641
v 17.3028 -8.42472 -11.641
v 17.2939 -8.39283 -11.641
v 17.1949 -8.49347 -11.5178
v 17.1845 -8.45921 -11.5178
v 17.2411 -8.44272 -11.5821
v 17.2318 -8.40948 -11.5821
v 17.1749 -8.42473 -11.5178
v 17.2511 -8.47575 -11.5821
v 17.3454 -8.5501 -11.641
v 17.3577 -8.58083 -11.641
v 17.3337 -8.51911 -11.641
v 17.3228 -8.48788 -11.641
v 17.3608 -8.37492 -11.6942
v 17.3529 -8.34431 -11.6942
v 17.3458 -8.31353 -11.6942
v 17.4399 -8.38476 -11.741
v 17.4319 -8.35588 -11.741
v 17.4176 -8.2976 -11.741
v 17.4244 -8.32682 -11.741
v 17.3393 -8.2826 -11.6942
v 17.3334 -8.25154 -11.6942
v 17.3283 -8.22036 -11.6942
v 17.3238 -8.18908 -11.6942
v 17.4114 -8.26825 -11.741
v 17.4059 -8.23877 -11.741
v 17.401 -8.20917 -11.741
v 17.2857 -8.36076 -11.641
v 17.2782 -8.32851 -11.641
v 17.2714 -8.29611 -11.641
v 17.2232 -8.37604 -11.5821
v 17.2154 -8.34243 -11.5821
v 17.2083 -8.30865 -11.5821
v 17.2653 -8.26356 -11.641
v 17.2599 -8.23089 -11.641
v 17.2552 -8.19811 -11.641
v 17.2019 -8.27473 -11.5821
v 17.1963 -8.24067 -11.5821
v 17.1914 -8.20651 -11.5821
v 17.5138 -8.5811 -11.741
v 17.5014 -8.55378 -11.741
v 17.4897 -8.52619 -11.741
v 17.4785 -8.49835 -11.741
v 17.5962 -8.57392 -11.7813
v 17.584 -8.5484 -11.7813
v 17.5723 -8.52261 -11.7813
v 17.4679 -8.47028 -11.741
v 17.5612 -8.49658 -11.7813
v 17.5506 -8.47031 -11.7813
v 17.5406 -8.44381 -11.7813
v 17.5312 -8.41711 -11.7813
v 17.6685 -8.53827 -11.8147
v 17.657 -8.51433 -11.8147
v 17.693 -8.58537 -11.8147
v 17.6805 -8.56196 -11.8147
v 17.7431 -8.50148 -11.8409
v 17.609 -8.59917 -11.7813
v 17.6356 -8.46573 -11.8147
v 17.646 -8.49015 -11.8147
v 17.6257 -8.44109 -11.8147
v 17.6164 -8.41625 -11.8147
v 17.7324 -8.47917 -11.8409
v 17.7222 -8.45664 -11.8409
v 17.7033 -8.41094 -11.8409
v 17.7125 -8.43389 -11.8409
v 17.5993 -8.36596 -11.8147
v 17.5916 -8.34056 -11.8147
v 17.5844 -8.31499 -11.8147
v 17.5779 -8.28927 -11.8147
v 17.5224 -8.3902 -11.7813
v 17.5142 -8.36311 -11.7813
v 17.5066 -8.33585 -11.7813
v 17.4996 -8.30843 -11.7813
v 17.5718 -8.26341 -11.8147
v 17.5664 -8.23743 -11.8147
v 17.5615 -8.21133 -11.8147
v 17.5571 -8.18514 -11.8147
v 17.4931 -8.28086 -11.7813
v 17.4873 -8.25315 -11.7813
v 17.4821 -8.22533 -11.7813
v 17.4775 -8.1974 -11.7813
v 17.6076 -8.3912 -11.8147
v 17.6715 -8.31728 -11.8409
v 17.6648 -8.29345 -11.8409
v 17.6946 -8.38779 -11.8409
v 17.6864 -8.36445 -11.8409
v 17.6787 -8.34095 -11.8409
v 17.6587 -8.26949 -11.8409
v 17.6531 -8.2454 -11.8409
v 17.648 -8.2212 -11.8409
v 17.6434 -8.19689 -11.8409
v 17.7414 -8.24925 -11.8598
v 17.7362 -8.22697 -11.8598
v 17.7315 -8.20458 -11.8598
v 17.3145 -8.09474 -11.6942
v 17.3128 -8.06319 -11.6942
v 17.3118 -8.0316 -11.6942
v 17.3114 -8.00196 -11.6942
v 17.32 -8.1577 -11.6942
v 17.3169 -8.12625 -11.6942
v 17.3968 -8.17947 -11.741
v 17.3932 -8.14969 -11.741
v 17.3902 -8.11984 -11.741
v 17.3879 -8.08993 -11.741
v 17.3863 -8.05998 -11.741
v 17.3853 -8.03 -11.741
v 17.385 -8.00195 -11.741
v 17.2512 -8.16524 -11.641
v 17.248 -8.13228 -11.641
v 17.2455 -8.09927 -11.641
v 17.1873 -8.17224 -11.5821
v 17.1839 -8.13789 -11.5821
v 17.1813 -8.10347 -11.5821
v 17.2437 -8.06621 -11.641
v 17.2426 -8.03311 -11.641
v 17.2422 -8.00198 -11.641
v 17.1794 -8.06901 -11.5821
v 17.1783 -8.03451 -11.5821
v 17.1779 -8.00199 -11.5821
v 17.5534 -8.15885 -11.8147
v 17.5502 -8.13249 -11.8147
v 17.5476 -8.10607 -11.8147
v 17.5456 -8.0796 -11.8147
v 17.4735 -8.16937 -11.7813
v 17.4701 -8.14127 -11.7813
v 17.4673 -8.1131 -11.7813
v 17.4652 -8.08487 -11.7813
v 17.5441 -8.05309 -11.8147
v 17.5433 -8.02655 -11.8147
v 17.543 -8.00191 -11.8147
v 17.4636 -8.0566 -11.7813
v 17.4627 -8.02831 -11.7813
v 17.4624 -8.00193 -11.7813
v 17.6359 -8.14799 -11.8409
v 17.6394 -8.17248 -11.8409
v 17.6329 -8.12344 -11.8409
v 17.6305 -8.09882 -11.8409
v 17.7273 -8.1821 -11.8598
v 17.7236 -8.15952 -11.8598
v 17.7203 -8.13688 -11.8598
v 17.7176 -8.11416 -11.8598
v 17.7153 -8.0914 -11.8598
v 17.6286 -8.07415 -11.8409
v 17.6273 -8.04946 -11.8409
v 17.6265 -8.02473 -11.8409
v 17.6262 -8.00189 -11.8409
v 17.7136 -8.06858 -11.8598
v 17.7124 -8.04574 -11.8598
v 17.7116 -8.02288 -11.8598
v 17.7114 -8.00188 -11.8598
v 17.7781 -8.56691 -11.8409
v 17.7907 -8.58819 -11.8409
v 17.766 -8.54535 -11.8409
v 17.7543 -8.52354 -11.8409
v 17.8756 -8.56344 -11.8598
v 17.8518 -8.52432 -11.8598
v 17.8406 -8.50439 -11.8598
v 17.8635 -8.54401 -11.8598
v 17.8096 -8.44318 -11.8598
v 17.8002 -8.42234 -11.8598
v 17.7912 -8.4013 -11.8598
v 17.8298 -8.48421 -11.8598
v 17.8195 -8.46381 -11.8598
v 17.888 -8.40662 -11.8712
v 17.901 -8.60148 -11.8598
v 17.8881 -8.5826 -11.8598
v 17.9485 -8.51697 -11.8712
v 17.9374 -8.49914 -11.8712
v 17.9841 -8.56893 -11.8712
v 17.9718 -8.55187 -11.8712
v 17.9967 -8.58572 -11.8712
v 17.96 -8.53454 -11.8712
v 17.9165 -8.46279 -11.8712
v 17.9267 -8.48108 -11.8712
v 17.9066 -8.44427 -11.8712
v 17.8971 -8.42555 -11.8712
v 18.022 -8.47014 -11.875
v 18.012 -8.45393 -11.875
v 17.9929 -8.42087 -11.875
v 17.9839 -8.40403 -11.875
v 18.0022 -8.4375 -11.875
v 17.7746 -8.35866 -11.8598
v 17.7827 -8.38007 -11.8598
v 17.767 -8.33708 -11.8598
v 17.7599 -8.31533 -11.8598
v 17.7532 -8.29344 -11.8598
v 17.8793 -8.3875 -11.8712
v 17.8711 -8.3682 -11.8712
v 17.8633 -8.34872 -11.8712
v 17.8489 -8.30927 -11.8712
v 17.8424 -8.28933 -11.8712
v 17.8559 -8.32908 -11.8712
v 17.7471 -8.27141 -11.8598
v 17.8163 -8.18771 -11.8712
v 17.8363 -8.26924 -11.8712
v 17.8306 -8.24902 -11.8712
v 17.8254 -8.22869 -11.8712
v 17.8207 -8.20825 -11.8712
v 17.9591 -8.3524 -11.875
v 17.9516 -8.33485 -11.875
v 17.9445 -8.31713 -11.875
v 17.9378 -8.29927 -11.875
v 17.9752 -8.387 -11.875
v 17.967 -8.36979 -11.875
v 17.92 -8.24485 -11.875
v 17.9314 -8.28126 -11.875
v 17.9255 -8.26312 -11.875
v 17.9148 -8.22647 -11.875
v 17.9101 -8.20798 -11.875
v 17.9057 -8.18938 -11.875
v 18.1021 -8.57693 -11.875
v 18.0897 -8.56244 -11.875
v 18.0658 -8.53267 -11.875
v 18.0544 -8.5174 -11.875
v 18.0432 -8.50188 -11.875
v 18.0776 -8.54768 -11.875
v 18.1149 -8.59114 -11.875
v 18.0325 -8.48612 -11.875
v 17.8125 -8.16708 -11.8712
v 17.809 -8.14637 -11.8712
v 17.8061 -8.12559 -11.8712
v 17.8036 -8.10475 -11.8712
v 17.8015 -8.08386 -11.8712
v 17.7999 -8.06293 -11.8712
v 17.7988 -8.04197 -11.8712
v 17.7981 -8.02099 -11.8712
v 17.7978 -8.00186 -11.8712
v 17.8869 -8.05723 -11.875
v 17.8858 -8.03817 -11.875
v 17.8852 -8.01909 -11.875
v 17.885 -8.00184 -11.875
v 17.9018 -8.1707 -11.875
v 17.8983 -8.15194 -11.875
v 17.8952 -8.13311 -11.875
v 17.8925 -8.11421 -11.875
v 17.8902 -8.09526 -11.875
v 17.8883 -8.07626 -11.875
v 0.000335081 -9.875 10.875
v 0.000334952 -9.87119 10.9622
v 0.000334565 -9.85981 11.0486
v 0.000333924 -9.84093 11.1338
v 0.000333034 -9.81469 11.217
v 0.000331901 -9.78131 11.2976
v 0.000330535 -9.74102 11.375
v 0.000328944 -9.69415 11.4486
v 0.000327142 -9.64104 11.5178
v 0.000325142 -9.58211 11.5821
v 0.00032296 -9.51779 11.641
v 0.000320611 -9.44858 11.6942
v 0.000318115 -9.375 11.741
v 0.000315489 -9.29762 11.7813
v 0.000312754 -9.21702 11.8147
v 0.000309931 -9.13382 11.8409
v 0.000307041 -9.04865 11.8598
v 0.000304106 -8.96216 11.8712
v 0.000301148 -8.875 11.875
v 0.000267216 -7.875 9.875
v 16.885 -16.9993 10.875
v 16.8888 -16.9993 10.9622
v 16.9002 -16.9993 11.0486
v 16.9191 -16.9993 11.1338
v 16.9453 -16.9993 11.217
v 16.9787 -16.9993 11.2976
v 17.019 -16.9993 11.375
v 17.0658 -16.9993 11.4486
v 17.119 -16.9993 11.5178
v 17.1779 -16.9993 11.5821
v 17.2422 -16.9993 11.641
v 17.3114 -16.9993 11.6942
v 17.385 -16.9993 11.741
v 17.4624 -16.9993 11.7813
v 17.543 -16.9993 11.8147
v 17.6262 -16.9994 11.8409
v 17.7114 -16.9994 11.8598
v 17.7978 -16.9994 11.8712
v 17.885 -16.9994 11.875
v 17.157 -8.9727 10.875
v 17.1362 -8.9375 10.875
v 17.0969 -8.86578 10.875
v 17.0784 -8.82929 10.875
v 17.1161 -8.90185 10.875
v 17.1603 -8.97073 10.9622
v 17.1395 -8.9356 10.9622
v 17.17 -8.96482 11.0486
v 17.1494 -8.9299 11.0486
v 17.1002 -8.86402 10.9622
v 17.0818 -8.82761 10.9622
v 17.1195 -8.90002 10.9622
v 17.092 -8.82257 11.0486
v 17.1295 -8.89455 11.0486
v 17.1103 -8.85876 11.0486
v 17.0277 -8.71753 10.875
v 17.0125 -8.67957 10.875
v 16.9845 -8.6027 10.875
v 16.9981 -8.64129 10.875
v 17.0607 -8.79241 10.875
v 17.0438 -8.75515 10.875
v 17.016 -8.67819 10.9622
v 17.0017 -8.63999 10.9622
v 17.0266 -8.67406 11.0486
v 17.0124 -8.63609 11.0486
v 17.0641 -8.7908 10.9622
v 17.0473 -8.75362 10.9622
v 17.0312 -8.71607 10.9622
v 17.0744 -8.78599 11.0486
v 17.0577 -8.74903 11.0486
v 17.0418 -8.71172 11.0486
v 17.1657 -8.92046 11.1338
v 17.146 -8.88546 11.1338
v 17.169 -8.87285 11.217
v 17.1271 -8.85005 11.1338
v 17.1089 -8.81422 11.1338
v 17.1503 -8.83793 11.217
v 17.0916 -8.77801 11.1338
v 17.075 -8.74143 11.1338
v 17.099 -8.73086 11.217
v 17.1325 -8.80262 11.217
v 17.1153 -8.76692 11.217
v 17.1624 -8.78785 11.2976
v 17.1295 -8.71742 11.2976
v 17.1456 -8.75281 11.2976
v 17.0592 -8.70449 11.1338
v 17.0442 -8.66722 11.1338
v 17.0834 -8.69445 11.217
v 17.0687 -8.65771 11.217
v 17.0301 -8.62963 11.1338
v 17.0547 -8.62066 11.217
v 17.0998 -8.64561 11.2976
v 17.0861 -8.60924 11.2976
v 17.1143 -8.68168 11.2976
v 17.1664 -8.70119 11.375
v 17.1515 -8.66626 11.375
v 17.1374 -8.63101 11.375
v 17.5864 -9.46228 10.875
v 17.7183 -9.55901 10.875
v 17.6513 -9.51208 10.875
v 17.6186 -9.48754 10.875
v 17.6845 -9.53591 10.875
v 17.5888 -9.45932 10.9622
v 17.5959 -9.45044 11.0486
v 17.7204 -9.55584 10.9622
v 17.6535 -9.50902 10.9622
v 17.6209 -9.48452 10.9622
v 17.6867 -9.53279 10.9622
v 17.6603 -9.49983 11.0486
v 17.6278 -9.47548 11.0486
v 17.6933 -9.52347 11.0486
v 17.7267 -9.54637 11.0486
v 17.8942 -9.66315 10.875
v 17.9307 -9.68164 10.875
v 18.0049 -9.71621 10.875
v 17.9676 -9.69933 10.875
v 17.896 -9.65977 10.9622
v 17.9324 -9.67822 10.9622
v 18.0064 -9.71273 10.9622
v 17.9692 -9.69588 10.9622
v 17.9374 -9.66801 11.0486
v 17.974 -9.68556 11.0486
v 18.011 -9.7023 11.0486
v 17.7873 -9.60296 10.875
v 17.7526 -9.58136 10.875
v 17.8225 -9.6238 10.875
v 17.8581 -9.64386 10.875
v 17.7893 -9.59971 10.9622
v 17.7546 -9.57815 10.9622
v 17.8244 -9.6205 10.9622
v 17.86 -9.64053 10.9622
v 17.7607 -9.56855 11.0486
v 17.7952 -9.58997 11.0486
v 17.8301 -9.61064 11.0486
v 17.8655 -9.63054 11.0486
v 17.9012 -9.64967 11.0486
v 18.1187 -9.76192 10.875
v 18.1573 -9.77549 10.875
v 18.0425 -9.73227 10.875
v 18.0804 -9.74751 10.875
v 18.1962 -9.78822 10.875
v 18.2353 -9.80009 10.875
v 18.2747 -9.81111 10.875
v 18.3143 -9.82127 10.875
v 18.12 -9.75835 10.9622
v 18.1585 -9.77189 10.9622
v 18.1622 -9.76111 11.0486
v 18.0439 -9.72876 10.9622
v 18.0818 -9.74397 10.9622
v 18.0483 -9.71824 11.0486
v 18.0859 -9.73336 11.0486
v 18.1239 -9.74765 11.0486
v 18.1973 -9.78459 10.9622
v 18.2364 -9.79644 10.9622
v 18.3152 -9.81757 10.9622
v 18.2757 -9.80744 10.9622
v 18.2007 -9.77373 11.0486
v 18.2396 -9.78551 11.0486
v 18.2786 -9.79644 11.0486
v 17.6714 -9.4846 11.1338
v 17.6393 -9.4605 11.1338
v 17.7041 -9.508 11.1338
v 17.7372 -9.53067 11.1338
v 17.687 -9.46345 11.217
v 17.7191 -9.48651 11.217
v 17.7383 -9.45916 11.2976
v 17.982 -9.66845 11.1338
v 18.0186 -9.68502 11.1338
v 18.0291 -9.66101 11.217
v 17.7709 -9.55262 11.1338
v 17.805 -9.57383 11.1338
v 17.8745 -9.61399 11.1338
v 17.8395 -9.59429 11.1338
v 17.8186 -9.5514 11.217
v 17.8872 -9.59099 11.217
v 17.8527 -9.57157 11.217
v 17.7518 -9.50886 11.217
v 17.785 -9.5305 11.217
v 17.8029 -9.50234 11.2976
v 17.7704 -9.4811 11.2976
v 17.8359 -9.52286 11.2976
v 17.8693 -9.54266 11.2976
v 17.91 -9.63292 11.1338
v 17.9458 -9.65108 11.1338
v 17.9221 -9.60965 11.217
v 17.9574 -9.62755 11.217
v 17.9931 -9.64467 11.217
v 17.9032 -9.56172 11.2976
v 17.9375 -9.58004 11.2976
v 18.0072 -9.61441 11.2976
v 17.9721 -9.59761 11.2976
v 17.7927 -9.44761 11.375
v 17.8245 -9.46837 11.375
v 17.8568 -9.48842 11.375
v 17.8811 -9.44835 11.4486
v 17.99 -9.56148 11.375
v 18.0242 -9.5779 11.375
v 17.9226 -9.5264 11.375
v 17.8895 -9.50777 11.375
v 17.9561 -9.54431 11.375
v 17.9129 -9.46718 11.4486
v 17.9451 -9.48531 11.4486
v 17.9777 -9.50273 11.4486
v 18.0107 -9.51944 11.4486
v 18.0928 -9.71576 11.1338
v 18.0555 -9.70079 11.1338
v 18.0655 -9.67656 11.217
v 18.1023 -9.69131 11.217
v 18.1304 -9.7299 11.1338
v 18.1683 -9.74323 11.1338
v 18.1393 -9.70525 11.217
v 18.1144 -9.66019 11.2976
v 18.1508 -9.67388 11.2976
v 18.2449 -9.76738 11.1338
v 18.2835 -9.7782 11.1338
v 18.2064 -9.75572 11.1338
v 18.1767 -9.71839 11.217
v 18.2143 -9.7307 11.217
v 18.2522 -9.7422 11.217
v 18.2903 -9.75286 11.217
v 18.1874 -9.68677 11.2976
v 18.2243 -9.69886 11.2976
v 18.2615 -9.71014 11.2976
v 18.299 -9.72061 11.2976
v 18.2365 -9.66045 11.375
v 18.2728 -9.67147 11.375
v 18.3094 -9.6817 11.375
v 18.0426 -9.63045 11.2976
v 18.0783 -9.64571 11.2976
v 18.0937 -9.6085 11.375
v 18.0588 -9.59358 11.375
v 18.129 -9.62265 11.375
v 18.1645 -9.63603 11.375
v 18.0777 -9.55068 11.4486
v 18.1117 -9.56519 11.4486
v 18.146 -9.57896 11.4486
v 18.044 -9.53542 11.4486
v 18.2004 -9.64863 11.375
v 18.2154 -9.60424 11.4486
v 18.1806 -9.59198 11.4486
v 18.2506 -9.61574 11.4486
v 18.2859 -9.62647 11.4486
v 18.0023 -9.45562 11.5178
v 18.0991 -9.50207 11.5178
v 18.0665 -9.48729 11.5178
v 18.0342 -9.47181 11.5178
v 18.132 -9.51613 11.5178
v 18.1652 -9.52947 11.5178
v 18.1228 -9.44812 11.5821
v 18.1546 -9.46168 11.5821
v 18.2325 -9.55395 11.5178
v 18.2665 -9.56509 11.5178
v 18.3008 -9.57548 11.5178
v 18.1987 -9.54208 11.5178
v 18.1866 -9.47454 11.5821
v 18.2189 -9.48669 11.5821
v 18.2514 -9.49814 11.5821
v 18.3173 -9.5189 11.5821
v 18.2843 -9.50888 11.5821
v 18.3036 -9.44754 11.641
v 17.3503 -9.23627 10.875
v 17.3776 -9.26673 10.875
v 17.4056 -9.29659 10.875
v 17.4342 -9.32583 10.875
v 17.3804 -9.26416 10.9622
v 17.3532 -9.23376 10.9622
v 17.4083 -9.29396 10.9622
v 17.4369 -9.32313 10.9622
v 17.4165 -9.28608 11.0486
v 17.4449 -9.31508 11.0486
v 17.3888 -9.25647 11.0486
v 17.2725 -9.14143 10.875
v 17.2977 -9.17361 10.875
v 17.2241 -9.07546 10.875
v 17.201 -9.04169 10.875
v 17.2479 -9.10871 10.875
v 17.3237 -9.20523 10.875
v 17.2755 -9.13911 10.9622
v 17.3007 -9.17122 10.9622
v 17.3096 -9.1641 11.0486
v 17.2845 -9.13218 11.0486
v 17.2042 -9.03958 10.9622
v 17.2272 -9.07327 10.9622
v 17.251 -9.10646 10.9622
v 17.2365 -9.06674 11.0486
v 17.2136 -9.03325 11.0486
v 17.2602 -9.09972 11.0486
v 17.3266 -9.20278 10.9622
v 17.3353 -9.19546 11.0486
v 17.3617 -9.22626 11.0486
v 17.5237 -9.4097 10.875
v 17.4933 -9.38239 10.875
v 17.4634 -9.35443 10.875
v 17.5548 -9.43633 10.875
v 17.5262 -9.40684 10.9622
v 17.466 -9.35168 10.9622
v 17.4958 -9.37959 10.9622
v 17.5572 -9.43342 10.9622
v 17.4739 -9.34346 11.0486
v 17.5035 -9.37119 11.0486
v 17.5645 -9.4247 11.0486
v 17.5337 -9.39828 11.0486
v 17.1786 -9.00744 10.875
v 17.1819 -9.00539 10.9622
v 17.1915 -8.99927 11.0486
v 17.4583 -9.30173 11.1338
v 17.4027 -9.24371 11.1338
v 17.4302 -9.27302 11.1338
v 17.4491 -9.25488 11.217
v 17.2293 -9.02276 11.1338
v 17.2754 -9.08856 11.1338
v 17.2995 -9.12068 11.1338
v 17.252 -9.05591 11.1338
v 17.2735 -9.04086 11.217
v 17.2966 -9.07305 11.217
v 17.3498 -9.18332 11.1338
v 17.3759 -9.21381 11.1338
v 17.3243 -9.15228 11.1338
v 17.3447 -9.13586 11.217
v 17.3699 -9.16646 11.217
v 17.4221 -9.22599 11.217
v 17.3956 -9.19651 11.217
v 17.4467 -9.20343 11.2976
v 17.4207 -9.1745 11.2976
v 17.3954 -9.145 11.2976
v 17.3203 -9.10472 11.217
v 17.3468 -9.08439 11.2976
v 17.3708 -9.11496 11.2976
v 17.3235 -9.0533 11.2976
v 17.451 -9.14794 11.375
v 17.3788 -9.05987 11.375
v 17.356 -9.02948 11.375
v 17.4022 -9.08975 11.375
v 17.4263 -9.11911 11.375
v 17.4159 -9.03133 11.4486
v 17.4388 -9.06041 11.4486
v 17.5163 -9.35727 11.1338
v 17.5767 -9.41023 11.1338
v 17.5935 -9.39013 11.217
v 17.5462 -9.38408 11.1338
v 17.5635 -9.36436 11.217
v 17.534 -9.33793 11.217
v 17.5855 -9.33926 11.2976
v 17.487 -9.32982 11.1338
v 17.5051 -9.31087 11.217
v 17.4768 -9.28318 11.217
v 17.5282 -9.28675 11.2976
v 17.5004 -9.25957 11.2976
v 17.5566 -9.31332 11.2976
v 17.6077 -9.43571 11.1338
v 17.6241 -9.41525 11.217
v 17.6553 -9.43969 11.217
v 17.615 -9.36456 11.2976
v 17.645 -9.38921 11.2976
v 17.7067 -9.43653 11.2976
v 17.6756 -9.41321 11.2976
v 17.5561 -9.25765 11.375
v 17.5838 -9.28362 11.375
v 17.6703 -9.3578 11.375
v 17.7305 -9.40404 11.375
v 17.7001 -9.38125 11.375
v 17.7287 -9.34406 11.4486
v 17.6121 -9.30897 11.375
v 17.6409 -9.3337 11.375
v 17.671 -9.2978 11.4486
v 17.6154 -9.24906 11.4486
v 17.643 -9.27373 11.4486
v 17.6996 -9.32124 11.4486
v 17.4732 -9.2318 11.2976
v 17.5289 -9.23109 11.375
v 17.5023 -9.20394 11.375
v 17.4764 -9.17622 11.375
v 17.5109 -9.14455 11.4486
v 17.5621 -9.19795 11.4486
v 17.5885 -9.22379 11.4486
v 17.5362 -9.17153 11.4486
v 17.4863 -9.11703 11.4486
v 17.4622 -9.08898 11.4486
v 17.7052 -9.25711 11.5178
v 17.678 -9.2338 11.5178
v 17.7328 -9.27983 11.5178
v 17.5996 -9.16039 11.5178
v 17.5746 -9.1348 11.5178
v 17.5262 -9.08202 11.5178
v 17.4802 -9.02717 11.5178
v 17.5029 -9.05484 11.5178
v 17.5501 -9.10867 11.5178
v 17.5935 -9.06886 11.5821
v 17.5705 -9.04316 11.5821
v 17.6252 -9.18543 11.5178
v 17.6513 -9.2099 11.5178
v 17.666 -9.14286 11.5821
v 17.743 -9.21196 11.5821
v 17.7168 -9.18949 11.5821
v 17.6911 -9.16645 11.5821
v 17.6171 -9.09405 11.5821
v 17.6413 -9.11872 11.5821
v 17.6636 -9.04957 11.641
v 17.641 -9.0254 11.641
v 17.7346 -9.11903 11.641
v 17.7104 -9.0964 11.641
v 17.6868 -9.07324 11.641
v 17.7357 -9.0243 11.6942
v 17.2074 -8.98913 11.1338
v 17.2295 -8.97503 11.217
v 17.1862 -8.95502 11.1338
v 17.2086 -8.94141 11.217
v 17.2511 -9.00819 11.217
v 17.2371 -8.9241 11.2976
v 17.2789 -8.98964 11.2976
v 17.3008 -9.02172 11.2976
v 17.2577 -8.9571 11.2976
v 17.1884 -8.90735 11.217
v 17.2173 -8.89065 11.2976
v 17.1983 -8.85679 11.2976
v 17.18 -8.82252 11.2976
v 17.3124 -8.96726 11.375
v 17.2916 -8.93545 11.375
v 17.2336 -8.83741 11.375
v 17.2716 -8.9032 11.375
v 17.2522 -8.87051 11.375
v 17.3116 -8.87888 11.4486
v 17.2747 -8.81487 11.4486
v 17.2928 -8.84708 11.4486
v 17.3338 -8.99861 11.375
v 17.3722 -8.97173 11.4486
v 17.3514 -8.94122 11.4486
v 17.3938 -9.00177 11.4486
v 17.3312 -8.91027 11.4486
v 17.1985 -8.77004 11.375
v 17.2157 -8.80392 11.375
v 17.1821 -8.73579 11.375
v 17.2406 -8.7493 11.4486
v 17.2246 -8.71598 11.4486
v 17.2573 -8.78227 11.4486
v 17.2093 -8.68231 11.4486
v 17.1948 -8.64832 11.4486
v 17.181 -8.61403 11.4486
v 17.4581 -8.999 11.5178
v 17.4366 -8.97037 11.5178
v 17.4157 -8.94126 11.5178
v 17.376 -8.88173 11.5178
v 17.3388 -8.82052 11.5178
v 17.3571 -8.85133 11.5178
v 17.3955 -8.91172 11.5178
v 17.4445 -8.87897 11.5821
v 17.4074 -8.82076 11.5821
v 17.4257 -8.85007 11.5821
v 17.3044 -8.75775 11.5178
v 17.2882 -8.72582 11.5178
v 17.2439 -8.628 11.5178
v 17.2727 -8.69354 11.5178
v 17.2579 -8.66092 11.5178
v 17.3119 -8.63719 11.5821
v 17.2983 -8.60545 11.5821
v 17.3213 -8.78932 11.5178
v 17.3729 -8.76098 11.5821
v 17.3567 -8.73054 11.5821
v 17.3899 -8.79105 11.5821
v 17.4456 -8.75889 11.641
v 17.4293 -8.73004 11.641
v 17.3411 -8.69975 11.5821
v 17.3261 -8.66863 11.5821
v 17.3844 -8.64145 11.641
v 17.3708 -8.61128 11.641
v 17.4137 -8.70084 11.641
v 17.3987 -8.6713 11.641
v 17.4471 -8.6122 11.6942
v 17.5261 -8.99028 11.5821
v 17.4841 -8.93552 11.5821
v 17.5048 -8.96313 11.5821
v 17.548 -9.01696 11.5821
v 17.5973 -8.97562 11.641
v 17.5559 -8.92397 11.641
v 17.5763 -8.95002 11.641
v 17.464 -8.90746 11.5821
v 17.5167 -8.87057 11.641
v 17.4799 -8.81551 11.641
v 17.498 -8.84324 11.641
v 17.536 -8.89748 11.641
v 17.6189 -9.00075 11.641
v 17.5918 -8.85656 11.6942
v 17.5734 -8.83087 11.6942
v 17.6709 -8.95511 11.6942
v 17.6503 -8.93113 11.6942
v 17.692 -8.97864 11.6942
v 17.7136 -9.00171 11.6942
v 17.6303 -8.9067 11.6942
v 17.6108 -8.88184 11.6942
v 17.6691 -8.83705 11.741
v 17.6511 -8.81305 11.741
v 17.7067 -8.88383 11.741
v 17.7262 -8.9066 11.741
v 17.6877 -8.86064 11.741
v 17.4624 -8.78739 11.641
v 17.5216 -8.75148 11.6942
v 17.5055 -8.72429 11.6942
v 17.5556 -8.80479 11.6942
v 17.5383 -8.77832 11.6942
v 17.6003 -8.73879 11.741
v 17.5845 -8.71331 11.741
v 17.49 -8.69675 11.6942
v 17.4751 -8.66888 11.6942
v 17.4608 -8.64069 11.6942
v 17.5268 -8.60815 11.741
v 17.5545 -8.66136 11.741
v 17.5692 -8.6875 11.741
v 17.5404 -8.6349 11.741
v 17.6337 -8.78867 11.741
v 17.6167 -8.76391 11.741
v 17.7305 -8.78994 11.7813
v 17.7135 -8.76729 11.7813
v 17.6971 -8.74428 11.7813
v 17.6811 -8.72092 11.7813
v 17.6656 -8.69721 11.7813
v 17.6507 -8.67317 11.7813
v 17.6362 -8.64881 11.7813
v 17.6223 -8.62414 11.7813
v 17.706 -8.60851 11.8147
v 17.7336 -8.6539 11.8147
v 17.7196 -8.63136 11.8147
v 17.7614 -9.42616 11.375
v 17.7582 -9.36624 11.4486
v 17.7883 -9.38777 11.4486
v 17.8497 -9.42883 11.4486
v 17.8188 -9.40864 11.4486
v 17.8483 -9.36448 11.5178
v 17.8187 -9.34426 11.5178
v 17.8783 -9.38404 11.5178
v 17.761 -9.30193 11.5178
v 17.7896 -9.32341 11.5178
v 17.7697 -9.23386 11.5821
v 17.7969 -9.25517 11.5821
v 17.881 -9.31547 11.5821
v 17.8525 -9.29599 11.5821
v 17.8245 -9.27588 11.5821
v 17.9087 -9.40295 11.5178
v 17.9395 -9.42119 11.5178
v 17.9392 -9.35256 11.5821
v 17.9707 -9.43875 11.5178
v 18.0295 -9.40335 11.5821
v 17.9689 -9.37014 11.5821
v 17.999 -9.38708 11.5821
v 17.9099 -9.33434 11.5821
v 17.9168 -9.26199 11.641
v 17.8894 -9.2433 11.641
v 17.9445 -9.28009 11.641
v 17.9726 -9.29757 11.641
v 18.03 -9.33068 11.641
v 18.0011 -9.31444 11.641
v 18.0085 -9.23841 11.6942
v 17.81 -9.1837 11.641
v 17.7593 -9.14113 11.641
v 17.7844 -9.16269 11.641
v 17.836 -9.20414 11.641
v 17.8625 -9.22401 11.641
v 17.8782 -9.14923 11.6942
v 17.8533 -9.12972 11.6942
v 17.8049 -9.0891 11.6942
v 17.7583 -9.0464 11.6942
v 17.7814 -9.068 11.6942
v 17.8289 -9.10967 11.6942
v 17.8762 -9.05331 11.741
v 17.8534 -9.03378 11.741
v 17.9552 -9.20445 11.6942
v 17.9291 -9.1866 11.6942
v 17.9034 -9.1682 11.6942
v 17.9817 -9.22172 11.6942
v 18.0212 -9.15966 11.741
v 17.9961 -9.14327 11.741
v 17.923 -9.09086 11.741
v 17.9469 -9.10886 11.741
v 17.8994 -9.07234 11.741
v 17.9713 -9.12633 11.741
v 17.9927 -9.04646 11.7813
v 17.9701 -9.02947 11.7813
v 18.0157 -9.06295 11.7813
v 18.0603 -9.41895 11.5821
v 18.0914 -9.43388 11.5821
v 18.0592 -9.34629 11.641
v 18.0887 -9.36126 11.641
v 18.1186 -9.37558 11.641
v 18.1487 -9.38925 11.641
v 18.2099 -9.41459 11.641
v 18.1792 -9.40225 11.641
v 18.2409 -9.42625 11.641
v 18.2721 -9.43724 11.641
v 18.0911 -9.2849 11.6942
v 18.0633 -9.27001 11.6942
v 18.0357 -9.2545 11.6942
v 18.1193 -9.29919 11.6942
v 18.1478 -9.31286 11.6942
v 18.1519 -9.2332 11.741
v 18.2057 -9.33831 11.6942
v 18.235 -9.35008 11.6942
v 18.2646 -9.36122 11.6942
v 18.2944 -9.3717 11.6942
v 18.1766 -9.3259 11.6942
v 18.2062 -9.25855 11.741
v 18.1789 -9.24617 11.741
v 18.2338 -9.27033 11.741
v 18.2897 -9.29208 11.741
v 18.2616 -9.28151 11.741
v 18.0986 -9.2055 11.741
v 18.0725 -9.19078 11.741
v 18.0467 -9.1755 11.741
v 18.1251 -9.21964 11.741
v 18.1359 -9.13766 11.7813
v 18.1608 -9.151 11.7813
v 18.0628 -9.0944 11.7813
v 18.0391 -9.07893 11.7813
v 18.0868 -9.10935 11.7813
v 18.1112 -9.12377 11.7813
v 18.1286 -9.04045 11.8147
v 18.1061 -9.02642 11.8147
v 18.1515 -9.05397 11.8147
v 18.2374 -9.18773 11.7813
v 18.1861 -9.1638 11.7813
v 18.2116 -9.17604 11.7813
v 18.2634 -9.19884 11.7813
v 18.3162 -9.21936 11.7813
v 18.2897 -9.20939 11.7813
v 18.198 -9.07951 11.8147
v 18.2457 -9.10299 11.8147
v 18.2217 -9.09151 11.8147
v 18.1746 -9.06699 11.8147
v 18.2698 -9.11395 11.8147
v 18.2943 -9.12438 11.8147
v 18.2808 -9.02759 11.8409
v 18.3034 -9.0378 11.8409
v 17.8092 -8.99325 11.741
v 17.7877 -8.97227 11.741
v 17.7668 -8.95083 11.741
v 17.7462 -8.92894 11.741
v 17.8311 -9.01376 11.741
v 17.8424 -8.91755 11.7813
v 17.8833 -8.9567 11.7813
v 17.8627 -8.93735 11.7813
v 17.8033 -8.87666 11.7813
v 17.766 -8.83409 11.7813
v 17.748 -8.81221 11.7813
v 17.7844 -8.85558 11.7813
v 17.8226 -8.89732 11.7813
v 17.8809 -8.84159 11.8147
v 17.8627 -8.82221 11.8147
v 17.9044 -8.9756 11.7813
v 17.9478 -9.01199 11.7813
v 17.9259 -8.99403 11.7813
v 17.9777 -8.93229 11.8147
v 18.0191 -8.96553 11.8147
v 17.9982 -8.94913 11.8147
v 17.9184 -8.87913 11.8147
v 17.9576 -8.915 11.8147
v 17.9378 -8.89728 11.8147
v 17.8994 -8.86056 11.8147
v 17.994 -8.83594 11.8409
v 17.976 -8.81903 11.8409
v 18.0124 -8.85245 11.8409
v 17.8109 -8.76176 11.8147
v 17.7785 -8.71964 11.8147
v 17.7945 -8.74088 11.8147
v 17.845 -8.80244 11.8147
v 17.8277 -8.78229 11.8147
v 17.8758 -8.70968 11.8409
v 17.7631 -8.69805 11.8147
v 17.7481 -8.67614 11.8147
v 17.8037 -8.6092 11.8409
v 17.8456 -8.67044 11.8409
v 17.8605 -8.69023 11.8409
v 17.8312 -8.65033 11.8409
v 17.8173 -8.62992 11.8409
v 17.9583 -8.80173 11.8409
v 17.941 -8.78405 11.8409
v 17.9241 -8.766 11.8409
v 17.9075 -8.74758 11.8409
v 17.8914 -8.7288 11.8409
v 17.9869 -8.70846 11.8598
v 18.0185 -8.74151 11.8598
v 18.0025 -8.72515 11.8598
v 17.9567 -8.67406 11.8598
v 17.9422 -8.65637 11.8598
v 17.9143 -8.62008 11.8598
v 17.9281 -8.63838 11.8598
v 17.9716 -8.69142 11.8598
v 18.0229 -8.61846 11.8712
v 18.0096 -8.60224 11.8712
v 18.0619 -8.99692 11.8147
v 18.0404 -8.98146 11.8147
v 18.0839 -9.01192 11.8147
v 18.1301 -8.94274 11.8409
v 18.1097 -8.92877 11.8409
v 18.1718 -8.96932 11.8409
v 18.1508 -8.95625 11.8409
v 18.0503 -8.88425 11.8409
v 18.0312 -8.86856 11.8409
v 18.0896 -8.91436 11.8409
v 18.0698 -8.89952 11.8409
v 18.1216 -8.83195 11.8598
v 18.1036 -8.81782 11.8598
v 18.1585 -8.859 11.8598
v 18.1399 -8.84568 11.8598
v 18.1931 -8.98192 11.8409
v 18.2365 -9.00571 11.8409
v 18.2146 -8.99405 11.8409
v 18.2585 -9.01689 11.8409
v 18.2758 -8.93016 11.8598
v 18.2556 -8.91938 11.8598
v 18.3168 -8.9504 11.8598
v 18.2962 -8.9405 11.8598
v 18.1966 -8.88442 11.8598
v 18.1774 -8.87192 11.8598
v 18.2357 -8.90816 11.8598
v 18.216 -8.8965 11.8598
v 18.2789 -8.83325 11.8712
v 18.2609 -8.82256 11.8712
v 18.3157 -8.85344 11.8712
v 18.2972 -8.84355 11.8712
v 18.0515 -8.77314 11.8598
v 18.0859 -8.80331 11.8598
v 18.0686 -8.78842 11.8598
v 18.0348 -8.75751 11.8598
v 18.1256 -8.72339 11.8712
v 18.11 -8.70938 11.8712
v 18.1578 -8.75037 11.8712
v 18.1415 -8.73705 11.8712
v 18.065 -8.66534 11.8712
v 18.0947 -8.69503 11.8712
v 18.0797 -8.68035 11.8712
v 18.0506 -8.65002 11.8712
v 18.0366 -8.63439 11.8712
v 18.1279 -8.60507 11.875
v 18.1689 -8.64512 11.875
v 18.1549 -8.63207 11.875
v 18.1413 -8.61872 11.875
v 18.2081 -8.78815 11.8712
v 18.1911 -8.77593 11.8712
v 18.1743 -8.76333 11.8712
v 18.243 -8.81147 11.8712
v 18.2255 -8.8 11.8712
v 18.2739 -8.72754 11.875
v 18.2581 -8.71676 11.875
v 18.3061 -8.74805 11.875
v 18.2899 -8.73797 11.875
v 18.1976 -8.67029 11.875
v 18.1831 -8.65786 11.875
v 18.2426 -8.70564 11.875
v 18.2273 -8.69418 11.875
v 18.2123 -8.6824 11.875
v 16.9718 -8.56382 10.875
v 16.9599 -8.52468 10.875
v 16.9489 -8.48529 10.875
v 16.9387 -8.44566 10.875
v 16.9294 -8.40582 10.875
v 16.9881 -8.60148 10.9622
v 16.9754 -8.56268 10.9622
v 16.9636 -8.52361 10.9622
v 16.9863 -8.55925 11.0486
v 16.9989 -8.59782 11.0486
v 16.9745 -8.52043 11.0486
v 16.9526 -8.4843 10.9622
v 16.9424 -8.44476 10.9622
v 16.9332 -8.405 10.9622
v 16.9535 -8.44205 11.0486
v 16.9443 -8.40254 11.0486
v 16.9636 -8.48135 11.0486
v 16.921 -8.36579 10.875
v 16.9135 -8.32559 10.875
v 16.9068 -8.28523 10.875
v 16.901 -8.24474 10.875
v 16.8961 -8.20413 10.875
v 16.9248 -8.36505 10.9622
v 16.9172 -8.32493 10.9622
v 16.9359 -8.36283 11.0486
v 16.9284 -8.32295 11.0486
v 16.9106 -8.28465 10.9622
v 16.9048 -8.24424 10.9622
v 16.8999 -8.20371 10.9622
v 16.9218 -8.28292 11.0486
v 16.9161 -8.24275 11.0486
v 16.9112 -8.20247 11.0486
v 16.8854 -8.0409 10.875
v 16.885 -8.00205 10.875
v 16.8921 -8.16342 10.875
v 16.889 -8.12263 10.875
v 16.8868 -8.08179 10.875
v 16.8959 -8.16308 10.9622
v 16.8928 -8.12238 10.9622
v 16.8906 -8.08162 10.9622
v 16.9073 -8.16209 11.0486
v 16.9042 -8.12164 11.0486
v 16.902 -8.08112 11.0486
v 16.8892 -8.04082 10.9622
v 16.8888 -8.00205 10.9622
v 16.9006 -8.04057 11.0486
v 16.9002 -8.00205 11.0486
v 17.0168 -8.59175 11.1338
v 17.0043 -8.55358 11.1338
v 16.9926 -8.51514 11.1338
v 17.0293 -8.54569 11.217
v 17.0178 -8.5078 11.217
v 16.9818 -8.47647 11.1338
v 17.0071 -8.46968 11.217
v 16.9718 -8.43756 11.1338
v 16.9627 -8.39845 11.1338
v 16.9883 -8.39277 11.217
v 16.9973 -8.43133 11.217
v 17.0416 -8.58331 11.217
v 17.0732 -8.57258 11.2976
v 17.0611 -8.53565 11.2976
v 17.0499 -8.49846 11.2976
v 17.0394 -8.46104 11.2976
v 17.0297 -8.42339 11.2976
v 17.0996 -8.52354 11.375
v 17.124 -8.59547 11.375
v 17.1114 -8.55963 11.375
v 17.168 -8.57943 11.4486
v 17.1558 -8.54457 11.4486
v 17.1443 -8.50944 11.4486
v 17.0885 -8.48719 11.375
v 17.0783 -8.45061 11.375
v 17.0689 -8.41382 11.375
v 17.1335 -8.47407 11.4486
v 17.1236 -8.43848 11.4486
v 17.1144 -8.40268 11.4486
v 16.9544 -8.35915 11.1338
v 16.947 -8.31967 11.1338
v 16.9802 -8.35403 11.217
v 16.9729 -8.31512 11.217
v 17.0209 -8.38555 11.2976
v 17.0129 -8.34752 11.2976
v 17.0058 -8.30932 11.2976
v 16.9405 -8.28005 11.1338
v 16.9348 -8.24029 11.1338
v 16.93 -8.20042 11.1338
v 16.9561 -8.19756 11.217
v 16.9664 -8.27606 11.217
v 16.9608 -8.23687 11.217
v 16.9994 -8.27098 11.2976
v 16.9893 -8.19393 11.2976
v 16.9939 -8.23251 11.2976
v 17.0293 -8.18954 11.375
v 17.0602 -8.37683 11.375
v 17.0524 -8.33966 11.375
v 17.0454 -8.30233 11.375
v 17.0984 -8.33051 11.4486
v 17.0916 -8.29419 11.4486
v 17.106 -8.36668 11.4486
v 17.0392 -8.26485 11.375
v 17.0339 -8.22725 11.375
v 17.0856 -8.25772 11.4486
v 17.0803 -8.22113 11.4486
v 17.0759 -8.18444 11.4486
v 17.166 -8.39005 11.5178
v 17.1579 -8.35519 11.5178
v 17.1505 -8.32015 11.5178
v 17.1439 -8.28496 11.5178
v 17.1381 -8.24964 11.5178
v 17.133 -8.2142 11.5178
v 16.9261 -8.16045 11.1338
v 16.9522 -8.15816 11.217
v 16.9208 -8.0803 11.1338
v 16.923 -8.1204 11.1338
v 16.9492 -8.11869 11.217
v 16.947 -8.07916 11.217
v 16.9855 -8.15525 11.2976
v 16.9825 -8.1165 11.2976
v 16.9804 -8.0777 11.2976
v 16.9195 -8.04016 11.1338
v 16.9457 -8.03959 11.217
v 16.9191 -8.00204 11.1338
v 16.9453 -8.00204 11.217
v 16.9791 -8.03886 11.2976
v 16.9787 -8.00203 11.2976
v 17.0256 -8.15174 11.375
v 17.0227 -8.11387 11.375
v 17.0206 -8.07594 11.375
v 17.0194 -8.03798 11.375
v 17.019 -8.00202 11.375
v 17.0723 -8.14766 11.4486
v 17.0695 -8.1108 11.4486
v 17.0675 -8.0739 11.4486
v 17.0663 -8.03696 11.4486
v 17.0658 -8.00201 11.4486
v 17.1287 -8.17866 11.5178
v 17.1252 -8.14303 11.5178
v 17.1225 -8.10733 11.5178
v 17.1205 -8.07158 11.5178
v 17.1193 -8.0358 11.5178
v 17.119 -8.002 11.5178
v 17.2305 -8.59478 11.5178
v 17.2179 -8.56127 11.5178
v 17.206 -8.5275 11.5178
v 17.2855 -8.57342 11.5821
v 17.2733 -8.54111 11.5821
v 17.2619 -8.50855 11.5821
v 17.1949 -8.49347 11.5178
v 17.1845 -8.45921 11.5178
v 17.1749 -8.42473 11.5178
v 17.2411 -8.44272 11.5821
v 17.2318 -8.40948 11.5821
v 17.2511 -8.47575 11.5821
v 17.3125 -8.45641 11.641
v 17.3028 -8.42472 11.641
v 17.2939 -8.39283 11.641
v 17.3454 -8.5501 11.641
v 17.3577 -8.58083 11.641
v 17.3337 -8.51911 11.641
v 17.3228 -8.48788 11.641
v 17.4217 -8.55435 11.6942
v 17.4341 -8.58341 11.6942
v 17.4099 -8.52502 11.6942
v 17.3785 -8.4356 11.6942
v 17.3693 -8.40535 11.6942
v 17.3988 -8.49544 11.6942
v 17.3883 -8.46563 11.6942
v 17.458 -8.44198 11.741
v 17.4486 -8.41347 11.741
v 17.2232 -8.37604 11.5821
v 17.2154 -8.34243 11.5821
v 17.2083 -8.30865 11.5821
v 17.2857 -8.36076 11.641
v 17.2782 -8.32851 11.641
v 17.2714 -8.29611 11.641
v 17.2019 -8.27473 11.5821
v 17.1963 -8.24067 11.5821
v 17.1914 -8.20651 11.5821
v 17.2653 -8.26356 11.641
v 17.2599 -8.23089 11.641
v 17.2552 -8.19811 11.641
v 17.3608 -8.37492 11.6942
v 17.3529 -8.34431 11.6942
v 17.3458 -8.31353 11.6942
v 17.4399 -8.38476 11.741
v 17.4319 -8.35588 11.741
v 17.4176 -8.2976 11.741
v 17.4244 -8.32682 11.741
v 17.3393 -8.2826 11.6942
v 17.3334 -8.25154 11.6942
v 17.3283 -8.22036 11.6942
v 17.3238 -8.18908 11.6942
v 17.4114 -8.26825 11.741
v 17.4059 -8.23877 11.741
v 17.401 -8.20917 11.741
v 17.5138 -8.5811 11.741
v 17.5014 -8.55378 11.741
v 17.4897 -8.52619 11.741
v 17.4785 -8.49835 11.741
v 17.5962 -8.57392 11.7813
v 17.584 -8.5484 11.7813
v 17.5723 -8.52261 11.7813
v 17.4679 -8.47028 11.741
v 17.5612 -8.49658 11.7813
v 17.5506 -8.47031 11.7813
v 17.5406 -8.44381 11.7813
v 17.5312 -8.41711 11.7813
v 17.609 -8.59917 11.7813
v 17.6685 -8.53827 11.8147
v 17.657 -8.51433 11.8147
v 17.693 -8.58537 11.8147
v 17.6805 -8.56196 11.8147
v 17.7431 -8.50148 11.8409
v 17.6356 -8.46573 11.8147
v 17.646 -8.49015 11.8147
v 17.6257 -8.44109 11.8147
v 17.6164 -8.41625 11.8147
v 17.7324 -8.47917 11.8409
v 17.7222 -8.45664 11.8409
v 17.7033 -8.41094 11.8409
v 17.7125 -8.43389 11.8409
v 17.5224 -8.3902 11.7813
v 17.5142 -8.36311 11.7813
v 17.5066 -8.33585 11.7813
v 17.4996 -8.30843 11.7813
v 17.5993 -8.36596 11.8147
v 17.5916 -8.34056 11.8147
v 17.5844 -8.31499 11.8147
v 17.5779 -8.28927 11.8147
v 17.4931 -8.28086 11.7813
v 17.4873 -8.25315 11.7813
v 17.4821 -8.22533 11.7813
v 17.4775 -8.1974 11.7813
v 17.5718 -8.26341 11.8147
v 17.5664 -8.23743 11.8147
v 17.5615 -8.21133 11.8147
v 17.5571 -8.18514 11.8147
v 17.6076 -8.3912 11.8147
v 17.6715 -8.31728 11.8409
v 17.6648 -8.29345 11.8409
v 17.6946 -8.38779 11.8409
v 17.6864 -8.36445 11.8409
v 17.6787 -8.34095 11.8409
v 17.6587 -8.26949 11.8409
v 17.6531 -8.2454 11.8409
v 17.648 -8.2212 11.8409
v 17.6434 -8.19689 11.8409
v 17.7414 -8.24925 11.8598
v 17.7362 -8.22697 11.8598
v 17.7315 -8.20458 11.8598
v 17.1873 -8.17224 11.5821
v 17.1839 -8.13789 11.5821
v 17.1813 -8.10347 11.5821
v 17.2512 -8.16524 11.641
v 17.248 -8.13228 11.641
v 17.2455 -8.09927 11.641
v 17.1794 -8.06901 11.5821
v 17.1783 -8.03451 11.5821
v 17.1779 -8.00199 11.5821
v 17.2437 -8.06621 11.641
v 17.2426 -8.03311 11.641
v 17.2422 -8.00198 11.641
v 17.3145 -8.09474 11.6942
v 17.3128 -8.06319 11.6942
v 17.3118 -8.0316 11.6942
v 17.3114 -8.00196 11.6942
v 17.32 -8.1577 11.6942
v 17.3169 -8.12625 11.6942
v 17.3968 -8.17947 11.741
v 17.3932 -8.14969 11.741
v 17.3902 -8.11984 11.741
v 17.3879 -8.08993 11.741
v 17.3863 -8.05998 11.741
v 17.3853 -8.03 11.741
v 17.385 -8.00195 11.741
v 17.4735 -8.16937 11.7813
v 17.4701 -8.14127 11.7813
v 17.4673 -8.1131 11.7813
v 17.4652 -8.08487 11.7813
v 17.5534 -8.15885 11.8147
v 17.5502 -8.13249 11.8147
v 17.5476 -8.10607 11.8147
v 17.5456 -8.0796 11.8147
v 17.4636 -8.0566 11.7813
v 17.4627 -8.02831 11.7813
v 17.4624 -8.00193 11.7813
v 17.5441 -8.05309 11.8147
v 17.5433 -8.02655 11.8147
v 17.543 -8.00191 11.8147
v 17.6359 -8.14799 11.8409
v 17.6394 -8.17248 11.8409
v 17.6329 -8.12344 11.8409
v 17.6305 -8.09882 11.8409
v 17.7273 -8.1821 11.8598
v 17.7236 -8.15952 11.8598
v 17.7203 -8.13688 11.8598
v 17.7176 -8.11416 11.8598
v 17.7153 -8.0914 11.8598
v 17.6286 -8.07415 11.8409
v 17.6273 -8.04946 11.8409
v 17.6265 -8.02473 11.8409
v 17.6262 -8.00189 11.8409
v 17.7136 -8.06858 11.8598
v 17.7124 -8.04574 11.8598
v 17.7116 -8.02288 11.8598
v 17.7114 -8.00188 11.8598
v 17.7781 -8.56691 11.8409
v 17.7907 -8.58819 11.8409
v 17.766 -8.54535 11.8409
v 17.7543 -8.52354 11.8409
v 17.8756 -8.56344 11.8598
v 17.8518 -8.52432 11.8598
v 17.8406 -8.50439 11.8598
v 17.8635 -8.54401 11.8598
v 17.8096 -8.44318 11.8598
v 17.8002 -8.42234 11.8598
v 17.7912 -8.4013 11.8598
v 17.8298 -8.48421 11.8598
v 17.8195 -8.46381 11.8598
v 17.888 -8.40662 11.8712
v 17.901 -8.60148 11.8598
v 17.8881 -8.5826 11.8598
v 17.9485 -8.51697 11.8712
v 17.9374 -8.49914 11.8712
v 17.9841 -8.56893 11.8712
v 17.9718 -8.55187 11.8712
v 17.9967 -8.58572 11.8712
v 17.96 -8.53454 11.8712
v 17.9165 -8.46279 11.8712
v 17.9267 -8.48108 11.8712
v 17.9066 -8.44427 11.8712
v 17.8971 -8.42555 11.8712
v 18.022 -8.47014 11.875
v 18.012 -8.45393 11.875
v 17.9929 -8.42087 11.875
v 17.9839 -8.40403 11.875
v 18.0022 -8.4375 11.875
v 17.7746 -8.35866 11.8598
v 17.7827 -8.38007 11.8598
v 17.767 -8.33708 11.8598
v 17.7599 -8.31533 11.8598
v 17.7532 -8.29344 11.8598
v 17.8793 -8.3875 11.8712
v 17.8711 -8.3682 11.8712
v 17.8633 -8.34872 11.8712
v 17.8489 -8.30927 11.8712
v 17.8424 -8.28933 11.8712
v 17.8559 -8.32908 11.8712
v 17.7471 -8.27141 11.8598
v 17.8163 -8.18771 11.8712
v 17.8363 -8.26924 11.8712
v 17.8306 -8.24902 11.8712
v 17.8254 -8.22869 11.8712
v 17.8207 -8.20825 11.8712
v 17.9591 -8.3524 11.875
v 17.9516 -8.33485 11.875
v 17.9445 -8.31713 11.875
v 17.9378 -8.29927 11.875
v 17.9752 -8.387 11.875
v 17.967 -8.36979 11.875
v 17.92 -8.24485 11.875
v 17.9314 -8.28126 11.875
v 17.9255 -8.26312 11.875
v 17.9148 -8.22647 11.875
v 17.9101 -8.20798 11.875
v 17.9057 -8.18938 11.875
v 18.1021 -8.57693 11.875
v 18.0897 -8.56244 11.875
v 18.0658 -8.53267 11.875
v 18.0544 -8.5174 11.875
v 18.0432 -8.50188 11.875
v 18.0776 -8.54768 11.875
v 18.1149 -8.59114 11.875
v 18.0325 -8.48612 11.875
v 17.8125 -8.16708 11.8712
v 17.809 -8.14637 11.8712
v 17.8061 -8.12559 11.8712
v 17.8036 -8.10475 11.8712
v 17.8015 -8.08386 11.8712
v 17.7999 -8.06293 11.8712
v 17.7988 -8.04197 11.8712
v 17.7981 -8.02099 11.8712
v 17.7978 -8.00186 11.8712
v 17.8869 -8.05723 11.875
v 17.8858 -8.03817 11.875
v 17.8852 -8.01909 11.875
v 17.885 -8.00184 11.875
v 17.9018 -8.1707 11.875
v 17.8983 -8.15194 11.875
v 17.8952 -8.13311 11.875
v 17.8925 -8.11421 11.875
v 17.8902 -8.09526 11.875
v 17.8883 -8.07626 11.875
v -0.000267216 7.875 -9.875
v -0.000301148 8.875 -11.875
v -0.000304106 8.96216 -11.8712
v -0.000307041 9.04865 -11.8598
v -0.000309931 9.13382 -11.8409
v -0.000312754 9.21702 -11.8147
v -0.000315489 9.29762 -11.7813
v -0.000318115 9.375 -11.741
v -0.000320611 9.44858 -11.6942
v -0.00032296 9.51779 -11.641
v -0.000325142 9.58211 -11.5821
v -0.000327142 9.64104 -11.5178
v -0.000328944 9.69415 -11.4486
v -0.000330535 9.74102 -11.375
v -0.000331901 9.78131 -11.2976
v -0.000333034 9.81469 -11.217
v -0.000333924 9.84093 -11.1338
v -0.000334565 9.85981 -11.0486
v -0.000334952 9.87119 -10.9622
v -0.000335081 9.875 -10.875
v -0.000267216 7.875 9.875
v -0.000301148 8.875 11.875
v -0.000304106 8.96216 11.8712
v -0.000335081 9.875 10.875
v -0.000334952 9.87119 10.9622
v -0.000334565 9.85981 11.0486
v -0.000307041 9.04865 11.8598
v -0.000309931 9.13382 11.8409
v -0.000312754 9.21702 11.8147
v -0.000315489 9.29762 11.7813
v -0.000318115 9.375 11.741
v -0.000320611 9.44858 11.6942
v -0.000333034 9.81469 11.217
v -0.000333924 9.84093 11.1338
v -0.000331901 9.78131 11.2976
v -0.000330535 9.74102 11.375
v -0.000328944 9.69415 11.4486
v -0.00032296 9.51779 11.641
v -0.000325142 9.58211 11.5821
v -0.000327142 9.64104 11.5178
v 18.885 -16.9994 -9.875
v 18.3353 -9.58513 -11.5178
v 18.3699 -9.59402 -11.5178
v 18.4048 -9.60215 -11.5178
v 18.4398 -9.60951 -11.5178
v 18.4513 -9.55171 -11.5821
v 18.3353 -9.45715 -11.641
v 18.3672 -9.46607 -11.641
v 18.3992 -9.47429 -11.641
v 18.4315 -9.48181 -11.641
v 18.3505 -9.5282 -11.5821
v 18.384 -9.53677 -11.5821
v 18.4176 -9.5446 -11.5821
v 18.475 -9.61611 -11.5178
v 18.5104 -9.62195 -11.5178
v 18.4853 -9.55807 -11.5821
v 18.5193 -9.56369 -11.5821
v 18.5458 -9.627 -11.5178
v 18.5813 -9.63129 -11.5178
v 18.5535 -9.56857 -11.5821
v 18.5878 -9.5727 -11.5821
v 18.5291 -9.50012 -11.641
v 18.4964 -9.49473 -11.641
v 18.4639 -9.48862 -11.641
v 18.5619 -9.5048 -11.641
v 18.5948 -9.50877 -11.641
v 18.6337 -9.44306 -11.6942
v 18.6653 -9.44547 -11.6942
v 18.6968 -9.4472 -11.6942
v 18.7284 -9.44823 -11.6942
v 18.7591 -9.44858 -11.6942
v 18.617 -9.6348 -11.5178
v 18.6527 -9.63753 -11.5178
v 18.6221 -9.57609 -11.5821
v 18.6565 -9.57872 -11.5821
v 18.6884 -9.63948 -11.5178
v 18.7242 -9.64065 -11.5178
v 18.691 -9.5806 -11.5821
v 18.7255 -9.58173 -11.5821
v 18.6277 -9.51201 -11.641
v 18.6607 -9.51454 -11.641
v 18.6938 -9.51634 -11.641
v 18.7269 -9.51743 -11.641
v 18.759 -9.64104 -11.5178
v 18.759 -9.58211 -11.5821
v 18.759 -9.51779 -11.641
v 18.3933 -9.65399 -11.4486
v 18.4295 -9.6616 -11.4486
v 18.3462 -9.69113 -11.375
v 18.3832 -9.69976 -11.375
v 18.4203 -9.70757 -11.375
v 18.4577 -9.71458 -11.375
v 18.4658 -9.66841 -11.4486
v 18.5023 -9.67443 -11.4486
v 18.5389 -9.67966 -11.4486
v 18.5756 -9.68408 -11.4486
v 18.4951 -9.72076 -11.375
v 18.5328 -9.72613 -11.375
v 18.5705 -9.73068 -11.375
v 18.3287 -9.76269 -11.217
v 18.3672 -9.77168 -11.217
v 18.3224 -9.78817 -11.1338
v 18.3616 -9.79729 -11.1338
v 18.4403 -9.81296 -11.1338
v 18.406 -9.77982 -11.217
v 18.4449 -9.78712 -11.217
v 18.4009 -9.80555 -11.1338
v 18.3366 -9.73026 -11.2976
v 18.3745 -9.73908 -11.2976
v 18.4125 -9.74708 -11.2976
v 18.4507 -9.75425 -11.2976
v 18.489 -9.76058 -11.2976
v 18.5275 -9.76607 -11.2976
v 18.5661 -9.77072 -11.2976
v 18.48 -9.8195 -11.1338
v 18.5197 -9.82518 -11.1338
v 18.4839 -9.79357 -11.217
v 18.5231 -9.79917 -11.217
v 18.5596 -9.82998 -11.1338
v 18.5996 -9.83392 -11.1338
v 18.5624 -9.80391 -11.217
v 18.6018 -9.80779 -11.217
v 18.3215 -9.63643 -11.4486
v 18.3573 -9.6456 -11.4486
v 18.6123 -9.68771 -11.4486
v 18.6492 -9.69053 -11.4486
v 18.6861 -9.69254 -11.4486
v 18.723 -9.69375 -11.4486
v 18.6083 -9.7344 -11.375
v 18.6461 -9.7373 -11.375
v 18.6841 -9.73937 -11.375
v 18.722 -9.74061 -11.375
v 18.759 -9.69415 -11.4486
v 18.759 -9.74102 -11.375
v 18.6047 -9.77453 -11.2976
v 18.6435 -9.77749 -11.2976
v 18.6823 -9.77961 -11.2976
v 18.7211 -9.78088 -11.2976
v 18.6413 -9.81081 -11.217
v 18.6396 -9.83698 -11.1338
v 18.6808 -9.81297 -11.217
v 18.7204 -9.81426 -11.217
v 18.6797 -9.83917 -11.1338
v 18.7198 -9.84049 -11.1338
v 18.759 -9.78131 -11.2976
v 18.759 -9.81469 -11.217
v 18.759 -9.84093 -11.1338
v 18.5969 -9.86407 -10.9622
v 18.5559 -9.86386 -10.875
v 18.5966 -9.86786 -10.875
v 18.6376 -9.86719 -10.9622
v 18.6784 -9.86941 -10.9622
v 18.7192 -9.87075 -10.9622
v 18.759 -9.87119 -10.9622
v 18.6374 -9.87099 -10.875
v 18.6782 -9.87322 -10.875
v 18.7191 -9.87455 -10.875
v 18.759 -9.875 -10.875
v 18.3575 -9.81572 -11.0486
v 18.3179 -9.80651 -11.0486
v 18.3972 -9.82407 -11.0486
v 18.437 -9.83155 -11.0486
v 18.355 -9.82684 -10.9622
v 18.3949 -9.83524 -10.9622
v 18.4351 -9.84277 -10.9622
v 18.4771 -9.83816 -11.0486
v 18.5172 -9.8439 -11.0486
v 18.5575 -9.84875 -11.0486
v 18.5979 -9.85273 -11.0486
v 18.4753 -9.84942 -10.9622
v 18.5158 -9.85519 -10.9622
v 18.5563 -9.86007 -10.9622
v 18.3542 -9.83055 -10.875
v 18.3942 -9.83897 -10.875
v 18.4344 -9.84651 -10.875
v 18.4748 -9.85318 -10.875
v 18.5153 -9.85896 -10.875
v 18.6384 -9.85583 -11.0486
v 18.6789 -9.85804 -11.0486
v 18.7194 -9.85937 -11.0486
v 18.759 -9.85981 -11.0486
v 18.3851 -9.39922 -11.6942
v 18.3546 -9.39071 -11.6942
v 18.3244 -9.38153 -11.6942
v 18.4157 -9.40706 -11.6942
v 18.4465 -9.41424 -11.6942
v 18.3465 -9.31136 -11.741
v 18.318 -9.30203 -11.741
v 18.3752 -9.32007 -11.741
v 18.3698 -9.23756 -11.7813
v 18.4041 -9.32815 -11.741
v 18.4332 -9.3356 -11.741
v 18.4242 -9.2534 -11.7813
v 18.3969 -9.24578 -11.7813
v 18.4516 -9.26043 -11.7813
v 18.4774 -9.42074 -11.6942
v 18.5085 -9.42657 -11.6942
v 18.4918 -9.34858 -11.741
v 18.4624 -9.34241 -11.741
v 18.5212 -9.35411 -11.741
v 18.5396 -9.43172 -11.6942
v 18.6023 -9.43997 -11.6942
v 18.5709 -9.43618 -11.6942
v 18.5508 -9.359 -11.741
v 18.5805 -9.36324 -11.741
v 18.4791 -9.26686 -11.7813
v 18.5068 -9.27269 -11.7813
v 18.5906 -9.28652 -11.7813
v 18.5626 -9.28252 -11.7813
v 18.5347 -9.2779 -11.7813
v 18.3438 -9.14363 -11.8147
v 18.3189 -9.13427 -11.8147
v 18.3688 -9.15243 -11.8147
v 18.4194 -9.1684 -11.8147
v 18.394 -9.16069 -11.8147
v 18.445 -9.17555 -11.8147
v 18.3429 -9.22875 -11.7813
v 18.3491 -9.05673 -11.8409
v 18.3261 -9.04751 -11.8409
v 18.3722 -9.06544 -11.8409
v 18.4191 -9.08134 -11.8409
v 18.4427 -9.08852 -11.8409
v 18.3955 -9.07365 -11.8409
v 18.4707 -9.18214 -11.8147
v 18.5226 -9.19363 -11.8147
v 18.4966 -9.18817 -11.8147
v 18.5487 -9.19853 -11.8147
v 18.6011 -9.20661 -11.8147
v 18.5749 -9.20286 -11.8147
v 18.4905 -9.10133 -11.8409
v 18.4665 -9.09519 -11.8409
v 18.5146 -9.10694 -11.8409
v 18.5631 -9.11659 -11.8409
v 18.5388 -9.11203 -11.8409
v 18.5875 -9.12062 -11.8409
v 18.5554 -9.0285 -11.8598
v 18.533 -9.02379 -11.8598
v 18.6005 -9.03644 -11.8598
v 18.5779 -9.03272 -11.8598
v 18.6103 -9.36683 -11.741
v 18.6701 -9.37206 -11.741
v 18.6402 -9.36977 -11.741
v 18.7 -9.37369 -11.741
v 18.73 -9.37467 -11.741
v 18.6187 -9.28991 -11.7813
v 18.6469 -9.29268 -11.7813
v 18.7034 -9.29638 -11.7813
v 18.6751 -9.29484 -11.7813
v 18.7317 -9.29731 -11.7813
v 18.7591 -9.375 -11.741
v 18.7591 -9.29762 -11.7813
v 18.6275 -9.20979 -11.8147
v 18.6539 -9.21239 -11.8147
v 18.6366 -9.12708 -11.8409
v 18.6612 -9.1295 -11.8409
v 18.7069 -9.21586 -11.8147
v 18.6804 -9.21441 -11.8147
v 18.7334 -9.21673 -11.8147
v 18.7105 -9.13274 -11.8409
v 18.6858 -9.13139 -11.8409
v 18.7353 -9.13355 -11.8409
v 18.612 -9.12412 -11.8409
v 18.6231 -9.03968 -11.8598
v 18.6686 -9.04466 -11.8598
v 18.6458 -9.04242 -11.8598
v 18.6914 -9.0464 -11.8598
v 18.7371 -9.0484 -11.8598
v 18.7143 -9.04765 -11.8598
v 18.7591 -9.21702 -11.8147
v 18.7591 -9.13382 -11.8409
v 18.7591 -9.04865 -11.8598
v 18.3799 -8.97735 -11.8598
v 18.3377 -8.95984 -11.8598
v 18.3587 -8.96882 -11.8598
v 18.4229 -8.993 -11.8598
v 18.4013 -8.98541 -11.8598
v 18.4447 -9.00011 -11.8598
v 18.3725 -8.88067 -11.8712
v 18.3534 -8.87201 -11.8712
v 18.3344 -8.86293 -11.8712
v 18.4113 -8.89674 -11.8712
v 18.3918 -8.88892 -11.8712
v 18.4507 -8.91109 -11.8712
v 18.4309 -8.90413 -11.8712
v 18.4429 -8.81551 -11.875
v 18.4886 -9.01292 -11.8598
v 18.4666 -9.00675 -11.8598
v 18.5108 -9.0186 -11.8598
v 18.4908 -8.92372 -11.8712
v 18.4707 -8.91762 -11.8712
v 18.5313 -8.93458 -11.8712
v 18.511 -8.92937 -11.8712
v 18.5518 -8.93935 -11.8712
v 18.5929 -8.94754 -11.8712
v 18.5723 -8.94367 -11.8712
v 18.4787 -8.82856 -11.875
v 18.4607 -8.82223 -11.875
v 18.5152 -8.84004 -11.875
v 18.4969 -8.8345 -11.875
v 18.552 -8.84992 -11.875
v 18.5335 -8.84519 -11.875
v 18.5893 -8.85819 -11.875
v 18.5706 -8.85426 -11.875
v 18.3391 -8.76714 -11.875
v 18.373 -8.78476 -11.875
v 18.356 -8.77613 -11.875
v 18.3225 -8.75777 -11.875
v 18.4076 -8.8009 -11.875
v 18.3902 -8.79302 -11.875
v 18.4252 -8.80839 -11.875
v 18.6344 -8.95392 -11.8712
v 18.6136 -8.95096 -11.8712
v 18.6553 -8.95644 -11.8712
v 18.6971 -8.9601 -11.8712
v 18.6761 -8.95849 -11.8712
v 18.739 -8.96193 -11.8712
v 18.718 -8.96124 -11.8712
v 18.6269 -8.86482 -11.875
v 18.6647 -8.8698 -11.875
v 18.6458 -8.86751 -11.875
v 18.6081 -8.86171 -11.875
v 18.7028 -8.87313 -11.875
v 18.6837 -8.87167 -11.875
v 18.7409 -8.87479 -11.875
v 18.7218 -8.87417 -11.875
v 18.7591 -8.96216 -11.8712
v 18.7591 -8.875 -11.875
v 18.885 -8.00163 -9.875
v 18.882 -7.97295 -9.875
v 18.8826 -7.97561 -9.875
v 18.8831 -7.97829 -9.875
v 18.8835 -7.98098 -9.875
v 18.8839 -7.98368 -9.875
v 18.8843 -7.98639 -9.875
v 18.8845 -7.98911 -9.875
v 18.8847 -7.99182 -9.875
v 18.8849 -7.99455 -9.875
v 18.885 -7.99727 -9.875
v 18.7592 -7.875 -9.875
v 18.7627 -7.87503 -9.875
v 18.7655 -7.87512 -9.875
v 18.7682 -7.87527 -9.875
v 18.7709 -7.87548 -9.875
v 18.7736 -7.87574 -9.875
v 18.7763 -7.87607 -9.875
v 18.779 -7.87645 -9.875
v 18.7817 -7.8769 -9.875
v 18.7844 -7.8774 -9.875
v 18.7871 -7.87796 -9.875
v 18.7897 -7.87858 -9.875
v 18.7924 -7.87926 -9.875
v 18.795 -7.87999 -9.875
v 18.7976 -7.88079 -9.875
v 18.8002 -7.88163 -9.875
v 18.8028 -7.88254 -9.875
v 18.8053 -7.8835 -9.875
v 18.8078 -7.88452 -9.875
v 18.8103 -7.88559 -9.875
v 18.8128 -7.88671 -9.875
v 18.8153 -7.88789 -9.875
v 18.8177 -7.88912 -9.875
v 18.8733 -7.94717 -9.875
v 18.8744 -7.94966 -9.875
v 18.8755 -7.95216 -9.875
v 18.8765 -7.9547 -9.875
v 18.8775 -7.95725 -9.875
v 18.8784 -7.95982 -9.875
v 18.8792 -7.96241 -9.875
v 18.88 -7.96502 -9.875
v 18.8807 -7.96765 -9.875
v 18.8814 -7.97029 -9.875
v 18.8575 -7.92176 -9.875
v 18.8592 -7.9239 -9.875
v 18.8608 -7.92609 -9.875
v 18.8624 -7.9283 -9.875
v 18.8639 -7.93055 -9.875
v 18.8654 -7.93284 -9.875
v 18.8669 -7.93515 -9.875
v 18.8683 -7.9375 -9.875
v 18.8696 -7.93988 -9.875
v 18.8709 -7.94228 -9.875
v 18.8721 -7.94471 -9.875
v 18.8272 -7.89458 -9.875
v 18.8294 -7.89607 -9.875
v 18.8317 -7.89761 -9.875
v 18.8339 -7.89919 -9.875
v 18.8361 -7.90083 -9.875
v 18.8382 -7.90251 -9.875
v 18.8403 -7.90424 -9.875
v 18.8424 -7.90602 -9.875
v 18.8444 -7.90784 -9.875
v 18.8464 -7.9097 -9.875
v 18.8484 -7.91161 -9.875
v 18.8503 -7.91356 -9.875
v 18.8522 -7.91555 -9.875
v 18.854 -7.91758 -9.875
v 18.8201 -7.89041 -9.875
v 18.8225 -7.89175 -9.875
v 18.8248 -7.89314 -9.875
v 18.8558 -7.91965 -9.875
v 35.635 -17.0006 -11.875
v 35.7222 -17.0006 -11.8712
v 35.8086 -17.0006 -11.8598
v 35.8938 -17.0006 -11.8409
v 35.977 -17.0007 -11.8147
v 36.0576 -17.0007 -11.7813
v 36.135 -17.0007 -11.741
v 36.2086 -17.0007 -11.6942
v 36.2778 -17.0007 -11.641
v 36.3421 -17.0007 -11.5821
v 36.401 -17.0007 -11.5178
v 36.4542 -17.0007 -11.4486
v 36.501 -17.0007 -11.375
v 36.5413 -17.0007 -11.2976
v 36.5747 -17.0007 -11.217
v 36.6009 -17.0007 -11.1338
v 36.6198 -17.0007 -11.0486
v 36.6312 -17.0007 -10.9622
v 36.635 -17.0007 -10.875
v 34.635 -17.0006 -9.875
v 35.635 -7.99816 -11.875
v 35.7222 -7.99814 -11.8712
v 35.8086 -7.99812 -11.8598
v 35.8938 -7.9981 -11.8409
v 35.977 -7.99809 -11.8147
v 36.0576 -7.99807 -11.7813
v 36.135 -7.99805 -11.741
v 36.2086 -7.99804 -11.6942
v 36.2778 -7.99802 -11.641
v 36.3421 -7.99801 -11.5821
v 36.401 -7.998 -11.5178
v 36.4542 -7.99799 -11.4486
v 36.501 -7.99798 -11.375
v 36.5413 -7.99797 -11.2976
v 36.5747 -7.99796 -11.217
v 36.6009 -7.99796 -11.1338
v 36.6198 -7.99795 -11.0486
v 36.6312 -7.99795 -10.9622
v 36.635 -7.99795 -10.875
v 35.631 -7.63187 -11.875
v 35.7181 -7.62997 -11.8712
v 35.8046 -7.62809 -11.8598
v 35.8897 -7.62623 -11.8409
v 35.9729 -7.62441 -11.8147
v 36.0535 -7.62265 -11.7813
v 35.6189 -7.26392 -11.875
v 35.706 -7.26012 -11.8712
v 35.7924 -7.25635 -11.8598
v 35.8775 -7.25263 -11.8409
v 35.9606 -7.249 -11.8147
v 36.0412 -7.24549 -11.7813
v 36.1309 -7.62097 -11.741
v 36.2044 -7.61936 -11.6942
v 36.2736 -7.61785 -11.641
v 36.3379 -7.61645 -11.5821
v 36.3968 -7.61516 -11.5178
v 36.4499 -7.614 -11.4486
v 36.4968 -7.61298 -11.375
v 36.5371 -7.6121 -11.2976
v 36.5705 -7.61137 -11.217
v 36.5967 -7.6108 -11.1338
v 36.1185 -7.24211 -11.741
v 36.192 -7.2389 -11.6942
v 36.2611 -7.23588 -11.641
v 36.3254 -7.23308 -11.5821
v 36.3843 -7.23051 -11.5178
v 36.4373 -7.22819 -11.4486
v 36.4841 -7.22615 -11.375
v 36.5244 -7.22439 -11.2976
v 36.5577 -7.22293 -11.217
v 36.5839 -7.22179 -11.1338
v 36.6156 -7.61039 -11.0486
v 36.6269 -7.61014 -10.9622
v 36.6307 -7.61006 -10.875
v 36.6028 -7.22097 -11.0486
v 36.6142 -7.22047 -10.9622
v 36.618 -7.2203 -10.875
v 34.635 -7.99837 -9.875
v 34.6312 -7.65369 -9.875
v 34.6199 -7.30754 -9.875
v 34.601 -6.96173 -9.875
v 34.33 -4.90294 -9.875
v 34.2587 -4.56402 -9.875
v 34.1801 -4.22674 -9.875
v 34.0941 -3.89125 -9.875
v 35.4386 -5.43292 -11.875
v 35.5989 -6.89632 -11.875
v 35.6858 -6.89062 -11.8712
v 35.7721 -6.88496 -11.8598
v 35.5708 -6.52925 -11.875
v 35.6576 -6.52165 -11.8712
v 35.7438 -6.51411 -11.8598
v 35.8571 -6.87939 -11.8409
v 35.9402 -6.87395 -11.8147
v 36.0206 -6.86868 -11.7813
v 35.8286 -6.50669 -11.8409
v 35.5347 -6.16287 -11.875
v 35.6213 -6.15338 -11.8712
v 35.7073 -6.14397 -11.8598
v 35.9115 -6.49944 -11.8147
v 35.9918 -6.49241 -11.7813
v 35.792 -6.13469 -11.8409
v 35.8747 -6.12564 -11.8147
v 35.9548 -6.11686 -11.7813
v 36.0317 -6.10844 -11.741
v 36.0978 -6.86362 -11.741
v 36.1712 -6.85881 -11.6942
v 36.2403 -6.85428 -11.641
v 36.3045 -6.85008 -11.5821
v 36.3633 -6.84622 -11.5178
v 36.4163 -6.84275 -11.4486
v 36.463 -6.83968 -11.375
v 36.5032 -6.83705 -11.2976
v 36.5365 -6.83486 -11.217
v 36.5627 -6.83315 -11.1338
v 36.0689 -6.48567 -11.741
v 36.1422 -6.47926 -11.6942
v 36.2111 -6.47322 -11.641
v 36.2752 -6.46762 -11.5821
v 36.3339 -6.46248 -11.5178
v 36.1049 -6.10043 -11.6942
v 36.1737 -6.09289 -11.641
v 36.2376 -6.08589 -11.5821
v 36.3868 -6.45785 -11.4486
v 36.4335 -6.45377 -11.375
v 36.4736 -6.45026 -11.2976
v 36.5069 -6.44735 -11.217
v 36.533 -6.44506 -11.1338
v 36.5816 -6.83191 -11.0486
v 36.5929 -6.83117 -10.9622
v 36.5967 -6.83092 -10.875
v 36.5518 -6.44342 -11.0486
v 36.5632 -6.44242 -10.9622
v 36.567 -6.44209 -10.875
v 35.4906 -5.79737 -11.875
v 35.577 -5.78599 -11.8712
v 35.6628 -5.7747 -11.8598
v 35.7472 -5.76359 -11.8409
v 35.8297 -5.75273 -11.8147
v 35.9096 -5.74221 -11.7813
v 35.9864 -5.73211 -11.741
v 36.0593 -5.7225 -11.6942
v 35.5247 -5.41966 -11.8712
v 35.6102 -5.4065 -11.8598
v 35.6944 -5.39355 -11.8409
v 35.7766 -5.38089 -11.8147
v 35.8563 -5.36863 -11.7813
v 35.9328 -5.35686 -11.741
v 36.0055 -5.34566 -11.6942
v 36.2962 -6.07947 -11.5178
v 36.1279 -5.71347 -11.641
v 36.1917 -5.70507 -11.5821
v 36.2501 -5.69738 -11.5178
v 36.3028 -5.69045 -11.4486
v 36.349 -6.07369 -11.4486
v 36.3956 -6.06859 -11.375
v 36.4356 -6.0642 -11.2976
v 36.4688 -6.06057 -11.217
v 36.4949 -6.05771 -11.1338
v 36.3492 -5.68433 -11.375
v 36.3892 -5.67907 -11.2976
v 36.4223 -5.67472 -11.217
v 36.4483 -5.67129 -11.1338
v 36.0739 -5.33513 -11.641
v 36.1375 -5.32535 -11.5821
v 36.1957 -5.31638 -11.5178
v 36.2482 -5.30831 -11.4486
v 36.2945 -5.30118 -11.375
v 36.3344 -5.29505 -11.2976
v 36.3674 -5.28997 -11.217
v 36.3933 -5.28598 -11.1338
v 36.5137 -6.05566 -11.0486
v 36.525 -6.05442 -10.9622
v 36.5288 -6.054 -10.875
v 36.467 -5.66883 -11.0486
v 36.4783 -5.66734 -10.9622
v 36.4821 -5.66684 -10.875
v 36.4119 -5.28311 -11.0486
v 36.4232 -5.28137 -10.9622
v 36.427 -5.28079 -10.875
v 34.5746 -6.6164 -9.875
v 34.5406 -6.27174 -9.875
v 34.4992 -5.9279 -9.875
v 34.4502 -5.58504 -9.875
v 34.3938 -5.24334 -9.875
v 35.3786 -5.06969 -11.875
v 35.4645 -5.05455 -11.8712
v 35.3108 -4.70785 -11.875
v 35.3962 -4.69085 -11.8712
v 35.4811 -4.67397 -11.8598
v 35.1514 -3.98905 -11.875
v 35.235 -4.34758 -11.875
v 35.3201 -4.32872 -11.8712
v 35.4045 -4.31 -11.8598
v 35.4877 -4.29156 -11.8409
v 35.06 -3.63243 -11.875
v 35.1442 -3.60987 -11.8712
v 35.2361 -3.96833 -11.8712
v 35.3201 -3.94778 -11.8598
v 35.4028 -3.92753 -11.8409
v 35.4836 -3.90776 -11.8147
v 35.2277 -3.58749 -11.8598
v 35.31 -3.56544 -11.8409
v 35.5496 -5.03953 -11.8598
v 35.6335 -5.02474 -11.8409
v 35.7155 -5.0103 -11.8147
v 35.7948 -4.9963 -11.7813
v 35.871 -4.98286 -11.741
v 35.9435 -4.97009 -11.6942
v 36.0117 -4.95807 -11.641
v 35.5646 -4.65736 -11.8409
v 35.6462 -4.64113 -11.8147
v 35.7253 -4.6254 -11.7813
v 35.8011 -4.61031 -11.741
v 35.8733 -4.59595 -11.6942
v 35.9412 -4.58245 -11.641
v 36.0043 -4.5699 -11.5821
v 36.0621 -4.5584 -11.5178
v 36.075 -4.9469 -11.5821
v 36.133 -4.93666 -11.5178
v 36.1853 -4.92744 -11.4486
v 36.2315 -4.9193 -11.375
v 36.2712 -4.91231 -11.2976
v 36.304 -4.90651 -11.217
v 36.3299 -4.90196 -11.1338
v 36.1142 -4.54804 -11.4486
v 36.1601 -4.5389 -11.375
v 36.1996 -4.53104 -11.2976
v 36.2324 -4.52453 -11.217
v 36.2581 -4.51941 -11.1338
v 36.3485 -4.89868 -11.0486
v 36.3597 -4.8967 -10.9622
v 36.3634 -4.89604 -10.875
v 36.2766 -4.51572 -11.0486
v 36.2878 -4.5135 -10.9622
v 36.2915 -4.51276 -10.875
v 35.5689 -4.27355 -11.8147
v 35.6476 -4.25611 -11.7813
v 35.7231 -4.23936 -11.741
v 35.795 -4.22344 -11.6942
v 35.8625 -4.20846 -11.641
v 35.9253 -4.19454 -11.5821
v 35.9829 -4.18178 -11.5178
v 36.0347 -4.17028 -11.4486
v 35.5619 -3.8886 -11.7813
v 35.6371 -3.87021 -11.741
v 35.7085 -3.85272 -11.6942
v 35.7758 -3.83627 -11.641
v 35.8382 -3.82098 -11.5821
v 35.8955 -3.80697 -11.5178
v 35.9471 -3.79435 -11.4486
v 35.9926 -3.78321 -11.375
v 36.0317 -3.77363 -11.2976
v 36.0805 -4.16014 -11.375
v 36.1198 -4.15142 -11.2976
v 36.1524 -4.14419 -11.217
v 36.178 -4.13852 -11.1338
v 36.0642 -3.7657 -11.217
v 36.0896 -3.75946 -11.1338
v 36.1965 -4.13443 -11.0486
v 36.2076 -4.13197 -10.9622
v 36.2113 -4.13114 -10.875
v 36.108 -3.75498 -11.0486
v 36.119 -3.75227 -10.9622
v 36.1227 -3.75136 -10.875
v 18.885 -16.9994 9.875
v 24.26 -17.0006 9.875
v 24.26 -16.9998 9.875
v 24.26 -17.0006 10.975
v 24.26 -16.9998 10.975
v 27.26 -17.0006 9.875
v 27.26 -17 9.875
v 27.26 -17.0006 10.975
v 27.26 -17 10.975
v 18.5559 -9.86386 10.875
v 18.5966 -9.86786 10.875
v 18.5969 -9.86407 10.9622
v 18.6374 -9.87099 10.875
v 18.6782 -9.87322 10.875
v 18.7191 -9.87455 10.875
v 18.759 -9.875 10.875
v 18.6376 -9.86719 10.9622
v 18.6784 -9.86941 10.9622
v 18.7192 -9.87075 10.9622
v 18.759 -9.87119 10.9622
v 18.3542 -9.83055 10.875
v 18.3942 -9.83897 10.875
v 18.4344 -9.84651 10.875
v 18.4748 -9.85318 10.875
v 18.5153 -9.85896 10.875
v 18.355 -9.82684 10.9622
v 18.3949 -9.83524 10.9622
v 18.4351 -9.84277 10.9622
v 18.3575 -9.81572 11.0486
v 18.3179 -9.80651 11.0486
v 18.3972 -9.82407 11.0486
v 18.437 -9.83155 11.0486
v 18.4753 -9.84942 10.9622
v 18.5158 -9.85519 10.9622
v 18.5563 -9.86007 10.9622
v 18.4771 -9.83816 11.0486
v 18.5172 -9.8439 11.0486
v 18.5575 -9.84875 11.0486
v 18.5979 -9.85273 11.0486
v 18.6384 -9.85583 11.0486
v 18.6789 -9.85804 11.0486
v 18.7194 -9.85937 11.0486
v 18.759 -9.85981 11.0486
v 18.3224 -9.78817 11.1338
v 18.3616 -9.79729 11.1338
v 18.3287 -9.76269 11.217
v 18.3672 -9.77168 11.217
v 18.4403 -9.81296 11.1338
v 18.4009 -9.80555 11.1338
v 18.406 -9.77982 11.217
v 18.4449 -9.78712 11.217
v 18.3366 -9.73026 11.2976
v 18.3745 -9.73908 11.2976
v 18.4125 -9.74708 11.2976
v 18.4507 -9.75425 11.2976
v 18.48 -9.8195 11.1338
v 18.5197 -9.82518 11.1338
v 18.4839 -9.79357 11.217
v 18.5231 -9.79917 11.217
v 18.5596 -9.82998 11.1338
v 18.5996 -9.83392 11.1338
v 18.5624 -9.80391 11.217
v 18.6018 -9.80779 11.217
v 18.489 -9.76058 11.2976
v 18.5275 -9.76607 11.2976
v 18.5661 -9.77072 11.2976
v 18.3462 -9.69113 11.375
v 18.3832 -9.69976 11.375
v 18.4203 -9.70757 11.375
v 18.4577 -9.71458 11.375
v 18.3933 -9.65399 11.4486
v 18.4295 -9.6616 11.4486
v 18.4951 -9.72076 11.375
v 18.5328 -9.72613 11.375
v 18.5705 -9.73068 11.375
v 18.4658 -9.66841 11.4486
v 18.5023 -9.67443 11.4486
v 18.5389 -9.67966 11.4486
v 18.5756 -9.68408 11.4486
v 18.3215 -9.63643 11.4486
v 18.3573 -9.6456 11.4486
v 18.6396 -9.83698 11.1338
v 18.6413 -9.81081 11.217
v 18.6797 -9.83917 11.1338
v 18.7198 -9.84049 11.1338
v 18.6808 -9.81297 11.217
v 18.7204 -9.81426 11.217
v 18.6047 -9.77453 11.2976
v 18.6435 -9.77749 11.2976
v 18.6823 -9.77961 11.2976
v 18.7211 -9.78088 11.2976
v 18.759 -9.84093 11.1338
v 18.759 -9.81469 11.217
v 18.759 -9.78131 11.2976
v 18.6083 -9.7344 11.375
v 18.6461 -9.7373 11.375
v 18.6841 -9.73937 11.375
v 18.722 -9.74061 11.375
v 18.6123 -9.68771 11.4486
v 18.6492 -9.69053 11.4486
v 18.6861 -9.69254 11.4486
v 18.723 -9.69375 11.4486
v 18.759 -9.74102 11.375
v 18.759 -9.69415 11.4486
v 18.3353 -9.58513 11.5178
v 18.3699 -9.59402 11.5178
v 18.4048 -9.60215 11.5178
v 18.4398 -9.60951 11.5178
v 18.4513 -9.55171 11.5821
v 18.3505 -9.5282 11.5821
v 18.384 -9.53677 11.5821
v 18.4176 -9.5446 11.5821
v 18.3353 -9.45715 11.641
v 18.3672 -9.46607 11.641
v 18.3992 -9.47429 11.641
v 18.4315 -9.48181 11.641
v 18.475 -9.61611 11.5178
v 18.5104 -9.62195 11.5178
v 18.4853 -9.55807 11.5821
v 18.5193 -9.56369 11.5821
v 18.5458 -9.627 11.5178
v 18.5813 -9.63129 11.5178
v 18.5535 -9.56857 11.5821
v 18.5878 -9.5727 11.5821
v 18.5291 -9.50012 11.641
v 18.4964 -9.49473 11.641
v 18.4639 -9.48862 11.641
v 18.5619 -9.5048 11.641
v 18.5948 -9.50877 11.641
v 18.617 -9.6348 11.5178
v 18.6527 -9.63753 11.5178
v 18.6221 -9.57609 11.5821
v 18.6565 -9.57872 11.5821
v 18.6884 -9.63948 11.5178
v 18.7242 -9.64065 11.5178
v 18.691 -9.5806 11.5821
v 18.7255 -9.58173 11.5821
v 18.6277 -9.51201 11.641
v 18.6607 -9.51454 11.641
v 18.6938 -9.51634 11.641
v 18.7269 -9.51743 11.641
v 18.759 -9.64104 11.5178
v 18.759 -9.58211 11.5821
v 18.759 -9.51779 11.641
v 18.6337 -9.44306 11.6942
v 18.6653 -9.44547 11.6942
v 18.6968 -9.4472 11.6942
v 18.7284 -9.44823 11.6942
v 18.7591 -9.44858 11.6942
v 18.3851 -9.39922 11.6942
v 18.3546 -9.39071 11.6942
v 18.3244 -9.38153 11.6942
v 18.4157 -9.40706 11.6942
v 18.4465 -9.41424 11.6942
v 18.3465 -9.31136 11.741
v 18.318 -9.30203 11.741
v 18.3752 -9.32007 11.741
v 18.3698 -9.23756 11.7813
v 18.4041 -9.32815 11.741
v 18.4332 -9.3356 11.741
v 18.4242 -9.2534 11.7813
v 18.3969 -9.24578 11.7813
v 18.4516 -9.26043 11.7813
v 18.4774 -9.42074 11.6942
v 18.5085 -9.42657 11.6942
v 18.4918 -9.34858 11.741
v 18.4624 -9.34241 11.741
v 18.5212 -9.35411 11.741
v 18.5396 -9.43172 11.6942
v 18.6023 -9.43997 11.6942
v 18.5709 -9.43618 11.6942
v 18.5508 -9.359 11.741
v 18.5805 -9.36324 11.741
v 18.4791 -9.26686 11.7813
v 18.5068 -9.27269 11.7813
v 18.5906 -9.28652 11.7813
v 18.5626 -9.28252 11.7813
v 18.5347 -9.2779 11.7813
v 18.3429 -9.22875 11.7813
v 18.3438 -9.14363 11.8147
v 18.3189 -9.13427 11.8147
v 18.3688 -9.15243 11.8147
v 18.4194 -9.1684 11.8147
v 18.394 -9.16069 11.8147
v 18.445 -9.17555 11.8147
v 18.3491 -9.05673 11.8409
v 18.3261 -9.04751 11.8409
v 18.3722 -9.06544 11.8409
v 18.4191 -9.08134 11.8409
v 18.4427 -9.08852 11.8409
v 18.3955 -9.07365 11.8409
v 18.4707 -9.18214 11.8147
v 18.5226 -9.19363 11.8147
v 18.4966 -9.18817 11.8147
v 18.5487 -9.19853 11.8147
v 18.6011 -9.20661 11.8147
v 18.5749 -9.20286 11.8147
v 18.4905 -9.10133 11.8409
v 18.4665 -9.09519 11.8409
v 18.5146 -9.10694 11.8409
v 18.5631 -9.11659 11.8409
v 18.5388 -9.11203 11.8409
v 18.5875 -9.12062 11.8409
v 18.5554 -9.0285 11.8598
v 18.533 -9.02379 11.8598
v 18.6005 -9.03644 11.8598
v 18.5779 -9.03272 11.8598
v 18.6103 -9.36683 11.741
v 18.6701 -9.37206 11.741
v 18.6402 -9.36977 11.741
v 18.7 -9.37369 11.741
v 18.73 -9.37467 11.741
v 18.6187 -9.28991 11.7813
v 18.6469 -9.29268 11.7813
v 18.7034 -9.29638 11.7813
v 18.6751 -9.29484 11.7813
v 18.7317 -9.29731 11.7813
v 18.7591 -9.375 11.741
v 18.7591 -9.29762 11.7813
v 18.6275 -9.20979 11.8147
v 18.6539 -9.21239 11.8147
v 18.6366 -9.12708 11.8409
v 18.6612 -9.1295 11.8409
v 18.7069 -9.21586 11.8147
v 18.6804 -9.21441 11.8147
v 18.7334 -9.21673 11.8147
v 18.7105 -9.13274 11.8409
v 18.6858 -9.13139 11.8409
v 18.7353 -9.13355 11.8409
v 18.612 -9.12412 11.8409
v 18.6231 -9.03968 11.8598
v 18.6686 -9.04466 11.8598
v 18.6458 -9.04242 11.8598
v 18.6914 -9.0464 11.8598
v 18.7371 -9.0484 11.8598
v 18.7143 -9.04765 11.8598
v 18.7591 -9.21702 11.8147
v 18.7591 -9.13382 11.8409
v 18.7591 -9.04865 11.8598
v 18.3799 -8.97735 11.8598
v 18.3377 -8.95984 11.8598
v 18.3587 -8.96882 11.8598
v 18.4229 -8.993 11.8598
v 18.4013 -8.98541 11.8598
v 18.4447 -9.00011 11.8598
v 18.3725 -8.88067 11.8712
v 18.3534 -8.87201 11.8712
v 18.3344 -8.86293 11.8712
v 18.4113 -8.89674 11.8712
v 18.3918 -8.88892 11.8712
v 18.4507 -8.91109 11.8712
v 18.4309 -8.90413 11.8712
v 18.4429 -8.81551 11.875
v 18.4886 -9.01292 11.8598
v 18.4666 -9.00675 11.8598
v 18.5108 -9.0186 11.8598
v 18.4908 -8.92372 11.8712
v 18.4707 -8.91762 11.8712
v 18.5313 -8.93458 11.8712
v 18.511 -8.92937 11.8712
v 18.5518 -8.93935 11.8712
v 18.5929 -8.94754 11.8712
v 18.5723 -8.94367 11.8712
v 18.4787 -8.82856 11.875
v 18.4607 -8.82223 11.875
v 18.5152 -8.84004 11.875
v 18.4969 -8.8345 11.875
v 18.552 -8.84992 11.875
v 18.5335 -8.84519 11.875
v 18.5893 -8.85819 11.875
v 18.5706 -8.85426 11.875
v 18.3391 -8.76714 11.875
v 18.373 -8.78476 11.875
v 18.356 -8.77613 11.875
v 18.3225 -8.75777 11.875
v 18.4076 -8.8009 11.875
v 18.3902 -8.79302 11.875
v 18.4252 -8.80839 11.875
v 18.6344 -8.95392 11.8712
v 18.6136 -8.95096 11.8712
v 18.6553 -8.95644 11.8712
v 18.6971 -8.9601 11.8712
v 18.6761 -8.95849 11.8712
v 18.739 -8.96193 11.8712
v 18.718 -8.96124 11.8712
v 18.6269 -8.86482 11.875
v 18.6647 -8.8698 11.875
v 18.6458 -8.86751 11.875
v 18.6081 -8.86171 11.875
v 18.7028 -8.87313 11.875
v 18.6837 -8.87167 11.875
v 18.7409 -8.87479 11.875
v 18.7218 -8.87417 11.875
v 18.7591 -8.96216 11.8712
v 18.7591 -8.875 11.875
v 18.885 -8.00163 9.875
v 18.882 -7.97295 9.875
v 18.8826 -7.97561 9.875
v 18.8831 -7.97829 9.875
v 18.8835 -7.98098 9.875
v 18.8839 -7.98368 9.875
v 18.8843 -7.98639 9.875
v 18.8845 -7.98911 9.875
v 18.8847 -7.99182 9.875
v 18.8849 -7.99455 9.875
v 18.885 -7.99727 9.875
v 18.7592 -7.875 9.875
v 18.7627 -7.87503 9.875
v 18.7655 -7.87512 9.875
v 18.7682 -7.87527 9.875
v 18.7709 -7.87548 9.875
v 18.7736 -7.87574 9.875
v 18.7763 -7.87607 9.875
v 18.779 -7.87645 9.875
v 18.7817 -7.8769 9.875
v 18.7844 -7.8774 9.875
v 18.7871 -7.87796 9.875
v 18.7897 -7.87858 9.875
v 18.7924 -7.87926 9.875
v 18.795 -7.87999 9.875
v 18.7976 -7.88079 9.875
v 18.8002 -7.88163 9.875
v 18.8028 -7.88254 9.875
v 18.8053 -7.8835 9.875
v 18.8078 -7.88452 9.875
v 18.8103 -7.88559 9.875
v 18.8128 -7.88671 9.875
v 18.8153 -7.88789 9.875
v 18.8177 -7.88912 9.875
v 18.8733 -7.94717 9.875
v 18.8744 -7.94966 9.875
v 18.8755 -7.95216 9.875
v 18.8765 -7.9547 9.875
v 18.8775 -7.95725 9.875
v 18.8784 -7.95982 9.875
v 18.8792 -7.96241 9.875
v 18.88 -7.96502 9.875
v 18.8807 -7.96765 9.875
v 18.8814 -7.97029 9.875
v 18.8575 -7.92176 9.875
v 18.8592 -7.9239 9.875
v 18.8608 -7.92609 9.875
v 18.8624 -7.9283 9.875
v 18.8639 -7.93055 9.875
v 18.8654 -7.93284 9.875
v 18.8669 -7.93515 9.875
v 18.8683 -7.9375 9.875
v 18.8696 -7.93988 9.875
v 18.8709 -7.94228 9.875
v 18.8721 -7.94471 9.875
v 18.8272 -7.89458 9.875
v 18.8294 -7.89607 9.875
v 18.8317 -7.89761 9.875
v 18.8339 -7.89919 9.875
v 18.8361 -7.90083 9.875
v 18.8382 -7.90251 9.875
v 18.8403 -7.90424 9.875
v 18.8424 -7.90602 9.875
v 18.8444 -7.90784 9.875
v 18.8464 -7.9097 9.875
v 18.8484 -7.91161 9.875
v 18.8503 -7.91356 9.875
v 18.8522 -7.91555 9.875
v 18.854 -7.91758 9.875
v 18.8201 -7.89041 9.875
v 18.8225 -7.89175 9.875
v 18.8248 -7.89314 9.875
v 18.8558 -7.91965 9.875
v 24.26 -4.00063 9.875
v 27.26 -4.00063 9.875
v 34.635 -17.0006 9.875
v 36.635 -17.0007 10.875
v 36.6312 -17.0007 10.9622
v 36.6198 -17.0007 11.0486
v 35.635 -17.0006 11.875
v 35.7222 -17.0006 11.8712
v 35.8086 -17.0006 11.8598
v 35.8938 -17.0006 11.8409
v 36.0576 -17.0007 11.7813
v 35.977 -17.0007 11.8147
v 36.6009 -17.0007 11.1338
v 36.5747 -17.0007 11.217
v 36.5413 -17.0007 11.2976
v 36.4542 -17.0007 11.4486
v 36.501 -17.0007 11.375
v 36.3421 -17.0007 11.5821
v 36.2778 -17.0007 11.641
v 36.135 -17.0007 11.741
v 36.2086 -17.0007 11.6942
v 36.401 -17.0007 11.5178
v 34.635 -7.99837 9.875
v 34.6312 -7.65369 9.875
v 34.6199 -7.30754 9.875
v 34.601 -6.96173 9.875
v 36.635 -7.99795 10.875
v 36.6312 -7.99795 10.9622
v 36.6198 -7.99795 11.0486
v 35.635 -7.99816 11.875
v 35.7222 -7.99814 11.8712
v 35.8086 -7.99812 11.8598
v 35.8938 -7.9981 11.8409
v 36.0576 -7.99807 11.7813
v 35.977 -7.99809 11.8147
v 36.6009 -7.99796 11.1338
v 36.5747 -7.99796 11.217
v 36.5413 -7.99797 11.2976
v 36.4542 -7.99799 11.4486
v 36.501 -7.99798 11.375
v 36.3421 -7.99801 11.5821
v 36.2778 -7.99802 11.641
v 36.135 -7.99805 11.741
v 36.2086 -7.99804 11.6942
v 36.401 -7.998 11.5178
v 36.6307 -7.61006 10.875
v 36.6269 -7.61014 10.9622
v 36.6156 -7.61039 11.0486
v 36.618 -7.2203 10.875
v 36.6142 -7.22047 10.9622
v 36.6028 -7.22097 11.0486
v 35.631 -7.63187 11.875
v 35.7181 -7.62997 11.8712
v 35.8046 -7.62809 11.8598
v 35.8897 -7.62623 11.8409
v 36.0535 -7.62265 11.7813
v 35.9729 -7.62441 11.8147
v 35.6189 -7.26392 11.875
v 35.706 -7.26012 11.8712
v 35.7924 -7.25635 11.8598
v 35.8775 -7.25263 11.8409
v 36.0412 -7.24549 11.7813
v 35.9606 -7.249 11.8147
v 36.5967 -7.6108 11.1338
v 36.5705 -7.61137 11.217
v 36.5371 -7.6121 11.2976
v 36.4499 -7.614 11.4486
v 36.4968 -7.61298 11.375
v 36.3379 -7.61645 11.5821
v 36.2736 -7.61785 11.641
v 36.1309 -7.62097 11.741
v 36.2044 -7.61936 11.6942
v 36.3968 -7.61516 11.5178
v 36.5577 -7.22293 11.217
v 36.5839 -7.22179 11.1338
v 36.5244 -7.22439 11.2976
v 36.4841 -7.22615 11.375
v 36.4373 -7.22819 11.4486
v 36.3254 -7.23308 11.5821
v 36.2611 -7.23588 11.641
v 36.1185 -7.24211 11.741
v 36.192 -7.2389 11.6942
v 36.3843 -7.23051 11.5178
v 34.33 -4.90294 9.875
v 34.2587 -4.56402 9.875
v 34.1801 -4.22674 9.875
v 34.0941 -3.89125 9.875
v 34.5746 -6.6164 9.875
v 34.5406 -6.27174 9.875
v 34.4992 -5.9279 9.875
v 34.4502 -5.58504 9.875
v 34.3938 -5.24334 9.875
v 35.4386 -5.43292 11.875
v 36.5967 -6.83092 10.875
v 36.5929 -6.83117 10.9622
v 36.5816 -6.83191 11.0486
v 36.567 -6.44209 10.875
v 36.5632 -6.44242 10.9622
v 36.5518 -6.44342 11.0486
v 35.5989 -6.89632 11.875
v 35.6858 -6.89062 11.8712
v 35.7721 -6.88496 11.8598
v 35.5708 -6.52925 11.875
v 35.6576 -6.52165 11.8712
v 35.7438 -6.51411 11.8598
v 35.8571 -6.87939 11.8409
v 36.0206 -6.86868 11.7813
v 35.9402 -6.87395 11.8147
v 35.8286 -6.50669 11.8409
v 35.5347 -6.16287 11.875
v 35.6213 -6.15338 11.8712
v 35.7073 -6.14397 11.8598
v 35.9115 -6.49944 11.8147
v 35.9918 -6.49241 11.7813
v 35.792 -6.13469 11.8409
v 35.8747 -6.12564 11.8147
v 35.9548 -6.11686 11.7813
v 36.0317 -6.10844 11.741
v 36.5627 -6.83315 11.1338
v 36.5365 -6.83486 11.217
v 36.5032 -6.83705 11.2976
v 36.463 -6.83968 11.375
v 36.4163 -6.84275 11.4486
v 36.3045 -6.85008 11.5821
v 36.2403 -6.85428 11.641
v 36.0978 -6.86362 11.741
v 36.1712 -6.85881 11.6942
v 36.3633 -6.84622 11.5178
v 36.4736 -6.45026 11.2976
v 36.533 -6.44506 11.1338
v 36.5069 -6.44735 11.217
v 36.4335 -6.45377 11.375
v 36.3868 -6.45785 11.4486
v 36.2752 -6.46762 11.5821
v 36.3339 -6.46248 11.5178
v 36.2111 -6.47322 11.641
v 36.0689 -6.48567 11.741
v 36.1422 -6.47926 11.6942
v 36.1737 -6.09289 11.641
v 36.2376 -6.08589 11.5821
v 36.1049 -6.10043 11.6942
v 36.5288 -6.054 10.875
v 36.525 -6.05442 10.9622
v 36.5137 -6.05566 11.0486
v 36.4821 -5.66684 10.875
v 36.4783 -5.66734 10.9622
v 36.467 -5.66883 11.0486
v 36.427 -5.28079 10.875
v 36.4232 -5.28137 10.9622
v 36.4119 -5.28311 11.0486
v 35.4906 -5.79737 11.875
v 35.577 -5.78599 11.8712
v 35.6628 -5.7747 11.8598
v 35.7472 -5.76359 11.8409
v 35.9096 -5.74221 11.7813
v 35.8297 -5.75273 11.8147
v 35.9864 -5.73211 11.741
v 36.0593 -5.7225 11.6942
v 35.5247 -5.41966 11.8712
v 35.6102 -5.4065 11.8598
v 35.6944 -5.39355 11.8409
v 35.8563 -5.36863 11.7813
v 35.7766 -5.38089 11.8147
v 35.9328 -5.35686 11.741
v 36.0055 -5.34566 11.6942
v 36.3028 -5.69045 11.4486
v 36.4688 -6.06057 11.217
v 36.4356 -6.0642 11.2976
v 36.4949 -6.05771 11.1338
v 36.3956 -6.06859 11.375
v 36.349 -6.07369 11.4486
v 36.4483 -5.67129 11.1338
v 36.4223 -5.67472 11.217
v 36.3892 -5.67907 11.2976
v 36.3492 -5.68433 11.375
v 36.2962 -6.07947 11.5178
v 36.1917 -5.70507 11.5821
v 36.1279 -5.71347 11.641
v 36.2501 -5.69738 11.5178
v 36.3344 -5.29505 11.2976
v 36.2945 -5.30118 11.375
v 36.2482 -5.30831 11.4486
v 36.3933 -5.28598 11.1338
v 36.3674 -5.28997 11.217
v 36.1957 -5.31638 11.5178
v 36.1375 -5.32535 11.5821
v 36.0739 -5.33513 11.641
v 35.3786 -5.06969 11.875
v 35.4645 -5.05455 11.8712
v 35.3108 -4.70785 11.875
v 35.3962 -4.69085 11.8712
v 35.4811 -4.67397 11.8598
v 35.1514 -3.98905 11.875
v 35.235 -4.34758 11.875
v 35.3201 -4.32872 11.8712
v 35.4045 -4.31 11.8598
v 35.4877 -4.29156 11.8409
v 35.06 -3.63243 11.875
v 35.1442 -3.60987 11.8712
v 35.2361 -3.96833 11.8712
v 35.3201 -3.94778 11.8598
v 35.4028 -3.92753 11.8409
v 35.4836 -3.90776 11.8147
v 35.2277 -3.58749 11.8598
v 35.31 -3.56544 11.8409
v 36.3485 -4.89868 11.0486
v 36.3634 -4.89604 10.875
v 36.3597 -4.8967 10.9622
v 36.2915 -4.51276 10.875
v 36.2878 -4.5135 10.9622
v 36.2766 -4.51572 11.0486
v 35.5496 -5.03953 11.8598
v 35.6335 -5.02474 11.8409
v 35.7155 -5.0103 11.8147
v 36.0117 -4.95807 11.641
v 35.7948 -4.9963 11.7813
v 35.871 -4.98286 11.741
v 35.9435 -4.97009 11.6942
v 35.5646 -4.65736 11.8409
v 35.7253 -4.6254 11.7813
v 35.6462 -4.64113 11.8147
v 36.0043 -4.5699 11.5821
v 36.0621 -4.5584 11.5178
v 35.9412 -4.58245 11.641
v 35.8011 -4.61031 11.741
v 35.8733 -4.59595 11.6942
v 36.3299 -4.90196 11.1338
v 36.304 -4.90651 11.217
v 36.2712 -4.91231 11.2976
v 36.1853 -4.92744 11.4486
v 36.2315 -4.9193 11.375
v 36.133 -4.93666 11.5178
v 36.075 -4.9469 11.5821
v 36.1996 -4.53104 11.2976
v 36.2581 -4.51941 11.1338
v 36.2324 -4.52453 11.217
v 36.1601 -4.5389 11.375
v 36.1142 -4.54804 11.4486
v 36.2113 -4.13114 10.875
v 36.1965 -4.13443 11.0486
v 36.2076 -4.13197 10.9622
v 36.1227 -3.75136 10.875
v 36.119 -3.75227 10.9622
v 36.108 -3.75498 11.0486
v 36.0347 -4.17028 11.4486
v 35.5689 -4.27355 11.8147
v 35.6476 -4.25611 11.7813
v 35.7231 -4.23936 11.741
v 35.8625 -4.20846 11.641
v 35.9253 -4.19454 11.5821
v 35.795 -4.22344 11.6942
v 35.9829 -4.18178 11.5178
v 36.0317 -3.77363 11.2976
v 35.9926 -3.78321 11.375
v 35.9471 -3.79435 11.4486
v 35.7758 -3.83627 11.641
v 35.5619 -3.8886 11.7813
v 35.6371 -3.87021 11.741
v 35.7085 -3.85272 11.6942
v 35.8382 -3.82098 11.5821
v 35.8955 -3.80697 11.5178
v 36.1524 -4.14419 11.217
v 36.178 -4.13852 11.1338
v 36.1198 -4.15142 11.2976
v 36.0805 -4.16014 11.375
v 36.0896 -3.75946 11.1338
v 36.0642 -3.7657 11.217
v 18.7608 7.875 -9.875
v 19.1063 7.87122 -9.875
v 19.4525 7.85989 -9.875
v 19.7983 7.84101 -9.875
v 20.1436 7.81459 -9.875
v 20.4883 7.78064 -9.875
v 18.7609 8.875 -11.875
v 18.7609 8.96216 -11.8712
v 19.1281 8.87098 -11.875
v 19.13 8.95812 -11.8712
v 18.7609 9.04865 -11.8598
v 18.7609 9.13382 -11.8409
v 18.7609 9.21702 -11.8147
v 18.7609 9.29762 -11.7813
v 18.7609 9.375 -11.741
v 18.761 9.44858 -11.6942
v 18.761 9.51779 -11.641
v 18.761 9.58211 -11.5821
v 18.761 9.64104 -11.5178
v 18.761 9.69415 -11.4486
v 18.761 9.74102 -11.375
v 18.761 9.78131 -11.2976
v 18.761 9.81469 -11.217
v 18.761 9.84093 -11.1338
v 19.1319 9.04459 -11.8598
v 19.1338 9.12974 -11.8409
v 19.1356 9.21292 -11.8147
v 19.1373 9.2935 -11.7813
v 19.139 9.37086 -11.741
v 19.1406 9.44442 -11.6942
v 19.1421 9.51362 -11.641
v 19.1436 9.57792 -11.5821
v 19.1448 9.63685 -11.5178
v 19.146 9.68994 -11.4486
v 19.147 9.7368 -11.375
v 19.1479 9.77708 -11.2976
v 19.1486 9.81045 -11.217
v 19.1492 9.83668 -11.1338
v 18.761 9.85981 -11.0486
v 18.761 9.87119 -10.9622
v 18.761 9.875 -10.875
v 19.1496 9.85556 -11.0486
v 19.1499 9.86694 -10.9622
v 19.1499 9.87075 -10.875
v 19.4961 8.85894 -11.875
v 19.4999 8.94601 -11.8712
v 19.5037 9.03242 -11.8598
v 19.8637 8.83887 -11.875
v 19.8694 8.92584 -11.8712
v 19.875 9.01215 -11.8598
v 20.2308 8.81079 -11.875
v 20.2383 8.89761 -11.8712
v 20.2459 8.98377 -11.8598
v 20.5971 8.7747 -11.875
v 20.6066 8.86134 -11.8712
v 19.5074 9.11751 -11.8409
v 19.511 9.20063 -11.8147
v 19.5145 9.28115 -11.7813
v 19.5179 9.35846 -11.741
v 19.5211 9.43197 -11.6942
v 19.8806 9.09713 -11.8409
v 19.886 9.18016 -11.8147
v 19.8913 9.26058 -11.7813
v 19.8964 9.3378 -11.741
v 19.9012 9.41122 -11.6942
v 19.5241 9.50111 -11.641
v 19.5269 9.56537 -11.5821
v 19.5295 9.62425 -11.5178
v 19.9057 9.48028 -11.641
v 19.9099 9.54446 -11.5821
v 19.9138 9.60327 -11.5178
v 19.5318 9.67731 -11.4486
v 19.5339 9.72414 -11.375
v 19.5356 9.76438 -11.2976
v 19.5371 9.79774 -11.217
v 19.5382 9.82395 -11.1338
v 19.9173 9.65627 -11.4486
v 19.9203 9.70304 -11.375
v 19.923 9.74324 -11.2976
v 19.9251 9.77655 -11.217
v 19.9269 9.80273 -11.1338
v 20.2533 9.06862 -11.8409
v 20.2606 9.1515 -11.8147
v 20.2676 9.2318 -11.7813
v 20.2743 9.30888 -11.741
v 20.2807 9.38218 -11.6942
v 20.2868 9.45113 -11.641
v 20.2924 9.5152 -11.5821
v 20.2975 9.57391 -11.5178
v 20.3021 9.62682 -11.4486
v 20.3062 9.67352 -11.375
v 20.3097 9.71364 -11.2976
v 20.3127 9.7469 -11.217
v 20.3149 9.77304 -11.1338
v 19.539 9.84281 -11.0486
v 19.5395 9.85419 -10.9622
v 19.5397 9.85799 -10.875
v 19.9281 9.82157 -11.0486
v 19.9288 9.83293 -10.9622
v 19.9291 9.83673 -10.875
v 20.3166 9.79185 -11.0486
v 20.3176 9.80319 -10.9622
v 20.3179 9.80698 -10.875
v 20.8321 7.73919 -9.875
v 21.175 7.69024 -9.875
v 21.5167 7.63382 -9.875
v 22.8688 7.33407 -9.875
v 21.8571 7.56997 -9.875
v 22.196 7.4987 -9.875
v 22.5333 7.42006 -9.875
v 20.616 8.94732 -11.8598
v 20.6253 9.03198 -11.8409
v 20.9626 8.73063 -11.875
v 20.974 8.81704 -11.8712
v 20.9853 8.90279 -11.8598
v 20.9964 8.98724 -11.8409
v 21.3271 8.6786 -11.875
v 21.3403 8.76474 -11.8712
v 21.3535 8.85023 -11.8598
v 21.3665 8.93441 -11.8409
v 21.3791 9.01664 -11.8147
v 21.6903 8.61863 -11.875
v 21.7054 8.70446 -11.8712
v 21.7205 8.78964 -11.8598
v 21.7353 8.87352 -11.8409
v 21.7497 8.95545 -11.8147
v 20.6344 9.11469 -11.8147
v 20.6431 9.19481 -11.7813
v 20.6516 9.27173 -11.741
v 20.6596 9.34487 -11.6942
v 20.6671 9.41367 -11.641
v 21.0073 9.06973 -11.8147
v 21.0178 9.14963 -11.7813
v 21.0279 9.22635 -11.741
v 21.0375 9.2993 -11.6942
v 21.0465 9.36792 -11.641
v 21.0549 9.43169 -11.5821
v 20.6741 9.4776 -11.5821
v 20.6805 9.53619 -11.5178
v 21.0626 9.49012 -11.5178
v 20.6863 9.58898 -11.4486
v 20.6914 9.63558 -11.375
v 20.6958 9.67562 -11.2976
v 20.6994 9.70881 -11.217
v 20.7023 9.73489 -11.1338
v 21.0695 9.54278 -11.4486
v 21.0757 9.58925 -11.375
v 21.0809 9.62919 -11.2976
v 21.0853 9.66229 -11.217
v 21.0887 9.68829 -11.1338
v 21.3914 9.0963 -11.7813
v 21.4031 9.17278 -11.741
v 21.4143 9.2455 -11.6942
v 21.4249 9.31391 -11.641
v 21.4347 9.37748 -11.5821
v 21.4436 9.43573 -11.5178
v 21.4517 9.48822 -11.4486
v 21.4588 9.53455 -11.375
v 21.465 9.57436 -11.2976
v 21.47 9.60736 -11.217
v 21.474 9.63328 -11.1338
v 20.7043 9.75366 -11.0486
v 20.7056 9.76497 -10.9622
v 20.706 9.76876 -10.875
v 21.0912 9.70702 -11.0486
v 21.0927 9.7183 -10.9622
v 21.0932 9.72208 -10.875
v 21.4769 9.65195 -11.0486
v 21.4786 9.6632 -10.9622
v 21.4792 9.66696 -10.875
v 22.0521 8.55075 -11.875
v 21.7637 9.03483 -11.7813
v 22.0692 8.63623 -11.8712
v 22.086 8.72106 -11.8598
v 22.1026 8.8046 -11.8409
v 22.1189 8.8862 -11.8147
v 22.1346 8.96525 -11.7813
v 22.4124 8.47499 -11.875
v 22.4313 8.56009 -11.8712
v 22.771 8.3914 -11.875
v 22.7917 8.47606 -11.8712
v 22.8122 8.56007 -11.8598
v 22.45 8.64453 -11.8598
v 22.4684 8.72768 -11.8409
v 22.4864 8.80891 -11.8147
v 22.5039 8.8876 -11.7813
v 22.5206 8.96314 -11.741
v 22.5366 9.03498 -11.6942
v 22.8325 8.6428 -11.8409
v 22.8522 8.72362 -11.8147
v 22.8714 8.8019 -11.7813
v 22.8898 8.87707 -11.741
v 21.7771 9.11103 -11.741
v 21.7899 9.18349 -11.6942
v 21.8019 9.25165 -11.641
v 21.8131 9.31499 -11.5821
v 21.8233 9.37304 -11.5178
v 22.1497 9.04114 -11.741
v 22.164 9.11331 -11.6942
v 22.1776 9.18119 -11.641
v 22.1901 9.24427 -11.5821
v 22.2016 9.30208 -11.5178
v 21.8326 9.42534 -11.4486
v 22.212 9.35416 -11.4486
v 22.2211 9.40014 -11.375
v 22.229 9.43964 -11.2976
v 21.8407 9.4715 -11.375
v 21.8477 9.51117 -11.2976
v 21.8535 9.54405 -11.217
v 21.858 9.56988 -11.1338
v 22.2355 9.47239 -11.217
v 22.2406 9.49812 -11.1338
v 22.5515 9.10255 -11.641
v 22.5655 9.16534 -11.5821
v 22.5782 9.22288 -11.5178
v 22.5897 9.27473 -11.4486
v 22.5999 9.32049 -11.375
v 22.6086 9.35982 -11.2976
v 22.6158 9.39241 -11.217
v 22.6215 9.41803 -11.1338
v 21.8613 9.58848 -11.0486
v 21.8633 9.59969 -10.9622
v 21.864 9.60344 -10.875
v 22.2443 9.51664 -11.0486
v 22.2465 9.5278 -10.9622
v 22.2472 9.53154 -10.875
v 22.6256 9.43646 -11.0486
v 22.628 9.44758 -10.9622
v 22.6289 9.45129 -10.875
v 25.4691 6.38764 -9.875
v 26.0903 6.0813 -9.875
v 25.7813 6.23785 -9.875
v 26.9955 5.57173 -9.875
v 27.2896 5.38884 -9.875
v 26.3957 5.91804 -9.875
v 26.6975 5.74815 -9.875
v 23.8344 8.09397 -11.875
v 23.8606 8.1771 -11.8712
v 24.1843 7.97945 -11.875
v 24.2123 8.06198 -11.8712
v 24.2401 8.14388 -11.8598
v 24.5316 7.85731 -11.875
v 24.5614 7.93921 -11.8712
v 24.591 8.02049 -11.8598
v 24.8761 7.72763 -11.875
v 24.6201 8.10052 -11.8409
v 24.6486 8.17871 -11.8147
v 24.9077 7.80886 -11.8712
v 24.9391 7.88947 -11.8598
v 24.9699 7.96885 -11.8409
v 25.0001 8.0464 -11.8147
v 25.0293 8.12152 -11.7813
v 25.0574 8.19364 -11.741
v 23.2023 7.24079 -9.875
v 23.5337 7.14026 -9.875
v 23.8629 7.03252 -9.875
v 24.1896 6.91762 -9.875
v 24.5137 6.79562 -9.875
v 24.8351 6.66659 -9.875
v 25.1536 6.53057 -9.875
v 23.1276 8.3 -11.875
v 23.1501 8.38418 -11.8712
v 23.1725 8.46773 -11.8598
v 23.1946 8.55 -11.8409
v 22.9073 8.94854 -11.6942
v 22.9237 9.01576 -11.641
v 23.2161 8.63036 -11.8147
v 23.237 8.70822 -11.7813
v 23.257 8.78296 -11.741
v 23.276 8.85403 -11.6942
v 23.2939 8.92088 -11.641
v 23.3106 8.98301 -11.5821
v 23.4821 8.20084 -11.875
v 23.5065 8.28452 -11.8712
v 23.5307 8.36755 -11.8598
v 23.5545 8.44932 -11.8409
v 23.5778 8.5292 -11.8147
v 23.6004 8.60658 -11.7813
v 23.8866 8.25958 -11.8598
v 23.9122 8.34081 -11.8409
v 23.9373 8.42016 -11.8147
v 23.9615 8.49703 -11.7813
v 23.9848 8.57083 -11.741
v 23.622 8.68087 -11.741
v 23.6426 8.7515 -11.6942
v 23.662 8.81795 -11.641
v 23.68 8.8797 -11.5821
v 23.6965 8.93628 -11.5178
v 24.0069 8.641 -11.6942
v 24.0277 8.70701 -11.641
v 23.7113 8.98727 -11.4486
v 23.7245 9.03227 -11.375
v 22.939 9.07824 -11.5821
v 22.953 9.13549 -11.5178
v 23.3258 9.03994 -11.5178
v 22.9657 9.18707 -11.4486
v 22.9768 9.2326 -11.375
v 22.9864 9.27173 -11.2976
v 22.9943 9.30416 -11.217
v 23.0005 9.32964 -11.1338
v 23.3396 9.09124 -11.4486
v 23.3517 9.13651 -11.375
v 23.3621 9.17542 -11.2976
v 23.3708 9.20767 -11.217
v 23.3776 9.23301 -11.1338
v 23.7357 9.07094 -11.2976
v 23.7451 9.10299 -11.217
v 23.7524 9.12818 -11.1338
v 23.005 9.34798 -11.0486
v 23.0077 9.35904 -10.9622
v 23.0086 9.36274 -10.875
v 23.3825 9.25125 -11.0486
v 23.3854 9.26225 -10.9622
v 23.3864 9.26592 -10.875
v 23.7577 9.14631 -11.0486
v 23.7609 9.15724 -10.9622
v 23.7619 9.16089 -10.875
v 24.2675 8.22453 -11.8409
v 24.2942 8.30332 -11.8147
v 24.3201 8.37964 -11.7813
v 24.345 8.45291 -11.741
v 24.3687 8.52258 -11.6942
v 24.3909 8.58812 -11.641
v 24.047 8.76835 -11.5821
v 24.0648 8.82456 -11.5178
v 24.4116 8.64903 -11.5821
v 24.4305 8.70484 -11.5178
v 24.0807 8.87521 -11.4486
v 24.0948 8.91992 -11.375
v 24.1069 8.95833 -11.2976
v 24.117 8.99017 -11.217
v 24.1249 9.01519 -11.1338
v 24.4476 8.75513 -11.4486
v 24.4627 8.79951 -11.375
v 24.4756 8.83766 -11.2976
v 24.4863 8.86927 -11.217
v 24.4948 8.89411 -11.1338
v 24.6761 8.25444 -11.7813
v 24.7026 8.32716 -11.741
v 24.7278 8.3963 -11.6942
v 24.7514 8.46134 -11.641
v 24.7734 8.52178 -11.5821
v 24.7936 8.57716 -11.5178
v 25.084 8.26221 -11.6942
v 25.1091 8.32672 -11.641
v 25.1324 8.38666 -11.5821
v 25.1538 8.44159 -11.5178
v 25.173 8.49109 -11.4486
v 24.8118 8.62706 -11.4486
v 24.8278 8.67111 -11.375
v 24.8416 8.70896 -11.2976
v 24.853 8.74034 -11.217
v 24.862 8.76499 -11.1338
v 24.1305 9.0332 -11.0486
v 24.5008 8.91199 -11.0486
v 24.5045 8.92277 -10.9622
v 24.5057 8.92638 -10.875
v 24.8684 8.78273 -11.0486
v 24.8723 8.79343 -10.9622
v 24.8736 8.79701 -10.875
v 24.134 9.04406 -10.9622
v 24.1351 9.04769 -10.875
v 25.8917 7.29394 -11.875
v 26.2236 7.13473 -11.875
v 26.2622 7.21289 -11.8712
v 26.3004 7.29047 -11.8598
v 25.2178 7.59047 -11.875
v 25.2511 7.67099 -11.8712
v 25.2842 7.7509 -11.8598
v 25.5564 7.44588 -11.875
v 25.5915 7.52566 -11.8712
v 25.6263 7.60482 -11.8598
v 25.6606 7.68278 -11.8409
v 25.6941 7.75894 -11.8147
v 25.3168 7.82958 -11.8409
v 25.3487 7.90645 -11.8147
v 25.3795 7.98092 -11.7813
v 25.4091 8.05241 -11.741
v 25.4373 8.12038 -11.6942
v 25.4638 8.18433 -11.641
v 25.7266 7.83271 -11.7813
v 25.7577 7.90354 -11.741
v 25.9285 7.37293 -11.8712
v 25.9651 7.45132 -11.8598
v 26.0011 7.52851 -11.8409
v 26.0362 7.60392 -11.8147
v 26.0703 7.67697 -11.7813
v 26.103 7.7471 -11.741
v 25.7874 7.97088 -11.6942
v 25.8152 8.03423 -11.641
v 25.8411 8.0931 -11.5821
v 25.8649 8.14705 -11.5178
v 26.1341 7.81378 -11.6942
v 26.1633 7.87651 -11.641
v 26.1905 7.9348 -11.5821
v 26.2154 7.98822 -11.5178
v 26.2379 8.03635 -11.4486
v 26.2577 8.07883 -11.375
v 26.2747 8.11534 -11.2976
v 26.2888 8.14559 -11.217
v 26.2999 8.16937 -11.1338
v 26.3079 8.18648 -11.0486
v 26.8767 6.79476 -11.875
v 26.552 6.96831 -11.875
v 26.5923 7.04562 -11.8712
v 26.6322 7.12234 -11.8598
v 26.6715 7.19788 -11.8409
v 26.7099 7.27168 -11.8147
v 26.7472 7.34317 -11.7813
v 26.9186 6.87118 -11.8712
v 27.1975 6.61418 -11.875
v 27.2411 6.68966 -11.8712
v 27.2843 6.76456 -11.8598
v 27.3269 6.83832 -11.8409
v 27.3685 6.91038 -11.8147
v 26.9602 6.94701 -11.8598
v 27.0012 7.02168 -11.8409
v 27.0412 7.09462 -11.8147
v 27.08 7.16528 -11.7813
v 27.1172 7.23313 -11.741
v 27.1526 7.29763 -11.6942
v 27.4088 6.98018 -11.7813
v 27.4475 7.04719 -11.741
v 26.3381 7.36686 -11.8409
v 26.3749 7.44148 -11.8147
v 26.4105 7.51376 -11.7813
v 26.4448 7.58316 -11.741
v 26.4773 7.64915 -11.6942
v 26.5079 7.71123 -11.641
v 26.5364 7.76891 -11.5821
v 26.7829 7.41181 -11.741
v 26.8169 7.47708 -11.6942
v 26.8488 7.53847 -11.641
v 26.8785 7.59552 -11.5821
v 26.5624 7.82177 -11.5178
v 26.5859 7.8694 -11.4486
v 26.6067 7.91144 -11.375
v 26.6245 7.94757 -11.2976
v 26.6392 7.97751 -11.217
v 26.6508 8.00104 -11.1338
v 27.1859 7.35831 -11.641
v 26.9057 7.6478 -11.5178
v 27.2168 7.4147 -11.5821
v 27.2451 7.46638 -11.5178
v 26.9303 7.6949 -11.4486
v 26.9519 7.73648 -11.375
v 26.9705 7.77221 -11.2976
v 27.2707 7.51294 -11.4486
v 27.2932 7.55403 -11.375
v 27.3126 7.58935 -11.2976
v 27.3287 7.61862 -11.217
v 27.3413 7.64162 -11.1338
v 26.9859 7.80183 -11.217
v 26.998 7.82509 -11.1338
v 26.6592 8.01797 -11.0486
v 26.6642 8.02819 -10.9622
v 26.6659 8.0316 -10.875
v 27.3504 7.65817 -11.0486
v 27.3558 7.66815 -10.9622
v 27.3577 7.67149 -10.875
v 27.0067 7.84184 -11.0486
v 27.012 7.85194 -10.9622
v 27.0138 7.85532 -10.875
v 25.4884 8.24375 -11.5821
v 25.5109 8.2982 -11.5178
v 25.19 8.53478 -11.375
v 25.2046 8.57232 -11.2976
v 25.2167 8.60343 -11.217
v 25.5313 8.34727 -11.4486
v 25.5492 8.39057 -11.375
v 25.5646 8.42779 -11.2976
v 25.5774 8.45863 -11.217
v 25.5874 8.48287 -11.1338
v 25.2262 8.62788 -11.1338
v 25.8863 8.19566 -11.4486
v 25.9051 8.23856 -11.375
v 25.9214 8.27544 -11.2976
v 25.9348 8.30599 -11.217
v 25.9454 8.33 -11.1338
v 25.5947 8.50031 -11.0486
v 25.599 8.51083 -10.9622
v 25.6005 8.51435 -10.875
v 25.2331 8.64548 -11.0486
v 25.2372 8.65609 -10.9622
v 25.2386 8.65964 -10.875
v 25.953 8.34729 -11.0486
v 25.9576 8.35771 -10.9622
v 25.9591 8.36119 -10.875
v 26.3127 8.1968 -10.9622
v 26.3143 8.20025 -10.875
v 31.9596 0.819677 -9.875
v 31.764 1.10553 -9.875
v 31.5623 1.38704 -9.875
v 31.4473 3.12646 -11.875
v 31.9206 2.56246 -11.875
v 31.9885 2.61701 -11.8712
v 31.687 2.84704 -11.875
v 31.7538 2.90306 -11.8712
v 31.82 2.95866 -11.8598
v 31.8853 3.01341 -11.8409
v 31.949 3.06689 -11.8147
v 32.0107 3.11869 -11.7813
v 30.2275 2.97777 -9.875
v 30.4643 2.72499 -9.875
v 30.6955 2.46711 -9.875
v 31.3545 1.66409 -9.875
v 31.1407 1.93654 -9.875
v 30.921 2.20425 -9.875
v 34.0008 -3.55771 -9.875
v 33.9003 -3.2263 -9.875
v 33.7925 -2.89715 -9.875
v 33.6776 -2.57043 -9.875
v 33.4266 -1.9249 -9.875
v 33.5556 -2.2463 -9.875
v 34.2059 -1.20365 -11.875
v 34.2857 -1.16855 -11.8712
v 33.7283 -0.207992 -11.875
v 34.0539 -0.868317 -11.875
v 34.1329 -0.831483 -11.8712
v 34.2113 -0.79493 -11.8598
v 34.2885 -0.758935 -11.8409
v 33.8947 -0.536378 -11.875
v 33.9729 -0.49783 -11.8712
v 34.0505 -0.459576 -11.8598
v 34.1269 -0.421906 -11.8409
v 34.2015 -0.385107 -11.8147
v 34.2738 -0.349459 -11.7813
v 34.3432 -0.315234 -11.741
v 33.1476 -1.29094 -9.875
v 32.8413 -0.669741 -9.875
v 32.9979 -0.978667 -9.875
v 32.678 -0.364303 -9.875
v 33.2906 -1.6064 -9.875
v 34.854 -2.92559 -11.875
v 34.9608 -3.27789 -11.875
v 35.0445 -3.2535 -11.8712
v 35.1276 -3.22929 -11.8598
v 35.3904 -3.54391 -11.8147
v 35.4682 -3.52305 -11.7813
v 35.2093 -3.20546 -11.8409
v 35.2892 -3.18218 -11.8147
v 35.3666 -3.15962 -11.7813
v 34.9371 -2.89938 -11.8712
v 35.0196 -2.87337 -11.8598
v 35.1008 -2.84776 -11.8409
v 35.1802 -2.82274 -11.8147
v 35.4409 -3.13797 -11.741
v 35.257 -2.79851 -11.7813
v 35.3308 -2.77524 -11.741
v 35.401 -2.75311 -11.6942
v 35.467 -2.7323 -11.641
v 34.7394 -2.57571 -11.875
v 34.822 -2.54769 -11.8712
v 34.9039 -2.51989 -11.8598
v 34.6173 -2.22841 -11.875
v 34.4876 -1.88386 -11.875
v 34.6992 -2.1986 -11.8712
v 34.7805 -2.16902 -11.8598
v 34.8605 -2.13989 -11.8409
v 34.9845 -2.49251 -11.8409
v 35.0633 -2.46577 -11.8147
v 35.1396 -2.43986 -11.7813
v 35.2129 -2.41499 -11.741
v 35.2826 -2.39134 -11.6942
v 35.3481 -2.36909 -11.641
v 35.409 -2.34842 -11.5821
v 35.4648 -2.32947 -11.5178
v 34.9387 -2.11143 -11.8147
v 35.0144 -2.08387 -11.7813
v 35.0872 -2.0574 -11.741
v 35.1563 -2.03224 -11.6942
v 35.2213 -2.00856 -11.641
v 35.2818 -1.98657 -11.5821
v 35.3372 -1.96641 -11.5178
v 35.3871 -1.94824 -11.4486
v 35.4311 -1.93221 -11.375
v 35.469 -1.91843 -11.2976
v 35.543 -3.50302 -11.741
v 35.614 -3.48398 -11.6942
v 35.6809 -3.46606 -11.641
v 35.743 -3.44942 -11.5821
v 35.7999 -3.43416 -11.5178
v 35.8512 -3.42042 -11.4486
v 35.8965 -3.40828 -11.375
v 35.9354 -3.39786 -11.2976
v 35.9677 -3.38922 -11.217
v 35.993 -3.38243 -11.1338
v 35.5115 -3.11738 -11.6942
v 35.5779 -3.09801 -11.641
v 35.6397 -3.08002 -11.5821
v 35.6963 -3.06352 -11.5178
v 35.7473 -3.04866 -11.4486
v 35.7923 -3.03555 -11.375
v 35.8309 -3.02427 -11.2976
v 35.863 -3.01493 -11.217
v 35.8882 -3.00759 -11.1338
v 36.0112 -3.37754 -11.0486
v 36.0222 -3.37459 -10.9622
v 36.0259 -3.37361 -10.875
v 35.9063 -3.00231 -11.0486
v 35.9172 -2.99912 -10.9622
v 35.9209 -2.99806 -10.875
v 35.5284 -2.71296 -11.5821
v 35.5846 -2.69524 -11.5178
v 35.6352 -2.67927 -11.4486
v 35.6799 -2.66517 -11.375
v 35.7183 -2.65306 -11.2976
v 35.7502 -2.64302 -11.217
v 35.7752 -2.63513 -11.1338
v 35.5151 -2.3124 -11.4486
v 35.5595 -2.29733 -11.375
v 35.5977 -2.28439 -11.2976
v 35.6293 -2.27365 -11.217
v 35.6541 -2.26522 -11.1338
v 35.5003 -1.90702 -11.217
v 35.525 -1.89804 -11.1338
v 35.7932 -2.62945 -11.0486
v 35.8041 -2.62603 -10.9622
v 35.8077 -2.62488 -10.875
v 35.672 -2.25915 -11.0486
v 35.6828 -2.25549 -10.9622
v 35.6864 -2.25427 -10.875
v 35.5427 -1.89159 -11.0486
v 35.5534 -1.88769 -10.9622
v 35.557 -1.88639 -10.875
v 34.5689 -1.85227 -11.8712
v 34.3505 -1.54222 -11.875
v 34.431 -1.50886 -11.8712
v 34.5109 -1.47576 -11.8598
v 34.6495 -1.82092 -11.8598
v 34.7289 -1.79005 -11.8409
v 34.8064 -1.7599 -11.8147
v 34.8815 -1.73069 -11.7813
v 34.5896 -1.44317 -11.8409
v 34.3648 -1.13371 -11.8598
v 34.4428 -1.09941 -11.8409
v 34.5189 -1.0659 -11.8147
v 34.6665 -1.41133 -11.8147
v 34.7409 -1.38049 -11.7813
v 34.8124 -1.35088 -11.741
v 34.8804 -1.32272 -11.6942
v 34.9536 -1.70264 -11.741
v 35.0222 -1.67597 -11.6942
v 35.0867 -1.65089 -11.641
v 35.1467 -1.62758 -11.5821
v 35.2016 -1.60621 -11.5178
v 35.2511 -1.58697 -11.4486
v 35.2948 -1.56998 -11.375
v 35.3323 -1.55538 -11.2976
v 35.3634 -1.54328 -11.217
v 35.3879 -1.53377 -11.1338
v 34.9443 -1.29623 -11.641
v 35.0037 -1.27162 -11.5821
v 35.0582 -1.24906 -11.5178
v 35.1073 -1.22874 -11.4486
v 35.1506 -1.2108 -11.375
v 35.1878 -1.19539 -11.2976
v 35.2186 -1.18261 -11.217
v 35.2429 -1.17257 -11.1338
v 35.4055 -1.52693 -11.0486
v 35.4161 -1.5228 -10.9622
v 35.4196 -1.52142 -10.875
v 35.2603 -1.16535 -11.0486
v 35.2708 -1.16099 -10.9622
v 35.2743 -1.15953 -10.875
v 34.5927 -1.03344 -11.7813
v 34.3639 -0.723773 -11.8147
v 34.437 -0.689711 -11.7813
v 34.5071 -0.657008 -11.741
v 34.5738 -0.625913 -11.6942
v 34.6635 -1.00228 -11.741
v 34.7309 -0.972644 -11.6942
v 34.7942 -0.944769 -11.641
v 34.8531 -0.918865 -11.5821
v 34.9071 -0.895128 -11.5178
v 34.4092 -0.282692 -11.6942
v 34.4712 -0.252081 -11.641
v 34.5289 -0.223633 -11.5821
v 34.6365 -0.596663 -11.641
v 34.6948 -0.569481 -11.5821
v 34.7482 -0.544572 -11.5178
v 34.7963 -0.522128 -11.4486
v 34.8388 -0.502319 -11.375
v 34.8753 -0.485295 -11.2976
v 34.9056 -0.471186 -11.217
v 34.9557 -0.873739 -11.4486
v 34.9986 -0.854861 -11.375
v 35.0354 -0.838637 -11.2976
v 35.066 -0.825191 -11.217
v 35.09 -0.814626 -11.1338
v 34.9294 -0.460099 -11.1338
v 35.1073 -0.807022 -11.0486
v 35.1177 -0.802436 -10.9622
v 35.1212 -0.800903 -10.875
v 34.9465 -0.452119 -11.0486
v 34.9568 -0.447307 -10.9622
v 34.9603 -0.445699 -10.875
v 33.1866 0.754299 -11.875
v 32.791 1.37525 -11.875
v 32.8635 1.42367 -11.8712
v 32.9922 1.06693 -11.875
v 33.0657 1.11376 -11.8712
v 33.1387 1.16023 -11.8598
v 32.9354 1.47172 -11.8598
v 33.5548 0.116685 -11.875
v 33.6312 0.158606 -11.8712
v 33.707 0.200208 -11.8598
v 33.3742 0.4375 -11.875
v 33.4497 0.481078 -11.8712
v 33.5246 0.524324 -11.8598
v 33.5983 0.56691 -11.8409
v 33.6704 0.60851 -11.8147
v 33.8056 -0.167748 -11.8712
v 33.8823 -0.12781 -11.8598
v 33.9579 -0.0884828 -11.8409
v 34.0317 -0.0500648 -11.8147
v 34.1032 -0.0128488 -11.7813
v 34.1718 0.0228822 -11.741
v 34.2371 0.056856 -11.6942
v 34.2985 0.0888141 -11.641
v 33.7817 0.241175 -11.8409
v 33.8546 0.281193 -11.8147
v 33.9253 0.31996 -11.7813
v 33.9931 0.35718 -11.741
v 34.0576 0.392569 -11.6942
v 34.1183 0.425859 -11.641
v 34.1747 0.456796 -11.5821
v 34.2264 0.485144 -11.5178
v 34.2729 0.510688 -11.4486
v 34.314 0.533234 -11.375
v 33.2611 0.799513 -11.8712
v 33.3351 0.844383 -11.8598
v 33.4079 0.888567 -11.8409
v 33.479 0.93173 -11.8147
v 33.7402 0.648809 -11.7813
v 33.5479 0.973542 -11.7813
v 33.6141 1.01369 -11.741
v 33.677 1.05185 -11.6942
v 33.2105 1.20599 -11.8409
v 33.2807 1.2507 -11.8147
v 33.3487 1.294 -11.7813
v 33.4139 1.33558 -11.741
v 33.476 1.37511 -11.6942
v 33.7362 1.08776 -11.641
v 33.5344 1.4123 -11.641
v 33.5886 1.44686 -11.5821
v 33.8072 0.6875 -11.741
v 33.8709 0.724288 -11.6942
v 33.9309 0.758894 -11.641
v 33.9865 0.791053 -11.5821
v 34.0376 0.820522 -11.5178
v 34.0836 0.847076 -11.4486
v 34.1242 0.870513 -11.375
v 34.1591 0.890654 -11.2976
v 34.188 0.907346 -11.217
v 34.2107 0.920463 -11.1338
v 33.7912 1.12113 -11.5821
v 33.8415 1.1517 -11.5178
v 33.8869 1.17925 -11.4486
v 33.927 1.20357 -11.375
v 33.9615 1.22447 -11.2976
v 33.99 1.24179 -11.217
v 34.0124 1.2554 -11.1338
v 34.227 0.929904 -11.0486
v 34.2369 0.935597 -10.9622
v 34.2402 0.9375 -10.875
v 34.0286 1.26519 -11.0486
v 34.0383 1.2711 -10.9622
v 34.0415 1.27307 -10.875
v 32.5082 -0.0625 -9.875
v 32.3317 0.235525 -9.875
v 32.1488 0.529631 -9.875
v 32.5832 1.6791 -11.875
v 32.1478 2.27285 -11.875
v 32.3688 1.97835 -11.875
v 32.439 2.02989 -11.8712
v 32.5088 2.08103 -11.8598
v 32.5775 2.13139 -11.8409
v 32.6546 1.72909 -11.8712
v 32.7254 1.7787 -11.8598
v 32.7952 1.82755 -11.8409
v 32.8634 1.87528 -11.8147
v 33.0062 1.51904 -11.8409
v 33.0754 1.56526 -11.8147
v 33.1424 1.61004 -11.7813
v 32.6446 2.18059 -11.8147
v 32.7096 2.22825 -11.7813
v 32.772 2.27401 -11.741
v 32.9294 1.92151 -11.7813
v 32.9928 1.96589 -11.741
v 33.053 2.00809 -11.6942
v 33.1097 2.04779 -11.641
v 33.1624 2.08468 -11.5821
v 32.217 2.32591 -11.8712
v 32.2856 2.37856 -11.8598
v 32.056 2.67115 -11.8598
v 32.1224 2.72446 -11.8409
v 32.3532 2.43041 -11.8409
v 32.4192 2.48106 -11.8147
v 32.4831 2.53012 -11.7813
v 32.5445 2.57723 -11.741
v 32.6029 2.62202 -11.6942
v 32.1873 2.77654 -11.8147
v 32.2501 2.82699 -11.7813
v 32.3105 2.87542 -11.741
v 32.3679 2.92147 -11.6942
v 32.4219 2.96479 -11.641
v 32.472 3.00505 -11.5821
v 32.518 3.04194 -11.5178
v 32.5594 3.07519 -11.4486
v 32.596 3.10452 -11.375
v 32.6274 3.12974 -11.2976
v 32.8313 2.31751 -11.6942
v 32.8871 2.35844 -11.641
v 32.6578 2.66415 -11.641
v 32.7088 2.70331 -11.5821
v 32.939 2.39647 -11.5821
v 32.9865 2.43132 -11.5178
v 33.0294 2.46272 -11.4486
v 33.0672 2.49044 -11.375
v 33.0996 2.51426 -11.2976
v 33.1266 2.534 -11.217
v 33.1477 2.54951 -11.1338
v 32.7556 2.73919 -11.5178
v 32.7977 2.77152 -11.4486
v 32.8349 2.80005 -11.375
v 32.8669 2.82457 -11.2976
v 32.8933 2.8449 -11.217
v 32.9142 2.86087 -11.1338
v 32.6534 3.15063 -11.217
v 33.1629 2.56068 -11.0486
v 33.1721 2.56741 -10.9622
v 33.1752 2.56966 -10.875
v 32.9291 2.87236 -11.0486
v 32.9382 2.87929 -10.9622
v 32.9412 2.88161 -10.875
v 33.2068 1.65303 -11.741
v 33.268 1.69391 -11.6942
v 33.3255 1.73236 -11.641
v 33.379 1.7681 -11.5821
v 33.428 1.80084 -11.5178
v 33.6383 1.47853 -11.5178
v 33.4721 1.83034 -11.4486
v 33.6831 1.50706 -11.4486
v 33.7226 1.53225 -11.375
v 33.7566 1.55389 -11.2976
v 33.5111 1.85639 -11.375
v 33.5446 1.87877 -11.2976
v 33.2107 2.11849 -11.5178
v 33.2542 2.14895 -11.4486
v 33.2926 2.17583 -11.375
v 33.3256 2.19894 -11.2976
v 33.3529 2.21809 -11.217
v 33.3744 2.23313 -11.1338
v 33.5724 1.89731 -11.217
v 33.5942 1.91189 -11.1338
v 33.7848 1.57183 -11.217
v 33.8069 1.58592 -11.1338
v 33.3899 2.24396 -11.0486
v 33.3992 2.2505 -10.9622
v 33.4023 2.25268 -10.875
v 33.6099 1.92238 -11.0486
v 33.6194 1.9287 -10.9622
v 33.6225 1.93082 -10.875
v 33.8228 1.59607 -11.0486
v 33.8324 1.60219 -10.9622
v 33.8356 1.60423 -10.875
v 34.5818 -0.197566 -11.5178
v 34.3555 0.118513 -11.5821
v 34.4078 0.145728 -11.5178
v 34.6294 -0.174077 -11.4486
v 34.4549 0.17025 -11.4486
v 34.4965 0.191894 -11.375
v 34.5322 0.210494 -11.2976
v 34.6714 -0.153345 -11.375
v 34.7076 -0.135529 -11.2976
v 34.7375 -0.120763 -11.217
v 34.761 -0.10916 -11.1338
v 34.5618 0.22591 -11.217
v 34.5851 0.238023 -11.1338
v 34.3493 0.552609 -11.2976
v 34.3786 0.568667 -11.217
v 34.4016 0.581285 -11.1338
v 34.778 -0.100809 -11.0486
v 34.7882 -0.0957727 -10.9622
v 34.7916 -0.0940897 -10.875
v 34.6018 0.246741 -11.0486
v 34.6119 0.251999 -10.9622
v 34.6153 0.253756 -10.875
v 34.4182 0.590367 -11.0486
v 34.4282 0.595844 -10.9622
v 34.4315 0.597674 -10.875
v 28.147 4.80231 -9.875
v 28.4241 4.59448 -9.875
v 29.7378 3.46753 -9.875
v 29.2271 3.93546 -9.875
v 29.485 3.70428 -9.875
v 28.6965 4.38067 -9.875
v 28.9643 4.16096 -9.875
v 27.5143 6.42664 -11.875
v 27.5595 6.50115 -11.8712
v 27.8269 6.23223 -11.875
v 27.8738 6.30574 -11.8712
v 27.9202 6.37868 -11.8598
v 27.966 6.45052 -11.8409
v 28.1352 6.03105 -11.875
v 28.4391 5.82319 -11.875
v 28.4891 5.89458 -11.8712
v 28.5387 5.96544 -11.8598
v 28.5876 6.0352 -11.8409
v 28.1837 6.10352 -11.8712
v 28.2317 6.17543 -11.8598
v 28.279 6.24625 -11.8409
v 28.3253 6.31543 -11.8147
v 28.37 6.38244 -11.7813
v 28.413 6.44678 -11.741
v 28.4539 6.50796 -11.6942
v 28.7383 5.60875 -11.875
v 29.0328 5.38784 -11.875
v 29.0859 5.45698 -11.8712
v 29.1386 5.5256 -11.8598
v 29.1904 5.59317 -11.8409
v 29.3225 5.16055 -11.875
v 29.377 5.22852 -11.8712
v 29.607 4.927 -11.875
v 29.6631 4.99377 -11.8712
v 29.7187 5.06002 -11.8598
v 29.4311 5.29598 -11.8598
v 29.2411 5.65918 -11.8147
v 29.4845 5.3624 -11.8409
v 29.5365 5.42729 -11.8147
v 29.587 5.49014 -11.7813
v 29.6354 5.55049 -11.741
v 29.6815 5.60787 -11.6942
v 29.7248 5.66185 -11.641
v 28.7899 5.67904 -11.8712
v 28.841 5.74879 -11.8598
v 28.8914 5.81748 -11.8409
v 28.9406 5.88457 -11.8147
v 28.9882 5.94957 -11.7813
v 29.034 6.01197 -11.741
v 29.0775 6.07131 -11.6942
v 28.6353 6.10336 -11.8147
v 28.6815 6.16938 -11.7813
v 28.7259 6.23277 -11.741
v 28.7681 6.29304 -11.6942
v 28.8078 6.34973 -11.641
v 28.8447 6.40242 -11.5821
v 28.8785 6.4507 -11.5178
v 29.1184 6.12713 -11.641
v 29.1565 6.179 -11.5821
v 29.1913 6.22653 -11.5178
v 28.9089 6.4942 -11.4486
v 29.2901 5.72312 -11.7813
v 29.3372 5.78451 -11.741
v 29.382 5.84289 -11.6942
v 29.4242 5.8978 -11.641
v 29.4633 5.94882 -11.5821
v 29.7651 5.71201 -11.5821
v 29.4992 5.99558 -11.5178
v 29.5315 6.03771 -11.4486
v 29.5601 6.0749 -11.375
v 29.2227 6.26935 -11.4486
v 29.2504 6.30715 -11.375
v 29.2743 6.33964 -11.2976
v 29.294 6.36656 -11.217
v 29.3095 6.38772 -11.1338
v 29.5846 6.10686 -11.2976
v 29.6049 6.13335 -11.217
v 29.6209 6.15416 -11.1338
v 29.3207 6.40295 -11.0486
v 29.3274 6.41213 -10.9622
v 29.3297 6.4152 -10.875
v 29.6324 6.16914 -11.0486
v 29.6393 6.17817 -10.9622
v 29.6416 6.18119 -10.875
v 27.5797 5.19958 -9.875
v 27.8655 5.00404 -9.875
v 30.6924 3.93243 -11.875
v 30.7541 3.99406 -11.8712
v 29.8865 4.6873 -11.875
v 29.9439 4.75282 -11.8712
v 30.001 4.81785 -11.8598
v 30.1606 4.44156 -11.875
v 30.2195 4.50581 -11.8712
v 30.2779 4.56958 -11.8598
v 30.3354 4.63238 -11.8409
v 30.4293 4.18989 -11.875
v 30.4896 4.25285 -11.8712
v 30.5494 4.31533 -11.8598
v 30.6083 4.37685 -11.8409
v 30.8152 4.05521 -11.8598
v 30.8754 4.11544 -11.8409
v 30.3917 4.69372 -11.8147
v 30.4461 4.75314 -11.7813
v 30.4984 4.81019 -11.741
v 30.6658 4.43695 -11.8147
v 30.7215 4.49518 -11.7813
v 30.775 4.55107 -11.741
v 30.8259 4.60422 -11.6942
v 30.8738 4.65422 -11.641
v 31.2016 3.40058 -11.875
v 31.2658 3.45947 -11.8712
v 31.3296 3.5179 -11.8598
v 31.3924 3.57544 -11.8409
v 30.9499 3.66928 -11.875
v 31.0128 3.72955 -11.8712
v 31.0753 3.78936 -11.8598
v 31.1369 3.84826 -11.8409
v 31.4537 3.63165 -11.8147
v 31.197 3.90579 -11.8147
v 31.2552 3.96153 -11.7813
v 31.5128 3.18393 -11.8712
v 31.5779 3.24095 -11.8598
v 31.6419 3.29711 -11.8409
v 31.7044 3.35197 -11.8147
v 31.765 3.40511 -11.7813
v 31.8232 3.45613 -11.741
v 31.8785 3.50465 -11.6942
v 31.9306 3.55028 -11.641
v 31.5131 3.6861 -11.7813
v 31.5702 3.73838 -11.741
v 31.6244 3.78809 -11.6942
v 31.6755 3.83485 -11.641
v 31.7229 3.8783 -11.5821
v 31.7663 3.91812 -11.5178
v 31.9789 3.59269 -11.5821
v 32.0232 3.63155 -11.5178
v 31.8055 3.954 -11.4486
v 31.8401 3.98566 -11.375
v 30.9343 4.17427 -11.8147
v 30.9913 4.23126 -11.7813
v 31.046 4.28598 -11.741
v 31.098 4.33801 -11.6942
v 31.1469 4.38695 -11.641
v 31.3111 4.01504 -11.741
v 31.3642 4.06592 -11.6942
v 31.4142 4.11378 -11.641
v 31.4607 4.15826 -11.5821
v 31.1924 4.43243 -11.5821
v 30.9183 4.70068 -11.5821
v 30.959 4.74325 -11.5178
v 31.2341 4.4741 -11.5178
v 30.9957 4.78162 -11.4486
v 31.0282 4.81548 -11.375
v 31.2717 4.51165 -11.4486
v 31.3048 4.5448 -11.375
v 31.3333 4.57328 -11.2976
v 31.3569 4.59689 -11.217
v 31.3754 4.61544 -11.1338
v 31.5033 4.19901 -11.5178
v 31.5416 4.23574 -11.4486
v 31.5755 4.26815 -11.375
v 31.6046 4.29601 -11.2976
v 31.6287 4.31909 -11.217
v 31.6476 4.33723 -11.1338
v 31.8698 4.01288 -11.2976
v 31.8944 4.03543 -11.217
v 31.9137 4.05315 -11.1338
v 31.3888 4.62879 -11.0486
v 31.3968 4.63684 -10.9622
v 31.3995 4.63953 -10.875
v 31.6613 4.35029 -11.0486
v 31.6695 4.35816 -10.9622
v 31.6723 4.3608 -10.875
v 31.9276 4.06591 -11.0486
v 31.936 4.0736 -10.9622
v 31.9388 4.07617 -10.875
v 29.9853 3.22532 -9.875
v 29.7734 5.12527 -11.8409
v 29.8269 5.189 -11.8147
v 29.8787 5.25074 -11.7813
v 30.0571 4.88189 -11.8409
v 30.112 4.94444 -11.8147
v 30.1651 5.00504 -11.7813
v 30.2161 5.06322 -11.741
v 30.2646 5.11853 -11.6942
v 30.3103 5.17057 -11.641
v 29.9284 5.31002 -11.741
v 29.9757 5.36638 -11.6942
v 30.0202 5.4194 -11.641
v 30.0616 5.46868 -11.5821
v 30.0994 5.51382 -11.5178
v 30.1336 5.55451 -11.4486
v 30.1637 5.59041 -11.375
v 30.1896 5.62127 -11.2976
v 30.2111 5.64685 -11.217
v 30.2279 5.66694 -11.1338
v 30.5481 4.86444 -11.6942
v 30.5948 4.91547 -11.641
v 30.3527 5.21893 -11.5821
v 30.6383 4.96289 -11.5821
v 30.6781 5.00634 -11.5178
v 30.714 5.0455 -11.4486
v 30.7457 5.08006 -11.375
v 30.7729 5.10976 -11.2976
v 30.7954 5.13437 -11.217
v 30.8132 5.15371 -11.1338
v 30.3915 5.26324 -11.5178
v 30.4266 5.30317 -11.4486
v 30.4575 5.33841 -11.375
v 30.484 5.3687 -11.2976
v 30.506 5.3938 -11.217
v 30.5233 5.41352 -11.1338
v 30.8259 5.16763 -11.0486
v 30.8336 5.17603 -10.9622
v 30.8362 5.17883 -10.875
v 30.5358 5.42771 -11.0486
v 30.5433 5.43628 -10.9622
v 30.5458 5.43914 -10.875
v 29.8019 5.75798 -11.5178
v 29.8352 5.79939 -11.4486
v 29.8645 5.83595 -11.375
v 29.8897 5.86737 -11.2976
v 29.9106 5.8934 -11.217
v 29.9271 5.91386 -11.1338
v 29.9389 5.92859 -11.0486
v 29.946 5.93747 -10.9622
v 29.9484 5.94043 -10.875
v 30.2401 5.68141 -11.0486
v 30.2474 5.69013 -10.9622
v 30.2498 5.69304 -10.875
v 31.056 4.84458 -11.2976
v 31.0791 4.86869 -11.217
v 31.0972 4.88764 -11.1338
v 31.1103 4.90128 -11.0486
v 31.1182 4.90951 -10.9622
v 31.1208 4.91226 -10.875
v 27.6044 6.57509 -11.8598
v 27.6486 6.64791 -11.8409
v 27.6917 6.71903 -11.8147
v 27.7335 6.78794 -11.7813
v 28.0107 6.52069 -11.8147
v 27.7737 6.85409 -11.741
v 27.8119 6.917 -11.6942
v 27.4843 7.11091 -11.6942
v 27.5189 7.17085 -11.641
v 27.5511 7.22655 -11.5821
v 27.5805 7.27759 -11.5178
v 27.8478 6.97616 -11.641
v 27.8811 7.03115 -11.5821
v 27.9117 7.08154 -11.5178
v 27.6071 7.32359 -11.4486
v 27.9393 7.12694 -11.4486
v 27.9636 7.16701 -11.375
v 27.9845 7.20145 -11.2976
v 28.0018 7.22999 -11.217
v 28.0154 7.25242 -11.1338
v 28.054 6.58866 -11.7813
v 28.0956 6.65393 -11.741
v 28.1351 6.71598 -11.6942
v 28.1723 6.77435 -11.641
v 28.2069 6.8286 -11.5821
v 28.2385 6.87831 -11.5178
v 28.4924 6.56551 -11.641
v 28.5281 6.61899 -11.5821
v 28.5608 6.66799 -11.5178
v 28.2671 6.9231 -11.4486
v 28.5903 6.71215 -11.4486
v 28.6164 6.75112 -11.375
v 28.2922 6.96263 -11.375
v 28.3139 6.9966 -11.2976
v 28.3318 7.02476 -11.217
v 28.3459 7.04688 -11.1338
v 28.0252 7.26856 -11.0486
v 28.0311 7.2783 -10.9622
v 28.0331 7.28155 -10.875
v 28.3561 7.06281 -11.0486
v 28.3622 7.07241 -10.9622
v 28.3642 7.07562 -10.875
v 27.6305 7.36418 -11.375
v 27.6507 7.39906 -11.2976
v 27.6673 7.42798 -11.217
v 27.6805 7.4507 -11.1338
v 27.6899 7.46705 -11.0486
v 27.6956 7.47691 -10.9622
v 27.6975 7.4802 -10.875
v 28.6388 6.78462 -11.2976
v 28.6573 6.81238 -11.217
v 28.6719 6.83419 -11.1338
v 28.9358 6.5326 -11.375
v 28.9589 6.56559 -11.2976
v 28.9781 6.59294 -11.217
v 28.9931 6.61443 -11.1338
v 28.6824 6.84989 -11.0486
v 28.6887 6.85936 -10.9622
v 28.6908 6.86252 -10.875
v 29.004 6.6299 -11.0486
v 29.0105 6.63923 -10.9622
v 29.0127 6.64234 -10.875
v 32.07 3.16843 -11.741
v 32.1264 3.21573 -11.6942
v 32.1794 3.26022 -11.641
v 32.2287 3.30156 -11.5821
v 32.2738 3.33944 -11.5178
v 32.3145 3.37358 -11.4486
v 32.3504 3.40371 -11.375
v 32.3813 3.4296 -11.2976
v 32.4068 3.45106 -11.217
v 32.4269 3.46793 -11.1338
v 32.0632 3.66657 -11.4486
v 32.0984 3.69747 -11.375
v 32.1287 3.72403 -11.2976
v 32.1538 3.74604 -11.217
v 32.1735 3.76334 -11.1338
v 32.6739 3.16705 -11.1338
v 32.4414 3.48006 -11.0486
v 32.4501 3.48738 -10.9622
v 32.453 3.48983 -10.875
v 32.1877 3.77579 -11.0486
v 32.1963 3.7833 -10.9622
v 32.1991 3.78581 -10.875
v 32.6886 3.17887 -11.0486
v 32.6975 3.186 -10.9622
v 32.7004 3.18838 -10.875
v 18.7608 7.875 9.875
v 19.1063 7.87122 9.875
v 19.4525 7.85989 9.875
v 19.7983 7.84101 9.875
v 20.1436 7.81459 9.875
v 20.4883 7.78064 9.875
v 18.7609 8.875 11.875
v 18.7609 8.96216 11.8712
v 19.1281 8.87098 11.875
v 19.13 8.95812 11.8712
v 18.761 9.875 10.875
v 18.761 9.87119 10.9622
v 18.761 9.85981 11.0486
v 19.1499 9.87075 10.875
v 19.1499 9.86694 10.9622
v 19.1496 9.85556 11.0486
v 18.7609 9.04865 11.8598
v 18.7609 9.13382 11.8409
v 18.7609 9.21702 11.8147
v 18.7609 9.29762 11.7813
v 18.7609 9.375 11.741
v 18.761 9.44858 11.6942
v 18.761 9.81469 11.217
v 18.761 9.84093 11.1338
v 18.761 9.78131 11.2976
v 18.761 9.74102 11.375
v 18.761 9.69415 11.4486
v 18.761 9.51779 11.641
v 18.761 9.58211 11.5821
v 18.761 9.64104 11.5178
v 19.1319 9.04459 11.8598
v 19.1338 9.12974 11.8409
v 19.1356 9.21292 11.8147
v 19.1373 9.2935 11.7813
v 19.139 9.37086 11.741
v 19.1406 9.44442 11.6942
v 19.1486 9.81045 11.217
v 19.1492 9.83668 11.1338
v 19.1479 9.77708 11.2976
v 19.147 9.7368 11.375
v 19.146 9.68994 11.4486
v 19.1421 9.51362 11.641
v 19.1436 9.57792 11.5821
v 19.1448 9.63685 11.5178
v 19.4961 8.85894 11.875
v 19.4999 8.94601 11.8712
v 19.5037 9.03242 11.8598
v 19.8637 8.83887 11.875
v 19.8694 8.92584 11.8712
v 19.875 9.01215 11.8598
v 20.2308 8.81079 11.875
v 20.2383 8.89761 11.8712
v 20.2459 8.98377 11.8598
v 20.5971 8.7747 11.875
v 20.6066 8.86134 11.8712
v 19.5397 9.85799 10.875
v 19.5395 9.85419 10.9622
v 19.539 9.84281 11.0486
v 19.9291 9.83673 10.875
v 19.9288 9.83293 10.9622
v 19.9281 9.82157 11.0486
v 20.3179 9.80698 10.875
v 20.3176 9.80319 10.9622
v 20.3166 9.79185 11.0486
v 19.5074 9.11751 11.8409
v 19.511 9.20063 11.8147
v 19.5145 9.28115 11.7813
v 19.5179 9.35846 11.741
v 19.5211 9.43197 11.6942
v 19.8806 9.09713 11.8409
v 19.886 9.18016 11.8147
v 19.8913 9.26058 11.7813
v 19.8964 9.3378 11.741
v 19.9012 9.41122 11.6942
v 19.5356 9.76438 11.2976
v 19.5371 9.79774 11.217
v 19.5382 9.82395 11.1338
v 19.5339 9.72414 11.375
v 19.5318 9.67731 11.4486
v 19.9173 9.65627 11.4486
v 19.923 9.74324 11.2976
v 19.9269 9.80273 11.1338
v 19.9251 9.77655 11.217
v 19.9203 9.70304 11.375
v 19.5241 9.50111 11.641
v 19.5269 9.56537 11.5821
v 19.5295 9.62425 11.5178
v 19.9099 9.54446 11.5821
v 19.9057 9.48028 11.641
v 19.9138 9.60327 11.5178
v 20.2533 9.06862 11.8409
v 20.2676 9.2318 11.7813
v 20.2606 9.1515 11.8147
v 20.2868 9.45113 11.641
v 20.2743 9.30888 11.741
v 20.2807 9.38218 11.6942
v 20.3021 9.62682 11.4486
v 20.3127 9.7469 11.217
v 20.3097 9.71364 11.2976
v 20.3149 9.77304 11.1338
v 20.3062 9.67352 11.375
v 20.2924 9.5152 11.5821
v 20.2975 9.57391 11.5178
v 20.8321 7.73919 9.875
v 21.175 7.69024 9.875
v 21.5167 7.63382 9.875
v 22.8688 7.33407 9.875
v 21.8571 7.56997 9.875
v 22.196 7.4987 9.875
v 22.5333 7.42006 9.875
v 20.616 8.94732 11.8598
v 20.6253 9.03198 11.8409
v 20.9626 8.73063 11.875
v 20.974 8.81704 11.8712
v 20.9853 8.90279 11.8598
v 20.9964 8.98724 11.8409
v 21.3271 8.6786 11.875
v 21.3403 8.76474 11.8712
v 21.3535 8.85023 11.8598
v 21.3665 8.93441 11.8409
v 21.3791 9.01664 11.8147
v 21.6903 8.61863 11.875
v 21.7054 8.70446 11.8712
v 21.7205 8.78964 11.8598
v 21.7353 8.87352 11.8409
v 21.7497 8.95545 11.8147
v 20.706 9.76876 10.875
v 20.7056 9.76497 10.9622
v 20.7043 9.75366 11.0486
v 21.0932 9.72208 10.875
v 21.0927 9.7183 10.9622
v 21.0912 9.70702 11.0486
v 21.4786 9.6632 10.9622
v 21.4769 9.65195 11.0486
v 21.4792 9.66696 10.875
v 20.6344 9.11469 11.8147
v 20.6431 9.19481 11.7813
v 20.6671 9.41367 11.641
v 20.6516 9.27173 11.741
v 20.6596 9.34487 11.6942
v 21.0073 9.06973 11.8147
v 21.0178 9.14963 11.7813
v 21.0279 9.22635 11.741
v 21.0549 9.43169 11.5821
v 21.0465 9.36792 11.641
v 21.0375 9.2993 11.6942
v 20.6914 9.63558 11.375
v 20.6863 9.58898 11.4486
v 20.6994 9.70881 11.217
v 20.7023 9.73489 11.1338
v 20.6958 9.67562 11.2976
v 21.0853 9.66229 11.217
v 21.0809 9.62919 11.2976
v 21.0695 9.54278 11.4486
v 21.0757 9.58925 11.375
v 21.0887 9.68829 11.1338
v 20.6741 9.4776 11.5821
v 20.6805 9.53619 11.5178
v 21.0626 9.49012 11.5178
v 21.3914 9.0963 11.7813
v 21.4031 9.17278 11.741
v 21.4249 9.31391 11.641
v 21.4347 9.37748 11.5821
v 21.4436 9.43573 11.5178
v 21.4143 9.2455 11.6942
v 21.465 9.57436 11.2976
v 21.4588 9.53455 11.375
v 21.4517 9.48822 11.4486
v 21.47 9.60736 11.217
v 21.474 9.63328 11.1338
v 22.0521 8.55075 11.875
v 21.7637 9.03483 11.7813
v 22.0692 8.63623 11.8712
v 22.086 8.72106 11.8598
v 22.1026 8.8046 11.8409
v 22.1189 8.8862 11.8147
v 22.1346 8.96525 11.7813
v 22.4124 8.47499 11.875
v 22.4313 8.56009 11.8712
v 22.771 8.3914 11.875
v 22.7917 8.47606 11.8712
v 22.8122 8.56007 11.8598
v 22.45 8.64453 11.8598
v 22.4684 8.72768 11.8409
v 22.4864 8.80891 11.8147
v 22.5039 8.8876 11.7813
v 22.5206 8.96314 11.741
v 22.5366 9.03498 11.6942
v 22.8325 8.6428 11.8409
v 22.8714 8.8019 11.7813
v 22.8522 8.72362 11.8147
v 22.8898 8.87707 11.741
v 21.864 9.60344 10.875
v 21.8633 9.59969 10.9622
v 21.8613 9.58848 11.0486
v 22.2472 9.53154 10.875
v 22.2465 9.5278 10.9622
v 22.2443 9.51664 11.0486
v 22.6289 9.45129 10.875
v 22.628 9.44758 10.9622
v 22.6256 9.43646 11.0486
v 21.8326 9.42534 11.4486
v 22.229 9.43964 11.2976
v 22.2211 9.40014 11.375
v 22.212 9.35416 11.4486
v 21.7771 9.11103 11.741
v 21.7899 9.18349 11.6942
v 21.8131 9.31499 11.5821
v 21.8019 9.25165 11.641
v 21.8233 9.37304 11.5178
v 22.1776 9.18119 11.641
v 22.1901 9.24427 11.5821
v 22.1497 9.04114 11.741
v 22.164 9.11331 11.6942
v 22.2016 9.30208 11.5178
v 21.8535 9.54405 11.217
v 21.8477 9.51117 11.2976
v 21.858 9.56988 11.1338
v 21.8407 9.4715 11.375
v 22.2406 9.49812 11.1338
v 22.2355 9.47239 11.217
v 22.6086 9.35982 11.2976
v 22.5999 9.32049 11.375
v 22.5897 9.27473 11.4486
v 22.6158 9.39241 11.217
v 22.6215 9.41803 11.1338
v 22.5515 9.10255 11.641
v 22.5655 9.16534 11.5821
v 22.5782 9.22288 11.5178
v 25.4691 6.38764 9.875
v 26.0903 6.0813 9.875
v 25.7813 6.23785 9.875
v 26.9955 5.57173 9.875
v 27.2896 5.38884 9.875
v 26.3957 5.91804 9.875
v 26.6975 5.74815 9.875
v 23.2023 7.24079 9.875
v 23.5337 7.14026 9.875
v 23.8629 7.03252 9.875
v 24.1896 6.91762 9.875
v 24.5137 6.79562 9.875
v 24.8351 6.66659 9.875
v 25.1536 6.53057 9.875
v 23.8344 8.09397 11.875
v 23.8606 8.1771 11.8712
v 24.1843 7.97945 11.875
v 24.2123 8.06198 11.8712
v 24.2401 8.14388 11.8598
v 24.5316 7.85731 11.875
v 24.5614 7.93921 11.8712
v 24.591 8.02049 11.8598
v 24.8761 7.72763 11.875
v 24.6201 8.10052 11.8409
v 24.6486 8.17871 11.8147
v 24.9077 7.80886 11.8712
v 24.9391 7.88947 11.8598
v 24.9699 7.96885 11.8409
v 25.0001 8.0464 11.8147
v 25.0293 8.12152 11.7813
v 25.0574 8.19364 11.741
v 23.1276 8.3 11.875
v 23.1501 8.38418 11.8712
v 23.1725 8.46773 11.8598
v 23.1946 8.55 11.8409
v 22.9237 9.01576 11.641
v 22.9073 8.94854 11.6942
v 23.237 8.70822 11.7813
v 23.2161 8.63036 11.8147
v 23.257 8.78296 11.741
v 23.2939 8.92088 11.641
v 23.3106 8.98301 11.5821
v 23.276 8.85403 11.6942
v 23.4821 8.20084 11.875
v 23.5065 8.28452 11.8712
v 23.5307 8.36755 11.8598
v 23.5545 8.44932 11.8409
v 23.6004 8.60658 11.7813
v 23.5778 8.5292 11.8147
v 23.8866 8.25958 11.8598
v 23.9122 8.34081 11.8409
v 23.9615 8.49703 11.7813
v 23.9373 8.42016 11.8147
v 23.9848 8.57083 11.741
v 23.7245 9.03227 11.375
v 23.7113 8.98727 11.4486
v 23.662 8.81795 11.641
v 23.622 8.68087 11.741
v 23.6426 8.7515 11.6942
v 23.68 8.8797 11.5821
v 23.6965 8.93628 11.5178
v 24.0277 8.70701 11.641
v 24.0069 8.641 11.6942
v 23.0086 9.36274 10.875
v 23.005 9.34798 11.0486
v 23.0077 9.35904 10.9622
v 23.3864 9.26592 10.875
v 23.3854 9.26225 10.9622
v 23.3825 9.25125 11.0486
v 23.7619 9.16089 10.875
v 23.7609 9.15724 10.9622
v 23.7577 9.14631 11.0486
v 22.9768 9.2326 11.375
v 22.9657 9.18707 11.4486
v 23.0005 9.32964 11.1338
v 22.9943 9.30416 11.217
v 22.9864 9.27173 11.2976
v 23.3776 9.23301 11.1338
v 23.3708 9.20767 11.217
v 23.3621 9.17542 11.2976
v 23.3517 9.13651 11.375
v 23.3396 9.09124 11.4486
v 22.939 9.07824 11.5821
v 22.953 9.13549 11.5178
v 23.3258 9.03994 11.5178
v 23.7524 9.12818 11.1338
v 23.7451 9.10299 11.217
v 23.7357 9.07094 11.2976
v 24.1305 9.0332 11.0486
v 24.5057 8.92638 10.875
v 24.5045 8.92277 10.9622
v 24.5008 8.91199 11.0486
v 24.8736 8.79701 10.875
v 24.8723 8.79343 10.9622
v 24.8684 8.78273 11.0486
v 24.2675 8.22453 11.8409
v 24.3201 8.37964 11.7813
v 24.2942 8.30332 11.8147
v 24.3909 8.58812 11.641
v 24.345 8.45291 11.741
v 24.3687 8.52258 11.6942
v 24.1249 9.01519 11.1338
v 24.117 8.99017 11.217
v 24.1069 8.95833 11.2976
v 24.0948 8.91992 11.375
v 24.0807 8.87521 11.4486
v 24.4627 8.79951 11.375
v 24.4476 8.75513 11.4486
v 24.4863 8.86927 11.217
v 24.4948 8.89411 11.1338
v 24.4756 8.83766 11.2976
v 24.047 8.76835 11.5821
v 24.0648 8.82456 11.5178
v 24.4116 8.64903 11.5821
v 24.4305 8.70484 11.5178
v 25.173 8.49109 11.4486
v 24.6761 8.25444 11.7813
v 24.7026 8.32716 11.741
v 24.7278 8.3963 11.6942
v 24.7514 8.46134 11.641
v 24.7734 8.52178 11.5821
v 24.7936 8.57716 11.5178
v 25.1324 8.38666 11.5821
v 25.1091 8.32672 11.641
v 25.084 8.26221 11.6942
v 25.1538 8.44159 11.5178
v 24.8416 8.70896 11.2976
v 24.862 8.76499 11.1338
v 24.853 8.74034 11.217
v 24.8278 8.67111 11.375
v 24.8118 8.62706 11.4486
v 24.1351 9.04769 10.875
v 24.134 9.04406 10.9622
v 25.8917 7.29394 11.875
v 26.2236 7.13473 11.875
v 26.2622 7.21289 11.8712
v 26.3004 7.29047 11.8598
v 26.3079 8.18648 11.0486
v 25.2178 7.59047 11.875
v 25.2511 7.67099 11.8712
v 25.2842 7.7509 11.8598
v 25.5564 7.44588 11.875
v 25.5915 7.52566 11.8712
v 25.6263 7.60482 11.8598
v 25.6606 7.68278 11.8409
v 25.6941 7.75894 11.8147
v 25.3168 7.82958 11.8409
v 25.3795 7.98092 11.7813
v 25.3487 7.90645 11.8147
v 25.4638 8.18433 11.641
v 25.4091 8.05241 11.741
v 25.4373 8.12038 11.6942
v 25.7266 7.83271 11.7813
v 25.7577 7.90354 11.741
v 25.9285 7.37293 11.8712
v 25.9651 7.45132 11.8598
v 26.0011 7.52851 11.8409
v 26.0362 7.60392 11.8147
v 26.0703 7.67697 11.7813
v 26.103 7.7471 11.741
v 26.2999 8.16937 11.1338
v 26.2888 8.14559 11.217
v 26.2747 8.11534 11.2976
v 26.2577 8.07883 11.375
v 26.2379 8.03635 11.4486
v 25.7874 7.97088 11.6942
v 25.8152 8.03423 11.641
v 25.8411 8.0931 11.5821
v 25.8649 8.14705 11.5178
v 26.1633 7.87651 11.641
v 26.1905 7.9348 11.5821
v 26.1341 7.81378 11.6942
v 26.2154 7.98822 11.5178
v 26.8767 6.79476 11.875
v 26.552 6.96831 11.875
v 26.5923 7.04562 11.8712
v 26.6322 7.12234 11.8598
v 26.6715 7.19788 11.8409
v 26.7472 7.34317 11.7813
v 26.7099 7.27168 11.8147
v 26.9186 6.87118 11.8712
v 27.1975 6.61418 11.875
v 27.2411 6.68966 11.8712
v 27.2843 6.76456 11.8598
v 27.3269 6.83832 11.8409
v 27.3685 6.91038 11.8147
v 26.9602 6.94701 11.8598
v 27.0012 7.02168 11.8409
v 27.0412 7.09462 11.8147
v 27.08 7.16528 11.7813
v 27.1172 7.23313 11.741
v 27.1526 7.29763 11.6942
v 27.4088 6.98018 11.7813
v 27.4475 7.04719 11.741
v 26.6659 8.0316 10.875
v 26.6642 8.02819 10.9622
v 26.6592 8.01797 11.0486
v 27.3577 7.67149 10.875
v 27.3558 7.66815 10.9622
v 27.3504 7.65817 11.0486
v 27.0138 7.85532 10.875
v 27.012 7.85194 10.9622
v 27.0067 7.84184 11.0486
v 26.3381 7.36686 11.8409
v 26.3749 7.44148 11.8147
v 26.4105 7.51376 11.7813
v 26.5364 7.76891 11.5821
v 26.5079 7.71123 11.641
v 26.4448 7.58316 11.741
v 26.4773 7.64915 11.6942
v 26.8488 7.53847 11.641
v 26.7829 7.41181 11.741
v 26.8169 7.47708 11.6942
v 26.8785 7.59552 11.5821
v 26.5859 7.8694 11.4486
v 26.6067 7.91144 11.375
v 26.6392 7.97751 11.217
v 26.6245 7.94757 11.2976
v 26.6508 8.00104 11.1338
v 26.5624 7.82177 11.5178
v 26.9705 7.77221 11.2976
v 26.9519 7.73648 11.375
v 26.9303 7.6949 11.4486
v 27.2932 7.55403 11.375
v 27.2707 7.51294 11.4486
v 27.3287 7.61862 11.217
v 27.3126 7.58935 11.2976
v 27.3413 7.64162 11.1338
v 27.1859 7.35831 11.641
v 26.9057 7.6478 11.5178
v 27.2168 7.4147 11.5821
v 27.2451 7.46638 11.5178
v 26.998 7.82509 11.1338
v 26.9859 7.80183 11.217
v 25.6005 8.51435 10.875
v 25.5947 8.50031 11.0486
v 25.599 8.51083 10.9622
v 25.2386 8.65964 10.875
v 25.2372 8.65609 10.9622
v 25.2331 8.64548 11.0486
v 25.9591 8.36119 10.875
v 25.9576 8.35771 10.9622
v 25.953 8.34729 11.0486
v 26.3143 8.20025 10.875
v 26.3127 8.1968 10.9622
v 25.2167 8.60343 11.217
v 25.2046 8.57232 11.2976
v 25.19 8.53478 11.375
v 25.5492 8.39057 11.375
v 25.5313 8.34727 11.4486
v 25.5874 8.48287 11.1338
v 25.5774 8.45863 11.217
v 25.5646 8.42779 11.2976
v 25.4884 8.24375 11.5821
v 25.5109 8.2982 11.5178
v 25.2262 8.62788 11.1338
v 25.9214 8.27544 11.2976
v 25.9454 8.33 11.1338
v 25.9348 8.30599 11.217
v 25.8863 8.19566 11.4486
v 25.9051 8.23856 11.375
v 31.9596 0.819677 9.875
v 31.764 1.10553 9.875
v 31.5623 1.38704 9.875
v 30.2275 2.97777 9.875
v 30.4643 2.72499 9.875
v 30.6955 2.46711 9.875
v 31.3545 1.66409 9.875
v 31.1407 1.93654 9.875
v 30.921 2.20425 9.875
v 31.4473 3.12646 11.875
v 31.9206 2.56246 11.875
v 31.9885 2.61701 11.8712
v 31.687 2.84704 11.875
v 31.7538 2.90306 11.8712
v 31.82 2.95866 11.8598
v 31.8853 3.01341 11.8409
v 32.0107 3.11869 11.7813
v 31.949 3.06689 11.8147
v 34.0008 -3.55771 9.875
v 33.9003 -3.2263 9.875
v 33.7925 -2.89715 9.875
v 33.6776 -2.57043 9.875
v 33.4266 -1.9249 9.875
v 33.5556 -2.2463 9.875
v 33.1476 -1.29094 9.875
v 32.8413 -0.669741 9.875
v 32.9979 -0.978667 9.875
v 32.678 -0.364303 9.875
v 33.2906 -1.6064 9.875
v 34.2059 -1.20365 11.875
v 34.2857 -1.16855 11.8712
v 33.7283 -0.207992 11.875
v 34.0539 -0.868317 11.875
v 34.1329 -0.831483 11.8712
v 34.2113 -0.79493 11.8598
v 34.2885 -0.758935 11.8409
v 33.8947 -0.536378 11.875
v 33.9729 -0.49783 11.8712
v 34.0505 -0.459576 11.8598
v 34.1269 -0.421906 11.8409
v 34.2015 -0.385107 11.8147
v 34.2738 -0.349459 11.7813
v 34.3432 -0.315234 11.741
v 34.854 -2.92559 11.875
v 34.9608 -3.27789 11.875
v 35.0445 -3.2535 11.8712
v 35.1276 -3.22929 11.8598
v 35.4682 -3.52305 11.7813
v 35.3904 -3.54391 11.8147
v 35.2093 -3.20546 11.8409
v 35.2892 -3.18218 11.8147
v 35.3666 -3.15962 11.7813
v 34.9371 -2.89938 11.8712
v 35.0196 -2.87337 11.8598
v 35.1008 -2.84776 11.8409
v 35.1802 -2.82274 11.8147
v 35.4409 -3.13797 11.741
v 35.467 -2.7323 11.641
v 35.257 -2.79851 11.7813
v 35.3308 -2.77524 11.741
v 35.401 -2.75311 11.6942
v 34.7394 -2.57571 11.875
v 34.822 -2.54769 11.8712
v 34.9039 -2.51989 11.8598
v 34.6173 -2.22841 11.875
v 34.4876 -1.88386 11.875
v 34.6992 -2.1986 11.8712
v 34.7805 -2.16902 11.8598
v 34.8605 -2.13989 11.8409
v 34.9845 -2.49251 11.8409
v 35.1396 -2.43986 11.7813
v 35.0633 -2.46577 11.8147
v 35.409 -2.34842 11.5821
v 35.4648 -2.32947 11.5178
v 35.3481 -2.36909 11.641
v 35.2129 -2.41499 11.741
v 35.2826 -2.39134 11.6942
v 35.469 -1.91843 11.2976
v 35.4311 -1.93221 11.375
v 35.3871 -1.94824 11.4486
v 34.9387 -2.11143 11.8147
v 35.0144 -2.08387 11.7813
v 35.0872 -2.0574 11.741
v 35.1563 -2.03224 11.6942
v 35.2213 -2.00856 11.641
v 35.3372 -1.96641 11.5178
v 35.2818 -1.98657 11.5821
v 36.0259 -3.37361 10.875
v 36.0222 -3.37459 10.9622
v 36.0112 -3.37754 11.0486
v 35.9209 -2.99806 10.875
v 35.9172 -2.99912 10.9622
v 35.9063 -3.00231 11.0486
v 35.9677 -3.38922 11.217
v 35.993 -3.38243 11.1338
v 35.9354 -3.39786 11.2976
v 35.8965 -3.40828 11.375
v 35.8512 -3.42042 11.4486
v 35.6809 -3.46606 11.641
v 35.743 -3.44942 11.5821
v 35.543 -3.50302 11.741
v 35.614 -3.48398 11.6942
v 35.7999 -3.43416 11.5178
v 35.7473 -3.04866 11.4486
v 35.8882 -3.00759 11.1338
v 35.863 -3.01493 11.217
v 35.8309 -3.02427 11.2976
v 35.7923 -3.03555 11.375
v 35.5779 -3.09801 11.641
v 35.6963 -3.06352 11.5178
v 35.6397 -3.08002 11.5821
v 35.5115 -3.11738 11.6942
v 35.8077 -2.62488 10.875
v 35.8041 -2.62603 10.9622
v 35.7932 -2.62945 11.0486
v 35.6864 -2.25427 10.875
v 35.6828 -2.25549 10.9622
v 35.672 -2.25915 11.0486
v 35.557 -1.88639 10.875
v 35.5534 -1.88769 10.9622
v 35.5427 -1.89159 11.0486
v 35.7752 -2.63513 11.1338
v 35.7502 -2.64302 11.217
v 35.7183 -2.65306 11.2976
v 35.6799 -2.66517 11.375
v 35.6352 -2.67927 11.4486
v 35.5151 -2.3124 11.4486
v 35.5284 -2.71296 11.5821
v 35.5846 -2.69524 11.5178
v 35.6293 -2.27365 11.217
v 35.5977 -2.28439 11.2976
v 35.6541 -2.26522 11.1338
v 35.5595 -2.29733 11.375
v 35.525 -1.89804 11.1338
v 35.5003 -1.90702 11.217
v 35.4196 -1.52142 10.875
v 35.4161 -1.5228 10.9622
v 35.4055 -1.52693 11.0486
v 35.2743 -1.15953 10.875
v 35.2708 -1.16099 10.9622
v 35.2603 -1.16535 11.0486
v 34.5689 -1.85227 11.8712
v 34.3505 -1.54222 11.875
v 34.431 -1.50886 11.8712
v 34.5109 -1.47576 11.8598
v 34.6495 -1.82092 11.8598
v 34.7289 -1.79005 11.8409
v 34.8815 -1.73069 11.7813
v 34.8064 -1.7599 11.8147
v 34.5896 -1.44317 11.8409
v 34.3648 -1.13371 11.8598
v 34.4428 -1.09941 11.8409
v 34.5189 -1.0659 11.8147
v 34.7409 -1.38049 11.7813
v 34.6665 -1.41133 11.8147
v 34.8124 -1.35088 11.741
v 34.8804 -1.32272 11.6942
v 35.3323 -1.55538 11.2976
v 35.3879 -1.53377 11.1338
v 35.3634 -1.54328 11.217
v 35.2948 -1.56998 11.375
v 35.2511 -1.58697 11.4486
v 34.9536 -1.70264 11.741
v 35.0222 -1.67597 11.6942
v 35.1467 -1.62758 11.5821
v 35.2016 -1.60621 11.5178
v 35.0867 -1.65089 11.641
v 35.1878 -1.19539 11.2976
v 35.1506 -1.2108 11.375
v 35.1073 -1.22874 11.4486
v 35.2429 -1.17257 11.1338
v 35.2186 -1.18261 11.217
v 35.0037 -1.27162 11.5821
v 34.9443 -1.29623 11.641
v 35.0582 -1.24906 11.5178
v 35.1212 -0.800903 10.875
v 35.1177 -0.802436 10.9622
v 35.1073 -0.807022 11.0486
v 34.9603 -0.445699 10.875
v 34.9568 -0.447307 10.9622
v 34.9465 -0.452119 11.0486
v 34.5927 -1.03344 11.7813
v 34.437 -0.689711 11.7813
v 34.3639 -0.723773 11.8147
v 34.5071 -0.657008 11.741
v 34.5738 -0.625913 11.6942
v 34.7942 -0.944769 11.641
v 34.9071 -0.895128 11.5178
v 34.8531 -0.918865 11.5821
v 34.6635 -1.00228 11.741
v 34.7309 -0.972644 11.6942
v 34.9056 -0.471186 11.217
v 34.8753 -0.485295 11.2976
v 34.7963 -0.522128 11.4486
v 34.8388 -0.502319 11.375
v 34.4712 -0.252081 11.641
v 34.5289 -0.223633 11.5821
v 34.4092 -0.282692 11.6942
v 34.6948 -0.569481 11.5821
v 34.7482 -0.544572 11.5178
v 34.6365 -0.596663 11.641
v 35.0354 -0.838637 11.2976
v 34.9986 -0.854861 11.375
v 34.9557 -0.873739 11.4486
v 35.09 -0.814626 11.1338
v 35.066 -0.825191 11.217
v 34.9294 -0.460099 11.1338
v 32.5082 -0.0625 9.875
v 32.3317 0.235525 9.875
v 32.1488 0.529631 9.875
v 33.1866 0.754299 11.875
v 32.791 1.37525 11.875
v 32.8635 1.42367 11.8712
v 32.9922 1.06693 11.875
v 33.0657 1.11376 11.8712
v 33.1387 1.16023 11.8598
v 32.9354 1.47172 11.8598
v 33.5548 0.116685 11.875
v 33.6312 0.158606 11.8712
v 33.707 0.200208 11.8598
v 33.3742 0.4375 11.875
v 33.4497 0.481078 11.8712
v 33.5246 0.524324 11.8598
v 33.5983 0.56691 11.8409
v 33.6704 0.60851 11.8147
v 33.8056 -0.167748 11.8712
v 33.8823 -0.12781 11.8598
v 33.9579 -0.0884828 11.8409
v 34.0317 -0.0500648 11.8147
v 34.1032 -0.0128488 11.7813
v 34.2985 0.0888141 11.641
v 34.1718 0.0228822 11.741
v 34.2371 0.056856 11.6942
v 34.2729 0.510688 11.4486
v 34.314 0.533234 11.375
v 33.7817 0.241175 11.8409
v 33.8546 0.281193 11.8147
v 33.9253 0.31996 11.7813
v 33.9931 0.35718 11.741
v 34.0576 0.392569 11.6942
v 34.1183 0.425859 11.641
v 34.1747 0.456796 11.5821
v 34.2264 0.485144 11.5178
v 34.2402 0.9375 10.875
v 34.2369 0.935597 10.9622
v 34.227 0.929904 11.0486
v 34.0286 1.26519 11.0486
v 34.0415 1.27307 10.875
v 34.0383 1.2711 10.9622
v 33.2611 0.799513 11.8712
v 33.3351 0.844383 11.8598
v 33.4079 0.888567 11.8409
v 33.479 0.93173 11.8147
v 33.7402 0.648809 11.7813
v 33.5479 0.973542 11.7813
v 33.6141 1.01369 11.741
v 33.677 1.05185 11.6942
v 33.2105 1.20599 11.8409
v 33.2807 1.2507 11.8147
v 33.3487 1.294 11.7813
v 33.4139 1.33558 11.741
v 33.476 1.37511 11.6942
v 33.7362 1.08776 11.641
v 33.5886 1.44686 11.5821
v 33.5344 1.4123 11.641
v 34.188 0.907346 11.217
v 34.1591 0.890654 11.2976
v 34.2107 0.920463 11.1338
v 34.1242 0.870513 11.375
v 34.0836 0.847076 11.4486
v 33.9865 0.791053 11.5821
v 34.0376 0.820522 11.5178
v 33.9309 0.758894 11.641
v 33.8072 0.6875 11.741
v 33.8709 0.724288 11.6942
v 34.0124 1.2554 11.1338
v 33.99 1.24179 11.217
v 33.9615 1.22447 11.2976
v 33.8869 1.17925 11.4486
v 33.927 1.20357 11.375
v 33.8415 1.1517 11.5178
v 33.7912 1.12113 11.5821
v 32.5832 1.6791 11.875
v 32.1478 2.27285 11.875
v 32.3688 1.97835 11.875
v 32.439 2.02989 11.8712
v 32.5088 2.08103 11.8598
v 32.5775 2.13139 11.8409
v 32.6546 1.72909 11.8712
v 32.7254 1.7787 11.8598
v 32.7952 1.82755 11.8409
v 32.8634 1.87528 11.8147
v 33.0062 1.51904 11.8409
v 33.0754 1.56526 11.8147
v 33.1424 1.61004 11.7813
v 32.6446 2.18059 11.8147
v 32.7096 2.22825 11.7813
v 32.772 2.27401 11.741
v 33.1624 2.08468 11.5821
v 33.1097 2.04779 11.641
v 32.9294 1.92151 11.7813
v 32.9928 1.96589 11.741
v 33.053 2.00809 11.6942
v 33.1752 2.56966 10.875
v 33.1721 2.56741 10.9622
v 33.1629 2.56068 11.0486
v 32.9412 2.88161 10.875
v 32.9382 2.87929 10.9622
v 32.9291 2.87236 11.0486
v 32.217 2.32591 11.8712
v 32.2856 2.37856 11.8598
v 32.056 2.67115 11.8598
v 32.1224 2.72446 11.8409
v 32.3532 2.43041 11.8409
v 32.4192 2.48106 11.8147
v 32.4831 2.53012 11.7813
v 32.5445 2.57723 11.741
v 32.6029 2.62202 11.6942
v 32.6274 3.12974 11.2976
v 32.596 3.10452 11.375
v 32.5594 3.07519 11.4486
v 32.1873 2.77654 11.8147
v 32.2501 2.82699 11.7813
v 32.3105 2.87542 11.741
v 32.3679 2.92147 11.6942
v 32.472 3.00505 11.5821
v 32.4219 2.96479 11.641
v 32.518 3.04194 11.5178
v 33.0996 2.51426 11.2976
v 33.0294 2.46272 11.4486
v 33.0672 2.49044 11.375
v 33.1266 2.534 11.217
v 33.1477 2.54951 11.1338
v 32.8871 2.35844 11.641
v 32.8313 2.31751 11.6942
v 32.7088 2.70331 11.5821
v 32.6578 2.66415 11.641
v 32.939 2.39647 11.5821
v 32.9865 2.43132 11.5178
v 32.8669 2.82457 11.2976
v 32.9142 2.86087 11.1338
v 32.8933 2.8449 11.217
v 32.8349 2.80005 11.375
v 32.7977 2.77152 11.4486
v 32.6534 3.15063 11.217
v 32.7556 2.73919 11.5178
v 33.4023 2.25268 10.875
v 33.3992 2.2505 10.9622
v 33.3899 2.24396 11.0486
v 33.6225 1.93082 10.875
v 33.6194 1.9287 10.9622
v 33.6099 1.92238 11.0486
v 33.8356 1.60423 10.875
v 33.8324 1.60219 10.9622
v 33.8228 1.59607 11.0486
v 33.4721 1.83034 11.4486
v 33.7566 1.55389 11.2976
v 33.7226 1.53225 11.375
v 33.6831 1.50706 11.4486
v 33.5446 1.87877 11.2976
v 33.5111 1.85639 11.375
v 33.2068 1.65303 11.741
v 33.3255 1.73236 11.641
v 33.379 1.7681 11.5821
v 33.428 1.80084 11.5178
v 33.268 1.69391 11.6942
v 33.6383 1.47853 11.5178
v 33.3256 2.19894 11.2976
v 33.3744 2.23313 11.1338
v 33.3529 2.21809 11.217
v 33.2926 2.17583 11.375
v 33.2542 2.14895 11.4486
v 33.5942 1.91189 11.1338
v 33.5724 1.89731 11.217
v 33.2107 2.11849 11.5178
v 33.7848 1.57183 11.217
v 33.8069 1.58592 11.1338
v 34.7916 -0.0940897 10.875
v 34.778 -0.100809 11.0486
v 34.7882 -0.0957727 10.9622
v 34.6153 0.253756 10.875
v 34.6119 0.251999 10.9622
v 34.6018 0.246741 11.0486
v 34.4315 0.597674 10.875
v 34.4282 0.595844 10.9622
v 34.4182 0.590367 11.0486
v 34.6294 -0.174077 11.4486
v 34.5322 0.210494 11.2976
v 34.4549 0.17025 11.4486
v 34.4965 0.191894 11.375
v 34.761 -0.10916 11.1338
v 34.7375 -0.120763 11.217
v 34.7076 -0.135529 11.2976
v 34.6714 -0.153345 11.375
v 34.5818 -0.197566 11.5178
v 34.4078 0.145728 11.5178
v 34.3555 0.118513 11.5821
v 34.5851 0.238023 11.1338
v 34.5618 0.22591 11.217
v 34.4016 0.581285 11.1338
v 34.3786 0.568667 11.217
v 34.3493 0.552609 11.2976
v 28.147 4.80231 9.875
v 28.4241 4.59448 9.875
v 29.7378 3.46753 9.875
v 29.2271 3.93546 9.875
v 29.485 3.70428 9.875
v 28.6965 4.38067 9.875
v 28.9643 4.16096 9.875
v 27.5797 5.19958 9.875
v 27.8655 5.00404 9.875
v 27.5143 6.42664 11.875
v 27.5595 6.50115 11.8712
v 27.8269 6.23223 11.875
v 27.8738 6.30574 11.8712
v 27.9202 6.37868 11.8598
v 27.966 6.45052 11.8409
v 28.1352 6.03105 11.875
v 28.4391 5.82319 11.875
v 28.4891 5.89458 11.8712
v 28.5387 5.96544 11.8598
v 28.5876 6.0352 11.8409
v 28.1837 6.10352 11.8712
v 28.2317 6.17543 11.8598
v 28.279 6.24625 11.8409
v 28.3253 6.31543 11.8147
v 28.37 6.38244 11.7813
v 28.413 6.44678 11.741
v 28.4539 6.50796 11.6942
v 28.7383 5.60875 11.875
v 29.0328 5.38784 11.875
v 29.0859 5.45698 11.8712
v 29.1386 5.5256 11.8598
v 29.1904 5.59317 11.8409
v 29.3225 5.16055 11.875
v 29.377 5.22852 11.8712
v 29.607 4.927 11.875
v 29.6631 4.99377 11.8712
v 29.7187 5.06002 11.8598
v 29.4311 5.29598 11.8598
v 29.2411 5.65918 11.8147
v 29.4845 5.3624 11.8409
v 29.5365 5.42729 11.8147
v 29.7248 5.66185 11.641
v 29.587 5.49014 11.7813
v 29.6354 5.55049 11.741
v 29.6815 5.60787 11.6942
v 29.3297 6.4152 10.875
v 29.3207 6.40295 11.0486
v 29.3274 6.41213 10.9622
v 29.6416 6.18119 10.875
v 29.6393 6.17817 10.9622
v 29.6324 6.16914 11.0486
v 28.7899 5.67904 11.8712
v 28.841 5.74879 11.8598
v 28.8914 5.81748 11.8409
v 28.9406 5.88457 11.8147
v 28.9882 5.94957 11.7813
v 29.034 6.01197 11.741
v 29.0775 6.07131 11.6942
v 28.9089 6.4942 11.4486
v 28.6815 6.16938 11.7813
v 28.6353 6.10336 11.8147
v 28.7259 6.23277 11.741
v 28.7681 6.29304 11.6942
v 28.8447 6.40242 11.5821
v 28.8078 6.34973 11.641
v 28.8785 6.4507 11.5178
v 29.1565 6.179 11.5821
v 29.1184 6.12713 11.641
v 29.1913 6.22653 11.5178
v 29.5601 6.0749 11.375
v 29.5315 6.03771 11.4486
v 29.2901 5.72312 11.7813
v 29.3372 5.78451 11.741
v 29.382 5.84289 11.6942
v 29.4633 5.94882 11.5821
v 29.4242 5.8978 11.641
v 29.7651 5.71201 11.5821
v 29.4992 5.99558 11.5178
v 29.2227 6.26935 11.4486
v 29.3095 6.38772 11.1338
v 29.294 6.36656 11.217
v 29.2743 6.33964 11.2976
v 29.2504 6.30715 11.375
v 29.6049 6.13335 11.217
v 29.6209 6.15416 11.1338
v 29.5846 6.10686 11.2976
v 29.9853 3.22532 9.875
v 30.6924 3.93243 11.875
v 30.7541 3.99406 11.8712
v 29.8865 4.6873 11.875
v 29.9439 4.75282 11.8712
v 30.001 4.81785 11.8598
v 30.1606 4.44156 11.875
v 30.2195 4.50581 11.8712
v 30.2779 4.56958 11.8598
v 30.3354 4.63238 11.8409
v 30.4293 4.18989 11.875
v 30.4896 4.25285 11.8712
v 30.5494 4.31533 11.8598
v 30.6083 4.37685 11.8409
v 30.8152 4.05521 11.8598
v 30.8754 4.11544 11.8409
v 30.3917 4.69372 11.8147
v 30.4461 4.75314 11.7813
v 30.4984 4.81019 11.741
v 30.7215 4.49518 11.7813
v 30.6658 4.43695 11.8147
v 30.775 4.55107 11.741
v 30.8259 4.60422 11.6942
v 30.8738 4.65422 11.641
v 31.2016 3.40058 11.875
v 31.2658 3.45947 11.8712
v 31.3296 3.5179 11.8598
v 31.3924 3.57544 11.8409
v 30.9499 3.66928 11.875
v 31.0128 3.72955 11.8712
v 31.0753 3.78936 11.8598
v 31.1369 3.84826 11.8409
v 31.4537 3.63165 11.8147
v 31.2552 3.96153 11.7813
v 31.197 3.90579 11.8147
v 31.5128 3.18393 11.8712
v 31.5779 3.24095 11.8598
v 31.6419 3.29711 11.8409
v 31.7044 3.35197 11.8147
v 31.765 3.40511 11.7813
v 31.9306 3.55028 11.641
v 31.8232 3.45613 11.741
v 31.8785 3.50465 11.6942
v 31.8401 3.98566 11.375
v 31.8055 3.954 11.4486
v 31.5131 3.6861 11.7813
v 31.5702 3.73838 11.741
v 31.7229 3.8783 11.5821
v 31.6755 3.83485 11.641
v 31.7663 3.91812 11.5178
v 31.6244 3.78809 11.6942
v 31.9789 3.59269 11.5821
v 32.0232 3.63155 11.5178
v 31.3995 4.63953 10.875
v 31.3968 4.63684 10.9622
v 31.3888 4.62879 11.0486
v 31.6723 4.3608 10.875
v 31.6695 4.35816 10.9622
v 31.6613 4.35029 11.0486
v 31.9388 4.07617 10.875
v 31.936 4.0736 10.9622
v 31.9276 4.06591 11.0486
v 30.9343 4.17427 11.8147
v 31.1469 4.38695 11.641
v 30.9913 4.23126 11.7813
v 31.046 4.28598 11.741
v 31.098 4.33801 11.6942
v 31.4607 4.15826 11.5821
v 31.4142 4.11378 11.641
v 31.3111 4.01504 11.741
v 31.3642 4.06592 11.6942
v 31.0282 4.81548 11.375
v 30.9957 4.78162 11.4486
v 31.3333 4.57328 11.2976
v 31.3754 4.61544 11.1338
v 31.3569 4.59689 11.217
v 31.2717 4.51165 11.4486
v 31.3048 4.5448 11.375
v 31.1924 4.43243 11.5821
v 30.9183 4.70068 11.5821
v 30.959 4.74325 11.5178
v 31.2341 4.4741 11.5178
v 31.6046 4.29601 11.2976
v 31.6476 4.33723 11.1338
v 31.6287 4.31909 11.217
v 31.5755 4.26815 11.375
v 31.5416 4.23574 11.4486
v 31.8944 4.03543 11.217
v 31.8698 4.01288 11.2976
v 31.9137 4.05315 11.1338
v 31.5033 4.19901 11.5178
v 30.8362 5.17883 10.875
v 30.8336 5.17603 10.9622
v 30.8259 5.16763 11.0486
v 30.5458 5.43914 10.875
v 30.5433 5.43628 10.9622
v 30.5358 5.42771 11.0486
v 29.7734 5.12527 11.8409
v 29.8787 5.25074 11.7813
v 29.8269 5.189 11.8147
v 30.0571 4.88189 11.8409
v 30.1651 5.00504 11.7813
v 30.112 4.94444 11.8147
v 30.3103 5.17057 11.641
v 30.2161 5.06322 11.741
v 30.2646 5.11853 11.6942
v 30.1896 5.62127 11.2976
v 30.2279 5.66694 11.1338
v 30.2111 5.64685 11.217
v 30.1336 5.55451 11.4486
v 30.1637 5.59041 11.375
v 30.0202 5.4194 11.641
v 29.9284 5.31002 11.741
v 29.9757 5.36638 11.6942
v 30.0994 5.51382 11.5178
v 30.0616 5.46868 11.5821
v 30.714 5.0455 11.4486
v 30.7954 5.13437 11.217
v 30.7729 5.10976 11.2976
v 30.8132 5.15371 11.1338
v 30.7457 5.08006 11.375
v 30.5948 4.91547 11.641
v 30.5481 4.86444 11.6942
v 30.3527 5.21893 11.5821
v 30.6383 4.96289 11.5821
v 30.6781 5.00634 11.5178
v 30.506 5.3938 11.217
v 30.5233 5.41352 11.1338
v 30.484 5.3687 11.2976
v 30.4575 5.33841 11.375
v 30.4266 5.30317 11.4486
v 30.3915 5.26324 11.5178
v 29.9484 5.94043 10.875
v 29.946 5.93747 10.9622
v 29.9389 5.92859 11.0486
v 30.2498 5.69304 10.875
v 30.2474 5.69013 10.9622
v 30.2401 5.68141 11.0486
v 29.8897 5.86737 11.2976
v 29.8645 5.83595 11.375
v 29.8352 5.79939 11.4486
v 29.9271 5.91386 11.1338
v 29.9106 5.8934 11.217
v 29.8019 5.75798 11.5178
v 31.1208 4.91226 10.875
v 31.1182 4.90951 10.9622
v 31.1103 4.90128 11.0486
v 31.0972 4.88764 11.1338
v 31.0791 4.86869 11.217
v 31.056 4.84458 11.2976
v 28.0331 7.28155 10.875
v 28.0311 7.2783 10.9622
v 28.0252 7.26856 11.0486
v 28.3642 7.07562 10.875
v 28.3622 7.07241 10.9622
v 28.3561 7.06281 11.0486
v 27.6044 6.57509 11.8598
v 27.6486 6.64791 11.8409
v 27.6917 6.71903 11.8147
v 27.7335 6.78794 11.7813
v 28.0107 6.52069 11.8147
v 27.7737 6.85409 11.741
v 27.8119 6.917 11.6942
v 27.6071 7.32359 11.4486
v 27.9393 7.12694 11.4486
v 28.0018 7.22999 11.217
v 27.9845 7.20145 11.2976
v 28.0154 7.25242 11.1338
v 27.9636 7.16701 11.375
v 27.4843 7.11091 11.6942
v 27.5511 7.22655 11.5821
v 27.5189 7.17085 11.641
v 27.5805 7.27759 11.5178
v 27.8811 7.03115 11.5821
v 27.8478 6.97616 11.641
v 27.9117 7.08154 11.5178
v 28.2671 6.9231 11.4486
v 28.5903 6.71215 11.4486
v 28.6164 6.75112 11.375
v 28.054 6.58866 11.7813
v 28.0956 6.65393 11.741
v 28.1351 6.71598 11.6942
v 28.1723 6.77435 11.641
v 28.2069 6.8286 11.5821
v 28.2385 6.87831 11.5178
v 28.5281 6.61899 11.5821
v 28.4924 6.56551 11.641
v 28.5608 6.66799 11.5178
v 28.3318 7.02476 11.217
v 28.3139 6.9966 11.2976
v 28.2922 6.96263 11.375
v 28.3459 7.04688 11.1338
v 27.6975 7.4802 10.875
v 27.6956 7.47691 10.9622
v 27.6899 7.46705 11.0486
v 27.6805 7.4507 11.1338
v 27.6673 7.42798 11.217
v 27.6507 7.39906 11.2976
v 27.6305 7.36418 11.375
v 28.6908 6.86252 10.875
v 28.6887 6.85936 10.9622
v 28.6824 6.84989 11.0486
v 29.0127 6.64234 10.875
v 29.0105 6.63923 10.9622
v 29.004 6.6299 11.0486
v 28.6573 6.81238 11.217
v 28.6388 6.78462 11.2976
v 28.6719 6.83419 11.1338
v 28.9781 6.59294 11.217
v 28.9931 6.61443 11.1338
v 28.9589 6.56559 11.2976
v 28.9358 6.5326 11.375
v 32.453 3.48983 10.875
v 32.4501 3.48738 10.9622
v 32.4414 3.48006 11.0486
v 32.1991 3.78581 10.875
v 32.1963 3.7833 10.9622
v 32.1877 3.77579 11.0486
v 32.7004 3.18838 10.875
v 32.6975 3.186 10.9622
v 32.6886 3.17887 11.0486
v 32.3145 3.37358 11.4486
v 32.4068 3.45106 11.217
v 32.4269 3.46793 11.1338
v 32.3813 3.4296 11.2976
v 32.3504 3.40371 11.375
v 32.1794 3.26022 11.641
v 32.2287 3.30156 11.5821
v 32.2738 3.33944 11.5178
v 32.07 3.16843 11.741
v 32.1264 3.21573 11.6942
v 32.1735 3.76334 11.1338
v 32.1538 3.74604 11.217
v 32.1287 3.72403 11.2976
v 32.0632 3.66657 11.4486
v 32.0984 3.69747 11.375
v 32.6739 3.16705 11.1338
usemtl color_1
f 1 4 13
f 2 6 4
f 2 4 3
f 4 6 15
f 2 5 6
f 6 7 8
f 8 9 12
f 6 8 12
f 10 11 12
f 4 15 13
f 13 15 14
f 15 17 16
f 15 19 17
f 17 19 18
f 3 4 2365
f 2 3 2364
f 1 2366 4
f 6 2425 7
f 2 2413 5
f 5 2414 6
f 7 2426 8
f 8 2427 9
f 10 12 2434
f 10 2438 11
f 9 2461 12
f 1 13 2351
f 13 14 2530
f 14 15 2531
f 15 16 2549
f 16 17 2550
f 17 18 2551
f 18 19 2606
f 6 12 1142
f 11 1142 12
f 6 1150 20
f 11 2438 1141
f 21 25 22
f 21 22 23
f 21 31 25
f 22 25 24
f 25 28 26
f 25 27 28
f 27 29 28
f 30 31 32
f 21 32 31
f 21 33 32
f 31 34 37
f 31 35 34
f 34 36 37
f 37 38 39
f 21 816 33
f 22 24 837
f 21 23 826
f 22 821 23
f 24 25 840
f 25 26 841
f 26 28 883
f 28 29 885
f 27 875 29
f 30 1001 31
f 31 1010 35
f 32 33 1022
f 30 32 1019
f 34 35 1036
f 34 1033 36
f 36 1049 37
f 37 1053 38
f 38 1130 39
f 33 816 1022
f 22 837 821
f 23 821 826
f 21 826 816
f 24 840 837
f 25 841 840
f 26 883 841
f 28 885 883
f 29 875 885
f 31 1001 1010
f 35 1010 1036
f 32 1022 1019
f 30 1019 1001
f 34 1036 1033
f 36 1033 1049
f 37 1049 1053
f 38 1053 1130
f 39 1130 1134
f 25 31 1164
f 25 1164 27
f 27 1921 875
f 3 2365 2364
f 4 2366 2365
f 1 2351 2366
f 5 2413 2414
f 2 2364 2413
f 6 2414 2425
f 7 2425 2426
f 8 2426 2427
f 12 2461 2434
f 10 2434 2438
f 9 2427 2461
f 13 2530 2351
f 15 2549 2531
f 14 2531 2530
f 16 2550 2549
f 17 2551 2550
f 18 2606 2551
f 19 2607 2606
f 41 465 43
f 43 465 49
f 41 43 42
f 40 41 42
f 43 55 44
f 44 55 45
f 42 43 44
f 49 472 51
f 46 51 472
f 46 50 51
f 48 475 754
f 46 474 47
f 47 59 50
f 47 48 59
f 46 47 50
f 47 475 48
f 48 57 59
f 48 758 57
f 57 758 58
f 51 56 55
f 43 49 55
f 49 51 55
f 50 56 51
f 50 53 56
f 50 59 53
f 53 60 54
f 52 53 54
f 54 60 62
f 45 55 56
f 45 56 52
f 52 56 53
f 53 59 60
f 57 60 59
f 57 61 60
f 57 58 61
f 58 64 61
f 60 61 62
f 61 63 62
f 61 64 63
f 64 780 65
f 63 64 65
f 40 67 66
f 66 68 746
f 66 67 68
f 67 71 69
f 67 69 68
f 42 44 71
f 40 42 67
f 44 72 71
f 42 71 67
f 44 45 72
f 45 70 72
f 70 73 72
f 70 85 74
f 70 74 73
f 71 72 75
f 69 71 75
f 72 73 75
f 68 76 747
f 69 75 77
f 68 69 76
f 69 77 76
f 73 74 78
f 74 79 78
f 74 88 79
f 75 80 77
f 73 80 75
f 73 78 80
f 65 766 82
f 65 82 81
f 82 766 843
f 81 82 83
f 81 83 90
f 82 843 84
f 82 84 83
f 84 843 845
f 45 52 70
f 52 54 85
f 52 85 70
f 54 62 86
f 62 87 86
f 54 86 85
f 85 86 88
f 86 89 88
f 74 85 88
f 86 87 89
f 87 90 89
f 62 63 87
f 63 65 81
f 63 81 87
f 81 90 87
f 83 91 90
f 83 92 91
f 83 84 92
f 93 94 845
f 84 94 92
f 84 845 94
f 88 89 95
f 89 96 95
f 79 88 95
f 89 90 96
f 90 91 96
f 102 103 343
f 97 103 149
f 97 343 103
f 98 102 346
f 98 346 99
f 101 149 103
f 100 101 103
f 100 103 102
f 98 100 102
f 104 107 490
f 111 117 550
f 106 548 547
f 106 547 107
f 105 548 106
f 108 109 111
f 108 111 110
f 105 110 548
f 109 117 111
f 105 108 110
f 113 114 121
f 117 118 549
f 118 119 551
f 118 551 549
f 119 121 552
f 119 552 551
f 115 121 120
f 115 552 121
f 116 118 117
f 112 119 118
f 109 116 117
f 112 118 116
f 113 121 119
f 114 120 121
f 112 113 119
f 122 159 124
f 123 124 159
f 125 582 128
f 126 584 146
f 97 146 584
f 126 145 127
f 126 146 145
f 127 145 147
f 136 148 151
f 128 148 136
f 128 147 148
f 127 128 582
f 125 128 136
f 127 147 128
f 135 151 152
f 137 152 154
f 135 152 137
f 130 153 196
f 129 130 134
f 129 154 153
f 129 137 154
f 129 153 130
f 132 491 488
f 131 132 488
f 125 136 131
f 131 135 132
f 107 134 190
f 129 134 133
f 132 137 133
f 130 190 134
f 132 133 491
f 104 491 133
f 104 134 107
f 104 133 134
f 131 136 135
f 132 135 137
f 135 136 151
f 129 133 137
f 141 143 147
f 142 151 148
f 142 148 143
f 139 141 150
f 138 139 150
f 141 144 143
f 140 142 143
f 139 144 141
f 140 143 144
f 146 149 150
f 141 145 150
f 145 146 150
f 97 149 146
f 141 147 145
f 143 148 147
f 138 150 149
f 101 138 149
f 152 156 154
f 152 155 156
f 151 155 152
f 142 155 151
f 153 154 159
f 154 156 159
f 122 196 153
f 122 153 159
f 142 157 155
f 155 158 156
f 140 157 142
f 155 157 158
f 123 159 156
f 123 156 158
f 163 164 188
f 164 174 189
f 174 195 189
f 174 175 195
f 160 175 176
f 160 195 175
f 162 177 2388
f 161 162 194
f 160 176 161
f 161 176 177
f 161 177 162
f 122 166 196
f 163 197 167
f 166 167 197
f 163 169 164
f 163 167 169
f 164 178 174
f 164 169 178
f 122 168 166
f 165 167 166
f 122 124 168
f 165 166 168
f 167 170 169
f 169 171 178
f 165 170 167
f 169 170 171
f 173 182 181
f 182 2382 2380
f 172 173 181
f 173 2382 182
f 174 179 175
f 174 178 179
f 175 179 181
f 176 181 182
f 175 181 176
f 177 182 2380
f 176 182 177
f 178 180 179
f 172 181 179
f 171 180 178
f 172 179 180
f 183 190 187
f 183 186 184
f 185 189 192
f 108 184 185
f 109 185 192
f 184 188 185
f 130 196 187
f 187 196 197
f 163 186 197
f 186 187 197
f 130 187 190
f 183 187 186
f 185 188 189
f 163 188 186
f 164 189 188
f 184 186 188
f 106 190 183
f 106 107 190
f 105 183 184
f 105 106 183
f 105 184 108
f 108 185 109
f 191 192 195
f 160 193 191
f 116 192 191
f 109 192 116
f 112 191 193
f 112 116 191
f 113 193 194
f 114 194 2403
f 161 194 193
f 162 2403 194
f 112 193 113
f 113 194 114
f 189 195 192
f 160 191 195
f 160 161 193
f 166 197 196
f 198 735 199
f 101 204 224
f 200 229 204
f 99 347 202
f 98 99 201
f 198 202 347
f 99 202 201
f 98 203 100
f 100 204 101
f 100 203 204
f 98 201 203
f 201 202 205
f 201 205 207
f 198 206 202
f 202 206 205
f 198 199 206
f 201 207 203
f 200 204 203
f 200 203 207
f 199 208 211
f 199 740 208
f 208 740 744
f 200 207 209
f 200 234 229
f 200 209 234
f 206 211 210
f 205 206 210
f 205 210 212
f 199 211 206
f 205 212 207
f 207 212 209
f 158 213 214
f 123 158 214
f 123 215 124
f 123 214 215
f 124 215 240
f 213 232 217
f 216 217 232
f 213 217 219
f 215 218 243
f 213 219 214
f 214 218 215
f 214 219 218
f 216 231 220
f 216 221 217
f 216 220 221
f 217 223 219
f 217 221 223
f 218 219 222
f 218 254 243
f 218 222 254
f 219 223 222
f 101 224 138
f 138 225 139
f 138 224 225
f 139 225 226
f 140 144 227
f 144 226 227
f 140 227 232
f 139 226 144
f 225 228 230
f 204 229 224
f 224 228 225
f 224 229 228
f 226 231 227
f 225 230 226
f 216 232 227
f 226 230 231
f 216 227 231
f 140 232 157
f 157 213 158
f 157 232 213
f 228 235 230
f 228 233 235
f 228 229 233
f 229 234 233
f 230 236 231
f 230 235 236
f 220 231 236
f 237 242 239
f 238 239 242
f 237 239 248
f 165 168 241
f 168 240 241
f 165 241 242
f 124 240 168
f 165 242 170
f 170 237 171
f 170 242 237
f 215 243 240
f 240 244 241
f 240 243 244
f 238 241 244
f 238 242 241
f 171 245 180
f 172 180 246
f 171 237 245
f 180 245 246
f 172 247 173
f 173 2440 2382
f 172 246 247
f 173 247 2440
f 237 248 245
f 245 249 246
f 245 248 249
f 246 251 247
f 247 250 2440
f 246 249 251
f 247 251 250
f 238 252 253
f 238 253 239
f 239 253 256
f 243 254 255
f 243 255 244
f 244 255 252
f 238 244 252
f 248 256 257
f 239 256 248
f 248 257 249
f 250 251 259
f 251 258 259
f 249 258 251
f 249 257 258
f 260 262 275
f 264 283 265
f 270 413 271
f 266 407 268
f 267 268 404
f 265 283 270
f 266 269 271
f 265 270 269
f 266 271 407
f 269 270 271
f 275 523 276
f 274 277 281
f 276 280 277
f 276 523 280
f 277 280 281
f 273 277 274
f 272 274 284
f 264 272 284
f 272 273 274
f 261 276 277
f 260 275 276
f 260 276 261
f 261 277 273
f 274 282 284
f 278 284 282
f 278 283 284
f 270 283 279
f 270 279 413
f 278 279 283
f 280 504 281
f 274 281 282
f 278 282 393
f 263 281 504
f 263 282 281
f 263 393 282
f 264 284 283
f 286 310 288
f 287 288 310
f 285 286 288
f 295 304 303
f 289 302 354
f 289 303 302
f 289 295 303
f 291 295 356
f 290 291 358
f 290 294 291
f 290 451 292
f 292 313 294
f 292 312 313
f 292 451 293
f 293 314 312
f 293 452 314
f 314 452 456
f 292 293 312
f 291 294 295
f 289 356 295
f 294 304 295
f 294 313 304
f 290 292 294
f 300 315 314
f 300 314 456
f 299 300 456
f 298 315 300
f 298 309 315
f 297 298 300
f 299 462 301
f 297 300 299
f 297 299 301
f 296 301 462
f 304 308 311
f 304 313 308
f 307 308 313
f 303 311 310
f 286 357 302
f 286 302 310
f 302 303 310
f 303 304 311
f 306 311 308
f 305 306 308
f 307 315 309
f 305 308 307
f 305 307 309
f 287 310 311
f 287 311 306
f 307 312 315
f 312 314 315
f 307 313 312
f 317 323 350
f 335 352 336
f 316 337 317
f 316 335 337
f 317 337 328
f 317 328 326
f 316 317 350
f 316 352 335
f 318 320 580
f 318 325 321
f 327 341 342
f 326 328 341
f 319 342 344
f 319 327 342
f 321 344 343
f 97 584 320
f 97 320 343
f 320 321 343
f 319 321 325
f 318 321 320
f 319 344 321
f 322 324 327
f 273 323 324
f 261 324 322
f 261 273 324
f 323 326 324
f 260 322 325
f 262 325 318
f 262 318 480
f 260 325 262
f 319 325 322
f 260 261 322
f 324 326 327
f 319 322 327
f 326 341 327
f 317 326 323
f 332 337 333
f 328 330 341
f 328 332 330
f 328 337 332
f 330 331 347
f 332 333 334
f 330 332 331
f 331 332 334
f 329 334 333
f 336 340 338
f 333 335 338
f 335 336 338
f 336 357 340
f 286 340 357
f 333 337 335
f 338 340 339
f 329 333 338
f 285 339 340
f 329 338 339
f 285 340 286
f 341 345 342
f 330 345 341
f 102 344 346
f 342 346 344
f 342 345 346
f 102 343 344
f 330 347 345
f 99 346 345
f 99 345 347
f 348 355 354
f 348 353 351
f 264 349 350
f 349 351 352
f 316 350 349
f 265 351 349
f 265 269 351
f 269 348 351
f 264 265 349
f 351 353 352
f 336 353 357
f 353 354 357
f 302 357 354
f 336 352 353
f 289 354 355
f 348 354 353
f 316 349 352
f 268 356 355
f 266 348 269
f 266 355 348
f 266 268 355
f 289 355 356
f 267 356 268
f 267 291 356
f 267 358 291
f 272 323 273
f 272 350 323
f 264 350 272
f 359 412 360
f 364 409 367
f 367 409 440
f 366 367 440
f 363 366 381
f 361 366 363
f 362 363 381
f 364 367 365
f 360 412 364
f 360 364 365
f 361 365 367
f 361 367 366
f 369 386 370
f 372 387 374
f 370 387 372
f 372 374 373
f 371 375 901
f 373 374 375
f 371 373 375
f 378 384 380
f 366 376 381
f 376 377 381
f 377 378 381
f 366 440 376
f 376 420 377
f 377 384 378
f 378 380 379
f 362 381 378
f 362 378 379
f 369 380 386
f 369 379 380
f 382 387 386
f 380 385 386
f 382 386 385
f 374 387 383
f 374 383 914
f 374 914 375
f 382 383 387
f 377 421 384
f 384 421 423
f 384 423 385
f 380 384 385
f 368 382 385
f 368 890 382
f 382 890 383
f 368 385 423
f 370 386 387
f 388 427 389
f 263 587 393
f 392 393 588
f 390 392 399
f 390 398 391
f 393 587 588
f 392 588 399
f 394 396 395
f 391 400 394
f 394 400 396
f 388 395 397
f 388 397 427
f 395 396 397
f 398 399 596
f 390 399 398
f 391 398 400
f 396 400 429
f 398 596 597
f 398 597 400
f 400 597 429
f 402 406 404
f 405 406 411
f 403 404 407
f 271 413 401
f 271 401 407
f 401 403 407
f 394 403 401
f 395 402 403
f 402 404 403
f 402 411 406
f 268 407 404
f 267 404 406
f 267 406 358
f 358 406 405
f 359 405 412
f 358 405 359
f 405 408 412
f 408 410 412
f 364 412 410
f 405 411 408
f 408 416 410
f 409 410 417
f 364 410 409
f 388 411 402
f 389 408 411
f 388 402 395
f 389 416 408
f 388 389 411
f 278 392 279
f 279 392 390
f 279 390 413
f 391 401 413
f 391 394 401
f 390 391 413
f 278 393 392
f 394 395 403
f 416 418 417
f 389 428 416
f 416 428 418
f 414 417 419
f 414 419 425
f 414 425 415
f 417 418 419
f 415 424 420
f 420 424 426
f 420 426 421
f 421 422 423
f 368 423 943
f 421 426 422
f 422 943 423
f 419 438 425
f 424 425 439
f 415 425 424
f 422 426 947
f 424 960 426
f 424 439 960
f 426 960 947
f 431 620 432
f 429 614 430
f 430 619 431
f 397 431 427
f 389 427 428
f 418 428 436
f 418 437 419
f 427 431 432
f 427 432 428
f 428 432 436
f 396 429 430
f 396 430 397
f 397 430 431
f 433 438 437
f 438 957 439
f 432 434 436
f 434 435 436
f 435 437 436
f 431 619 620
f 432 620 434
f 433 437 435
f 433 957 438
f 433 435 1054
f 419 437 438
f 418 436 437
f 425 438 439
f 409 414 440
f 409 417 414
f 376 440 415
f 376 415 420
f 414 415 440
f 410 416 417
f 377 420 421
f 441 455 456
f 441 453 442
f 442 457 455
f 442 447 457
f 447 454 457
f 441 442 455
f 442 453 443
f 443 445 447
f 362 445 443
f 379 444 445
f 444 448 445
f 448 463 454
f 446 463 448
f 464 471 465
f 446 464 463
f 446 471 464
f 445 448 447
f 442 443 447
f 447 448 454
f 444 446 448
f 293 451 449
f 449 450 452
f 365 450 449
f 441 450 453
f 290 359 451
f 359 360 451
f 360 449 451
f 290 358 359
f 360 365 449
f 293 449 452
f 441 456 452
f 441 452 450
f 363 443 453
f 361 450 365
f 361 453 450
f 361 363 453
f 362 443 363
f 362 379 445
f 454 458 457
f 454 460 458
f 454 463 460
f 299 455 462
f 455 457 462
f 457 458 462
f 299 456 455
f 296 462 458
f 296 458 459
f 460 466 461
f 458 460 459
f 459 460 461
f 40 461 466
f 460 463 466
f 463 464 466
f 41 466 464
f 41 464 465
f 40 466 41
f 467 471 469
f 468 473 472
f 467 468 470
f 369 469 444
f 369 444 379
f 444 469 446
f 370 467 469
f 370 372 467
f 372 468 467
f 369 370 469
f 446 469 471
f 467 470 471
f 465 471 470
f 49 465 470
f 49 470 472
f 468 472 470
f 373 473 468
f 371 473 373
f 46 473 474
f 474 898 475
f 371 474 473
f 371 898 474
f 47 474 475
f 372 373 468
f 46 472 473
f 477 479 484
f 484 495 485
f 485 526 486
f 486 526 525
f 483 486 525
f 485 495 526
f 481 486 483
f 478 486 481
f 480 481 483
f 480 483 482
f 262 482 275
f 262 480 482
f 478 485 486
f 477 484 485
f 477 485 478
f 492 493 499
f 489 492 497
f 490 498 493
f 493 498 499
f 487 488 489
f 487 489 500
f 479 500 484
f 488 492 489
f 479 487 500
f 491 493 492
f 104 490 493
f 104 493 491
f 488 491 492
f 494 500 496
f 484 500 494
f 489 496 500
f 489 497 496
f 494 496 509
f 484 494 495
f 498 529 499
f 492 499 497
f 476 497 499
f 496 497 512
f 476 512 497
f 496 512 509
f 476 499 529
f 503 589 505
f 505 589 585
f 504 505 585
f 503 506 508
f 501 517 502
f 502 517 507
f 502 507 506
f 503 508 589
f 506 507 508
f 501 511 515
f 509 518 510
f 510 516 511
f 510 518 516
f 509 512 514
f 476 529 555
f 476 513 512
f 476 555 513
f 513 563 514
f 509 514 518
f 512 513 514
f 519 521 642
f 515 516 520
f 501 515 517
f 511 516 515
f 515 604 517
f 507 517 605
f 515 520 604
f 517 604 605
f 514 521 518
f 518 521 519
f 516 518 519
f 514 563 521
f 516 519 520
f 275 482 524
f 483 525 522
f 482 483 522
f 482 522 524
f 506 524 522
f 503 523 524
f 275 524 523
f 495 511 526
f 501 526 511
f 501 525 526
f 502 522 525
f 502 506 522
f 501 502 525
f 280 523 505
f 280 505 504
f 503 524 506
f 503 505 523
f 494 510 495
f 495 510 511
f 494 509 510
f 528 554 529
f 527 553 528
f 531 537 539
f 527 530 556
f 530 532 556
f 527 556 553
f 531 539 532
f 530 531 532
f 536 2464 2468
f 535 536 541
f 533 538 537
f 533 534 540
f 534 542 540
f 533 540 538
f 538 540 566
f 537 538 539
f 535 541 542
f 534 535 542
f 536 2468 541
f 541 571 542
f 540 542 569
f 541 2468 570
f 541 570 571
f 490 547 543
f 544 548 545
f 544 547 548
f 490 543 498
f 543 547 544
f 110 545 548
f 110 546 545
f 111 550 546
f 110 111 546
f 531 545 546
f 530 544 545
f 537 546 550
f 531 546 537
f 107 547 490
f 498 543 528
f 498 528 529
f 527 544 530
f 527 543 544
f 527 528 543
f 530 545 531
f 534 549 551
f 117 549 550
f 533 550 549
f 533 537 550
f 533 549 534
f 535 552 536
f 535 551 552
f 115 536 552
f 115 2464 536
f 534 551 535
f 529 554 555
f 528 553 554
f 513 555 562
f 553 565 554
f 554 564 555
f 554 565 564
f 553 556 557
f 532 539 567
f 532 567 558
f 532 558 556
f 553 557 565
f 556 558 557
f 560 562 564
f 562 643 563
f 563 643 641
f 521 563 641
f 560 643 562
f 557 561 565
f 559 564 565
f 557 558 575
f 557 575 561
f 559 565 561
f 559 560 564
f 561 575 656
f 555 564 562
f 513 562 563
f 567 568 574
f 558 567 572
f 566 573 568
f 570 2492 571
f 566 569 576
f 569 577 576
f 566 576 573
f 571 2492 577
f 569 571 577
f 538 568 539
f 539 568 567
f 540 569 566
f 538 566 568
f 542 571 569
f 567 574 572
f 558 572 575
f 568 573 574
f 574 659 657
f 572 657 658
f 572 658 575
f 573 659 574
f 572 574 657
f 573 576 578
f 577 2492 2499
f 576 577 579
f 573 578 659
f 577 2499 579
f 576 579 578
f 580 584 581
f 126 583 581
f 481 580 581
f 318 580 480
f 478 581 583
f 478 481 581
f 477 583 582
f 125 479 582
f 477 582 479
f 127 582 583
f 477 478 583
f 320 584 580
f 126 127 583
f 126 581 584
f 480 580 481
f 131 488 487
f 125 131 487
f 125 487 479
f 263 504 586
f 263 586 587
f 504 585 586
f 587 595 588
f 585 590 586
f 586 599 587
f 585 589 592
f 507 603 508
f 508 591 589
f 508 603 591
f 585 592 590
f 586 590 599
f 589 591 592
f 595 616 598
f 596 598 617
f 590 593 599
f 594 595 599
f 590 592 609
f 590 609 593
f 594 616 595
f 598 616 617
f 593 594 599
f 399 588 598
f 588 595 598
f 399 598 596
f 587 599 595
f 600 605 604
f 591 603 608
f 591 606 592
f 600 607 605
f 603 605 607
f 603 607 608
f 519 601 520
f 520 602 604
f 519 642 601
f 520 601 602
f 600 604 602
f 601 648 602
f 507 605 603
f 591 608 606
f 592 606 609
f 606 608 611
f 606 611 626
f 609 626 627
f 593 609 627
f 606 626 609
f 607 612 610
f 602 648 649
f 600 649 612
f 600 612 607
f 607 610 608
f 600 602 649
f 608 610 611
f 610 612 672
f 596 613 597
f 429 597 615
f 596 617 613
f 597 613 615
f 429 615 614
f 430 614 619
f 614 615 622
f 616 629 630
f 594 629 616
f 616 630 617
f 613 618 623
f 617 630 618
f 613 617 618
f 613 623 615
f 619 624 625
f 619 625 620
f 614 624 619
f 434 621 1055
f 620 625 621
f 434 620 621
f 434 1055 435
f 615 623 622
f 614 622 624
f 622 623 636
f 624 1069 625
f 622 636 1068
f 622 1068 624
f 624 1068 1069
f 593 627 628
f 594 628 629
f 593 628 594
f 629 634 630
f 627 631 628
f 628 638 629
f 611 632 626
f 626 633 627
f 610 672 675
f 610 675 611
f 611 675 632
f 626 632 633
f 627 633 631
f 628 631 638
f 632 680 633
f 618 630 635
f 618 635 637
f 618 637 623
f 629 638 634
f 630 634 635
f 623 637 636
f 635 1074 637
f 636 637 1072
f 634 638 639
f 631 633 683
f 631 683 684
f 631 684 638
f 634 640 635
f 635 640 1074
f 638 684 639
f 634 639 640
f 521 641 642
f 641 643 645
f 642 650 651
f 641 645 650
f 641 650 642
f 601 642 651
f 560 647 644
f 561 656 646
f 559 646 647
f 559 647 560
f 560 644 643
f 559 561 646
f 643 644 645
f 646 664 647
f 644 647 665
f 601 651 648
f 650 652 651
f 648 651 653
f 648 673 649
f 649 673 674
f 612 649 674
f 651 652 653
f 648 653 673
f 644 654 645
f 645 655 650
f 645 654 655
f 644 665 654
f 650 655 652
f 654 690 655
f 652 655 691
f 575 658 656
f 657 661 658
f 646 656 667
f 656 658 666
f 658 661 666
f 656 666 667
f 578 663 659
f 657 659 660
f 578 579 662
f 578 662 663
f 659 663 660
f 657 660 661
f 662 2560 663
f 646 667 664
f 647 664 665
f 666 669 667
f 664 693 665
f 654 665 689
f 665 693 689
f 667 669 692
f 664 667 692
f 664 692 693
f 660 671 661
f 661 671 668
f 661 668 666
f 660 663 670
f 663 2560 670
f 660 670 671
f 666 668 669
f 612 674 672
f 673 676 674
f 672 681 675
f 632 675 682
f 674 676 677
f 672 674 677
f 672 677 681
f 675 681 682
f 652 678 653
f 653 679 673
f 653 678 679
f 655 690 691
f 652 691 678
f 673 679 676
f 678 698 679
f 632 682 680
f 633 680 683
f 683 1114 684
f 639 684 1115
f 680 682 685
f 680 1120 683
f 680 685 1120
f 683 1120 1114
f 676 686 677
f 677 687 681
f 681 688 682
f 679 698 699
f 676 679 699
f 676 699 686
f 677 686 687
f 681 687 688
f 682 688 685
f 654 689 690
f 689 693 695
f 690 701 691
f 691 701 702
f 678 691 702
f 689 695 700
f 689 700 690
f 690 700 701
f 669 697 692
f 692 694 693
f 668 671 2587
f 668 696 669
f 668 2587 696
f 669 696 697
f 692 697 694
f 693 694 695
f 678 702 698
f 306 725 705
f 285 288 704
f 288 703 704
f 287 703 288
f 287 306 705
f 287 705 703
f 705 725 706
f 706 725 707
f 703 709 704
f 703 708 709
f 704 709 738
f 703 705 708
f 705 706 708
f 709 743 738
f 706 707 711
f 707 710 711
f 706 712 708
f 708 712 713
f 708 713 709
f 709 713 743
f 706 711 712
f 298 714 309
f 298 715 714
f 714 715 717
f 714 717 726
f 715 716 717
f 296 718 301
f 296 719 718
f 297 301 720
f 297 715 298
f 297 720 715
f 301 718 720
f 718 722 723
f 719 745 721
f 718 719 722
f 719 721 722
f 715 720 716
f 718 723 720
f 716 720 723
f 305 725 306
f 305 724 725
f 305 309 724
f 309 714 724
f 707 725 724
f 714 726 724
f 707 724 726
f 717 728 732
f 716 723 727
f 716 728 717
f 716 727 728
f 722 731 723
f 722 729 731
f 721 746 730
f 721 729 722
f 721 730 729
f 723 731 727
f 707 726 710
f 710 726 732
f 717 732 726
f 329 339 734
f 339 733 734
f 329 734 736
f 331 334 735
f 198 347 331
f 334 736 735
f 198 331 735
f 329 736 334
f 734 737 736
f 733 739 734
f 733 738 739
f 734 739 737
f 735 736 740
f 736 737 740
f 199 735 740
f 285 733 339
f 285 704 733
f 704 738 733
f 737 739 741
f 739 742 741
f 738 742 739
f 738 743 742
f 737 744 740
f 737 741 744
f 459 461 745
f 296 459 719
f 459 745 719
f 66 745 461
f 40 66 461
f 66 746 745
f 721 745 746
f 730 746 747
f 68 747 746
f 749 936 750
f 750 940 751
f 751 941 752
f 753 942 1014
f 752 942 753
f 753 1014 811
f 754 755 758
f 755 907 756
f 756 760 757
f 755 756 759
f 58 759 777
f 757 777 759
f 757 778 777
f 757 763 778
f 763 779 778
f 755 759 758
f 48 754 758
f 58 758 759
f 756 757 759
f 762 786 765
f 756 908 760
f 760 908 911
f 760 911 761
f 760 761 763
f 748 762 761
f 748 761 911
f 761 762 764
f 761 764 763
f 764 781 779
f 763 764 779
f 762 765 764
f 764 765 781
f 765 782 781
f 765 787 782
f 782 787 795
f 757 760 763
f 766 780 768
f 766 768 767
f 767 768 769
f 769 771 770
f 767 769 770
f 769 781 771
f 771 781 782
f 771 782 774
f 774 782 795
f 773 774 795
f 771 774 772
f 772 774 775
f 770 771 772
f 773 775 774
f 773 776 775
f 64 777 780
f 777 778 780
f 768 780 778
f 58 777 64
f 768 778 779
f 768 779 769
f 65 780 766
f 769 779 781
f 788 796 795
f 789 797 796
f 793 802 797
f 793 794 802
f 794 804 802
f 783 804 794
f 783 803 804
f 784 787 786
f 784 785 788
f 749 786 762
f 748 749 762
f 749 750 786
f 750 784 786
f 750 751 784
f 751 785 784
f 765 786 787
f 784 788 787
f 787 788 795
f 785 789 788
f 788 789 796
f 789 793 797
f 785 790 789
f 790 791 793
f 753 791 790
f 791 811 792
f 791 792 794
f 751 752 785
f 752 790 785
f 752 753 790
f 753 811 791
f 789 790 793
f 791 794 793
f 783 794 792
f 773 795 796
f 773 796 800
f 797 801 800
f 797 802 801
f 801 802 809
f 796 797 800
f 799 809 805
f 773 800 776
f 798 800 801
f 776 800 798
f 799 801 809
f 798 801 799
f 802 804 809
f 804 810 809
f 803 810 804
f 803 807 810
f 803 827 807
f 805 809 810
f 805 810 806
f 806 810 807
f 807 830 808
f 806 807 808
f 811 1014 1015
f 811 1015 812
f 812 1015 1016
f 813 1016 1020
f 812 1016 813
f 813 1020 814
f 814 1020 1021
f 814 1021 815
f 815 1021 1022
f 815 1022 816
f 783 817 803
f 803 817 827
f 817 818 827
f 818 828 827
f 818 819 828
f 819 829 828
f 820 836 829
f 819 820 829
f 820 821 836
f 821 837 836
f 792 812 822
f 783 792 822
f 817 822 823
f 813 823 822
f 814 824 823
f 818 823 824
f 792 811 812
f 812 813 822
f 813 814 823
f 783 822 817
f 817 823 818
f 818 824 819
f 815 825 824
f 819 824 825
f 820 825 826
f 816 826 825
f 814 815 824
f 815 816 825
f 819 825 820
f 820 826 821
f 807 827 830
f 827 828 830
f 828 832 830
f 828 829 832
f 829 833 832
f 830 832 831
f 808 830 831
f 831 832 835
f 832 833 835
f 833 834 835
f 833 836 838
f 837 840 838
f 829 836 833
f 836 837 838
f 833 838 834
f 838 840 839
f 834 838 839
f 839 840 841
f 766 767 843
f 767 842 843
f 770 772 844
f 767 770 842
f 770 844 842
f 842 845 843
f 842 846 845
f 842 844 846
f 844 850 847
f 844 847 846
f 776 849 848
f 772 775 850
f 772 850 844
f 775 848 850
f 775 776 848
f 848 851 850
f 848 852 851
f 848 849 852
f 849 853 852
f 847 850 851
f 851 856 855
f 93 845 846
f 93 846 854
f 846 847 854
f 847 855 854
f 847 851 855
f 851 852 856
f 852 857 856
f 852 853 857
f 853 858 857
f 776 798 849
f 798 799 859
f 798 859 849
f 799 805 860
f 799 860 859
f 805 863 860
f 849 859 853
f 859 860 861
f 853 859 861
f 860 863 862
f 862 863 866
f 860 862 861
f 805 806 863
f 806 864 863
f 806 808 864
f 808 831 865
f 808 865 864
f 863 864 866
f 864 867 866
f 864 865 867
f 865 876 868
f 865 868 867
f 861 862 869
f 853 861 858
f 858 861 869
f 862 870 869
f 862 866 870
f 866 871 870
f 866 867 871
f 867 872 871
f 867 868 872
f 868 873 872
f 868 879 873
f 831 835 876
f 831 876 865
f 835 877 876
f 834 877 835
f 834 878 877
f 876 877 879
f 868 876 879
f 877 880 879
f 877 878 880
f 878 881 880
f 834 839 878
f 839 841 882
f 839 882 878
f 841 883 882
f 878 882 881
f 882 883 884
f 881 882 884
f 883 885 884
f 873 879 886
f 879 880 886
f 880 887 886
f 880 881 887
f 881 888 887
f 881 884 888
f 874 888 884
f 874 884 885
f 874 885 875
f 889 890 945
f 889 946 891
f 891 946 950
f 894 896 895
f 891 950 894
f 894 950 896
f 892 895 897
f 892 897 920
f 892 920 893
f 895 896 897
f 375 913 901
f 901 915 902
f 902 915 916
f 902 916 903
f 898 902 899
f 900 903 912
f 899 903 900
f 900 912 907
f 898 901 902
f 371 901 898
f 899 902 903
f 903 904 912
f 905 909 912
f 903 916 904
f 904 905 912
f 905 906 909
f 906 910 909
f 907 912 909
f 907 909 908
f 908 909 910
f 910 934 911
f 908 910 911
f 748 911 934
f 383 889 914
f 891 913 914
f 375 914 913
f 891 894 913
f 894 915 913
f 901 913 915
f 383 890 889
f 889 891 914
f 895 916 915
f 892 904 916
f 894 895 915
f 892 916 895
f 893 905 904
f 893 917 905
f 905 917 906
f 892 893 904
f 917 923 918
f 918 922 919
f 919 928 924
f 893 920 921
f 893 921 917
f 917 921 923
f 921 976 923
f 922 923 981
f 918 923 922
f 919 922 928
f 924 928 929
f 924 929 925
f 926 1004 927
f 925 929 930
f 925 930 926
f 926 930 1004
f 922 982 928
f 928 983 929
f 929 983 984
f 929 984 930
f 930 984 1027
f 930 1027 1004
f 932 935 934
f 933 936 935
f 906 918 931
f 906 931 910
f 910 931 934
f 931 932 934
f 919 932 931
f 924 933 932
f 932 933 935
f 933 937 936
f 748 934 935
f 748 935 749
f 749 935 936
f 750 936 940
f 936 937 940
f 937 938 940
f 938 941 940
f 938 939 941
f 939 942 941
f 939 1011 942
f 924 925 933
f 925 937 933
f 925 926 937
f 926 938 937
f 927 939 938
f 926 927 938
f 751 940 941
f 752 941 942
f 906 917 918
f 918 919 931
f 919 924 932
f 948 962 949
f 943 949 944
f 368 943 944
f 368 944 890
f 890 944 945
f 944 951 945
f 945 952 946
f 889 945 946
f 422 948 943
f 943 948 949
f 422 947 948
f 944 949 951
f 945 951 952
f 949 961 951
f 951 963 952
f 953 985 954
f 952 963 964
f 952 964 953
f 953 964 985
f 946 952 953
f 946 953 950
f 896 950 954
f 896 973 897
f 950 953 954
f 896 954 973
f 439 958 960
f 947 960 955
f 439 957 958
f 955 960 958
f 947 956 948
f 948 956 962
f 947 955 956
f 957 1056 1057
f 433 1056 957
f 957 1057 958
f 958 1057 959
f 955 959 965
f 955 958 959
f 955 965 956
f 949 962 961
f 951 961 963
f 961 962 968
f 961 967 963
f 963 988 964
f 956 965 966
f 962 966 968
f 956 966 962
f 961 968 967
f 963 967 988
f 966 1064 968
f 967 968 1086
f 972 976 975
f 954 969 973
f 970 974 973
f 954 985 969
f 969 970 973
f 970 971 974
f 971 975 974
f 971 972 975
f 897 974 920
f 920 974 975
f 920 975 921
f 897 973 974
f 921 975 976
f 923 976 981
f 976 977 981
f 978 982 981
f 979 983 982
f 980 984 983
f 972 977 976
f 977 978 981
f 972 992 977
f 977 993 978
f 978 979 982
f 979 980 983
f 978 994 979
f 979 1038 980
f 922 981 982
f 928 982 983
f 964 988 989
f 985 989 990
f 969 990 986
f 964 989 985
f 969 985 990
f 969 986 970
f 971 987 991
f 970 986 987
f 970 987 971
f 971 991 972
f 989 1088 990
f 967 1085 988
f 988 1087 989
f 986 990 1089
f 986 1096 987
f 989 1087 1088
f 990 1088 1089
f 986 1089 1096
f 972 991 992
f 977 992 993
f 978 993 994
f 979 994 1038
f 993 1041 994
f 987 995 991
f 991 996 992
f 987 1096 995
f 991 995 996
f 992 996 997
f 992 997 993
f 993 997 1041
f 475 899 754
f 754 899 900
f 754 900 755
f 475 898 899
f 755 900 907
f 756 907 908
f 927 1005 1002
f 1002 1006 1003
f 927 1004 1005
f 1002 1005 1006
f 998 1003 1007
f 1003 1006 1007
f 998 1007 1008
f 1004 1028 1005
f 1004 1027 1028
f 1005 1028 1029
f 1005 1029 1006
f 1006 1030 1007
f 1006 1029 1030
f 1007 1030 1034
f 998 1008 999
f 999 1009 1000
f 999 1008 1009
f 1000 1010 1001
f 1000 1009 1010
f 1007 1034 1008
f 1008 1035 1009
f 1008 1034 1035
f 1009 1036 1010
f 1009 1035 1036
f 1012 1015 1014
f 1011 1012 1014
f 942 1011 1014
f 1013 1016 1015
f 1016 1017 1020
f 1012 1013 1015
f 1013 1017 1016
f 939 1002 1011
f 1003 1012 1011
f 927 1002 939
f 1002 1003 1011
f 998 1013 1012
f 998 1012 1003
f 998 999 1013
f 1018 1021 1020
f 1017 1018 1020
f 1019 1022 1021
f 1018 1019 1021
f 999 1017 1013
f 1000 1018 1017
f 999 1000 1017
f 1001 1019 1018
f 1000 1001 1018
f 980 1023 984
f 984 1023 1027
f 1023 1024 1027
f 1024 1028 1027
f 1026 1030 1029
f 1024 1025 1028
f 1025 1029 1028
f 1025 1026 1029
f 980 1037 1023
f 1023 1039 1024
f 1024 1040 1025
f 1025 1046 1026
f 1030 1031 1034
f 1032 1035 1034
f 1026 1031 1030
f 1031 1032 1034
f 1033 1036 1035
f 1032 1033 1035
f 1026 1046 1047
f 1031 1047 1048
f 1026 1047 1031
f 1031 1048 1032
f 1032 1048 1049
f 1032 1049 1033
f 980 1038 1037
f 1023 1037 1039
f 994 1042 1038
f 1037 1038 1043
f 1024 1039 1040
f 1025 1040 1046
f 1037 1044 1039
f 1039 1045 1040
f 1040 1050 1046
f 994 1041 1042
f 1038 1042 1043
f 1037 1043 1044
f 1039 1044 1045
f 1040 1045 1050
f 1044 1126 1045
f 1046 1051 1047
f 1047 1052 1048
f 1048 1053 1049
f 1046 1050 1051
f 1047 1051 1052
f 1045 1127 1050
f 1050 1128 1051
f 1051 1129 1052
f 1048 1052 1053
f 1052 1130 1053
f 435 1055 1054
f 433 1054 1056
f 1054 1055 1059
f 1054 1060 1056
f 1056 1060 1065
f 1056 1065 1057
f 621 625 1058
f 621 1061 1055
f 621 1058 1061
f 1055 1061 1059
f 625 1069 1058
f 1054 1059 1060
f 1059 1061 1077
f 1059 1076 1060
f 959 1057 1066
f 959 1062 965
f 965 1063 966
f 1057 1065 1066
f 959 1066 1062
f 965 1062 1063
f 966 1063 1064
f 968 1064 1086
f 1065 1079 1066
f 1060 1078 1065
f 1060 1076 1078
f 1065 1078 1079
f 1062 1066 1067
f 1062 1090 1063
f 1063 1090 1091
f 1063 1091 1064
f 1066 1079 1067
f 1062 1067 1090
f 1068 1075 1069
f 1058 1069 1070
f 636 1072 1073
f 636 1073 1068
f 1068 1073 1075
f 1058 1070 1071
f 1058 1071 1061
f 1061 1071 1077
f 1069 1075 1070
f 637 1074 1072
f 640 1116 1074
f 1072 1074 1117
f 1073 1121 1075
f 1070 1075 1080
f 1072 1117 1118
f 1072 1118 1073
f 1073 1118 1121
f 1059 1077 1076
f 1071 1084 1077
f 1076 1077 1082
f 1067 1079 1107
f 1076 1083 1078
f 1078 1106 1079
f 1078 1083 1106
f 1079 1106 1107
f 1070 1080 1081
f 1070 1081 1071
f 1071 1081 1084
f 1077 1084 1082
f 1075 1121 1080
f 1076 1082 1083
f 967 1086 1085
f 988 1085 1087
f 1064 1092 1086
f 1085 1086 1095
f 1085 1093 1087
f 1087 1094 1088
f 1088 1094 1098
f 1088 1098 1089
f 1064 1091 1092
f 1086 1092 1095
f 1085 1095 1093
f 1087 1093 1094
f 1092 1105 1095
f 1093 1095 1109
f 1093 1110 1094
f 1089 1099 1096
f 995 1096 1100
f 1089 1098 1099
f 1096 1099 1100
f 995 1101 996
f 996 1097 997
f 997 1122 1041
f 995 1100 1101
f 996 1101 1097
f 997 1097 1122
f 1094 1108 1098
f 1098 1111 1099
f 1100 1113 1101
f 1097 1101 1135
f 1099 1111 1112
f 1099 1112 1100
f 1100 1112 1113
f 1101 1113 1135
f 1067 1102 1090
f 1090 1103 1091
f 1091 1103 1104
f 1091 1104 1092
f 1067 1107 1102
f 1090 1102 1103
f 1092 1104 1105
f 1095 1105 1109
f 1093 1109 1110
f 1094 1110 1108
f 1098 1108 1111
f 639 1115 1119
f 639 1119 640
f 640 1119 1116
f 684 1114 1115
f 1074 1116 1117
f 1041 1123 1042
f 1042 1123 1124
f 1042 1124 1043
f 1041 1122 1123
f 1043 1124 1125
f 1043 1125 1044
f 1044 1125 1126
f 1045 1126 1127
f 1097 1136 1122
f 1122 1137 1123
f 1097 1135 1136
f 1122 1136 1137
f 1123 1137 1138
f 1123 1138 1124
f 1124 1139 1125
f 1125 1140 1126
f 1124 1138 1139
f 1125 1139 1140
f 1050 1127 1128
f 1051 1128 1129
f 1052 1129 1130
f 1126 1131 1127
f 1127 1132 1128
f 1128 1133 1129
f 1126 1140 1131
f 1127 1131 1132
f 1128 1132 1133
f 1129 1134 1130
f 1129 1133 1134
f 20 3252 2619
f 76 1442 747
f 77 80 1181
f 76 77 1180
f 78 79 1182
f 79 95 1183
f 78 1184 80
f 91 92 1195
f 92 94 1196
f 93 1198 94
f 95 96 1199
f 91 1200 96
f 208 744 1237
f 209 212 1238
f 209 1264 234
f 210 211 1239
f 208 1240 211
f 210 1241 212
f 220 236 1252
f 220 1253 221
f 221 1255 223
f 222 223 1254
f 222 1278 254
f 233 1265 235
f 233 234 1263
f 235 1266 236
f 252 255 1276
f 252 1277 253
f 254 1279 255
f 253 1280 256
f 256 1281 257
f 258 1283 259
f 257 1282 258
f 713 1432 743
f 710 1401 711
f 711 1402 712
f 712 1403 713
f 728 1416 732
f 727 731 1411
f 727 1412 728
f 729 1415 731
f 730 747 1414
f 729 730 1413
f 710 732 1400
f 741 742 1430
f 742 743 1431
f 741 1433 744
f 855 856 1889
f 93 854 1197
f 854 855 1888
f 856 857 1890
f 857 858 1891
f 858 869 1892
f 869 870 1905
f 870 871 1906
f 871 872 1907
f 872 873 1908
f 873 886 1909
f 874 875 1920
f 886 887 1922
f 887 888 1923
f 874 1924 888
f 11 1141 1142
f 6 1142 1150
f 20 1150 1160
f 20 1160 3252
f 1142 1143 1144
f 1142 1144 1146
f 1144 1145 1146
f 1142 1146 1150
f 1146 1147 1148
f 1146 1148 1150
f 1148 1149 1150
f 1150 1151 1152
f 1150 1152 1154
f 1152 1153 1154
f 1150 1154 1158
f 1154 1155 1156
f 1154 1156 1158
f 1156 1157 1158
f 1141 2961 1142
f 1142 2965 1143
f 1143 2988 1144
f 1144 3037 1145
f 1145 3038 1146
f 1146 3039 1147
f 1147 3048 1148
f 1148 3049 1149
f 1149 3087 1150
f 1150 3088 1151
f 1151 3089 1152
f 1152 3094 1153
f 1153 3163 1154
f 1154 3164 1155
f 1155 3182 1156
f 1156 3183 1157
f 1157 3184 1158
f 1158 3239 1159
f 27 1162 1161
f 27 1164 1162
f 31 2946 1164
f 27 1161 1921
f 1162 1164 1163
f 1164 1166 1165
f 1164 1168 1166
f 1166 1168 1167
f 1164 1172 1168
f 1168 1170 1169
f 1168 1172 1170
f 1170 1172 1171
f 1172 1174 1173
f 1172 1176 1174
f 1174 1176 1175
f 1176 1178 1177
f 1161 1162 1921
f 1162 1163 1932
f 1163 1164 1934
f 1164 1165 2009
f 1165 1166 2010
f 1166 1167 2012
f 1167 1168 2017
f 1168 1169 2022
f 1169 1170 2028
f 1170 1171 2146
f 1171 1172 2149
f 1172 1173 2153
f 1173 1174 2162
f 1174 1175 2173
f 1175 1176 2176
f 1176 1177 2189
f 1177 1178 2193
f 1178 1179 2270
f 1162 1932 1921
f 1163 1934 1932
f 1164 2009 1934
f 1165 2010 2009
f 1166 2012 2010
f 1167 2017 2012
f 1168 2022 2017
f 1169 2028 2022
f 1170 2146 2028
f 1171 2149 2146
f 1172 2153 2149
f 1173 2162 2153
f 1174 2173 2162
f 1175 2176 2173
f 1176 2189 2176
f 1177 2193 2189
f 1178 2270 2193
f 1179 2274 2270
f 1141 2438 2961
f 76 1180 1442
f 77 1181 1180
f 79 1183 1182
f 80 1184 1181
f 78 1182 1184
f 92 1196 1195
f 93 1197 1198
f 94 1198 1196
f 96 1200 1199
f 95 1199 1183
f 91 1195 1200
f 744 1433 1237
f 208 1237 1240
f 209 1238 1264
f 211 1240 1239
f 210 1239 1241
f 212 1241 1238
f 220 1252 1253
f 221 1253 1255
f 223 1255 1254
f 222 1254 1278
f 233 1263 1265
f 234 1264 1263
f 235 1265 1266
f 236 1266 1252
f 252 1276 1277
f 253 1277 1280
f 254 1278 1279
f 255 1279 1276
f 256 1280 1281
f 258 1282 1283
f 257 1281 1282
f 711 1401 1402
f 710 1400 1401
f 712 1402 1403
f 713 1403 1432
f 728 1412 1416
f 727 1411 1412
f 729 1413 1415
f 730 1414 1413
f 731 1415 1411
f 732 1416 1400
f 742 1431 1430
f 743 1432 1431
f 741 1430 1433
f 747 1442 1414
f 856 1890 1889
f 854 1888 1197
f 855 1889 1888
f 857 1891 1890
f 858 1892 1891
f 869 1905 1892
f 870 1906 1905
f 871 1907 1906
f 872 1908 1907
f 873 1909 1908
f 874 1920 1924
f 875 1921 1920
f 886 1922 1909
f 887 1923 1922
f 888 1924 1923
f 1142 2961 2965
f 1143 2965 2988
f 1144 2988 3037
f 1145 3037 3038
f 1146 3038 3039
f 1147 3039 3048
f 1148 3048 3049
f 1149 3049 3087
f 1150 3087 3088
f 1151 3088 3089
f 1152 3089 3094
f 1153 3094 3163
f 1154 3163 3164
f 1155 3164 3182
f 1156 3182 3183
f 1157 3183 3184
f 1158 3184 3239
f 1159 3239 3240
f 1180 1185 1443
f 1181 1184 1186
f 1180 1181 1185
f 1181 1186 1185
f 1182 1183 1189
f 1183 1190 1189
f 1183 1199 1190
f 1184 1191 1186
f 1182 1191 1184
f 1182 1189 1191
f 1186 1191 1188
f 1185 1186 1187
f 1186 1188 1187
f 1187 1188 1545
f 1188 1211 1545
f 1189 1190 1194
f 1190 1205 1192
f 1190 1192 1194
f 1189 1193 1191
f 1188 1191 1193
f 1189 1194 1193
f 1193 1194 1212
f 1188 1193 1211
f 1194 1214 1212
f 1193 1212 1211
f 1192 1214 1194
f 1192 1215 1214
f 1195 1196 1207
f 1196 1201 1207
f 1196 1198 1201
f 1197 1893 1202
f 1198 1202 1201
f 1197 1202 1198
f 1199 1200 1205
f 1200 1206 1205
f 1190 1199 1205
f 1195 1206 1200
f 1195 1207 1206
f 1201 1202 1203
f 1201 1203 1210
f 1202 1893 1204
f 1202 1204 1203
f 1204 1893 1897
f 1203 1204 1226
f 1204 1897 1229
f 1204 1229 1226
f 1229 1897 1935
f 1205 1206 1208
f 1206 1209 1208
f 1192 1205 1208
f 1206 1207 1209
f 1207 1210 1209
f 1192 1208 1215
f 1208 1209 1217
f 1208 1217 1215
f 1209 1210 1218
f 1210 1225 1218
f 1209 1218 1217
f 1201 1210 1207
f 1203 1225 1210
f 1203 1226 1225
f 1211 1212 1552
f 1212 1214 1213
f 1212 1213 1552
f 1214 1215 1216
f 1215 1220 1216
f 1213 1214 1216
f 1216 1220 1555
f 1217 1218 1221
f 1218 1225 1219
f 1218 1219 1221
f 1219 1225 1227
f 1215 1217 1220
f 1217 1221 1220
f 1220 1221 1222
f 1220 1222 1555
f 1221 1224 1222
f 1219 1224 1221
f 1219 1223 1224
f 1219 1227 1223
f 1225 1226 1227
f 1226 1228 1227
f 1226 1229 1228
f 1229 1935 1230
f 1228 1229 1230
f 1227 1228 1233
f 1228 1231 1233
f 1230 1946 1232
f 1228 1230 1231
f 1230 1232 1231
f 1223 1227 1233
f 1222 1224 1569
f 1223 1571 1224
f 1223 1234 1571
f 1231 1235 1233
f 1223 1233 1234
f 1233 1235 1234
f 1231 1232 1236
f 1231 1236 1235
f 1232 1953 1236
f 1235 1236 1576
f 1236 1953 1577
f 1236 1577 1576
f 1237 1242 1246
f 1237 1433 1242
f 1242 1433 1437
f 1238 1241 1244
f 1238 1268 1264
f 1238 1244 1268
f 1239 1240 1245
f 1239 1245 1247
f 1237 1246 1240
f 1240 1246 1245
f 1239 1247 1241
f 1241 1247 1244
f 1242 1437 1243
f 1244 1251 1271
f 1245 1246 1248
f 1245 1248 1250
f 1242 1249 1246
f 1246 1249 1248
f 1242 1243 1249
f 1245 1250 1247
f 1244 1247 1251
f 1247 1250 1251
f 1243 1300 1249
f 1248 1249 1299
f 1243 1489 1300
f 1249 1300 1299
f 1248 1301 1250
f 1250 1302 1251
f 1248 1299 1301
f 1250 1301 1302
f 1252 1266 1256
f 1252 1257 1253
f 1252 1256 1257
f 1253 1259 1255
f 1253 1257 1259
f 1254 1255 1258
f 1254 1287 1278
f 1254 1258 1287
f 1255 1259 1258
f 1256 1260 1257
f 1257 1261 1259
f 1256 1275 1260
f 1257 1260 1261
f 1258 1262 1289
f 1258 1259 1262
f 1259 1261 1262
f 1260 1275 1323
f 1260 1323 1306
f 1260 1306 1261
f 1261 1307 1262
f 1261 1306 1307
f 1262 1307 1345
f 1263 1269 1265
f 1263 1267 1269
f 1263 1264 1267
f 1264 1268 1267
f 1265 1270 1266
f 1265 1269 1270
f 1256 1266 1270
f 1267 1273 1269
f 1267 1272 1273
f 1267 1268 1272
f 1244 1271 1268
f 1268 1271 1272
f 1269 1274 1270
f 1256 1270 1275
f 1269 1273 1274
f 1270 1274 1275
f 1251 1309 1271
f 1271 1310 1272
f 1271 1309 1310
f 1272 1310 1312
f 1273 1311 1274
f 1273 1312 1311
f 1274 1311 1322
f 1272 1312 1273
f 1251 1302 1309
f 1274 1322 1275
f 1275 1322 1323
f 1276 1284 1285
f 1276 1285 1277
f 1277 1285 1292
f 1278 1287 1288
f 1278 1288 1279
f 1279 1288 1284
f 1276 1279 1284
f 1280 1292 1293
f 1277 1292 1280
f 1280 1293 1281
f 1282 1294 1283
f 1282 1295 1294
f 1281 1295 1282
f 1281 1293 1295
f 1284 1286 1285
f 1285 1286 1296
f 1258 1289 1287
f 1287 1290 1288
f 1287 1289 1290
f 1288 1290 1291
f 1284 1288 1291
f 1284 1291 1286
f 1262 1345 1289
f 1289 1344 1290
f 1289 1345 1344
f 1290 1348 1291
f 1286 1291 1349
f 1290 1344 1348
f 1291 1348 1349
f 1285 1296 1292
f 1292 1297 1293
f 1292 1296 1297
f 1294 1295 2975
f 1293 1298 1295
f 1293 1297 1298
f 1295 1298 2975
f 1286 1355 1296
f 1296 1353 1297
f 1296 1355 1353
f 1297 1354 1298
f 1298 2989 2975
f 1297 1353 1354
f 1298 1354 2989
f 1286 1349 1355
f 1300 1489 1491
f 1299 1300 1303
f 1300 1491 1303
f 1301 1316 1302
f 1301 1304 1316
f 1299 1304 1301
f 1299 1303 1304
f 1303 1491 1494
f 1303 1305 1304
f 1304 1305 1319
f 1303 1494 1305
f 1306 1323 1326
f 1306 1308 1307
f 1306 1326 1308
f 1309 1313 1310
f 1311 1312 1314
f 1310 1315 1312
f 1310 1313 1315
f 1312 1315 1314
f 1313 1321 1315
f 1314 1315 1327
f 1315 1321 1327
f 1302 1317 1309
f 1302 1316 1317
f 1309 1317 1313
f 1316 1318 1317
f 1316 1319 1318
f 1313 1317 1320
f 1317 1318 1320
f 1304 1319 1316
f 1313 1320 1321
f 1311 1324 1322
f 1322 1325 1323
f 1311 1314 1324
f 1322 1324 1325
f 1323 1325 1326
f 1324 1330 1325
f 1314 1328 1324
f 1314 1327 1328
f 1324 1328 1330
f 1325 1329 1326
f 1325 1330 1329
f 1308 1326 1367
f 1326 1329 1367
f 1305 1331 1319
f 1305 1661 1331
f 1318 1319 1332
f 1319 1331 1332
f 1318 1333 1320
f 1320 1338 1321
f 1320 1333 1338
f 1318 1332 1333
f 1331 1664 1332
f 1333 1340 1338
f 1332 1334 1333
f 1332 1664 1334
f 1333 1334 1340
f 1327 1339 1328
f 1328 1335 1330
f 1328 1339 1335
f 1329 1330 1336
f 1329 1336 1370
f 1330 1335 1336
f 1335 1376 1336
f 1321 1337 1327
f 1321 1338 1337
f 1327 1337 1339
f 1337 1338 1341
f 1337 1342 1339
f 1335 1339 1343
f 1337 1341 1342
f 1338 1340 1341
f 1334 1677 1340
f 1340 1679 1341
f 1340 1677 1679
f 1339 1342 1343
f 1335 1343 1376
f 1342 1385 1343
f 1341 1382 1342
f 1341 1679 1382
f 1342 1382 1385
f 1307 1346 1345
f 1344 1345 1347
f 1307 1308 1346
f 1345 1346 1347
f 1344 1350 1348
f 1348 1356 1349
f 1348 1350 1356
f 1344 1347 1350
f 1308 1368 1346
f 1346 1351 1347
f 1346 1368 1351
f 1347 1352 1350
f 1347 1351 1352
f 1350 1360 1356
f 1350 1352 1360
f 1353 1359 1354
f 1354 2991 2989
f 1354 1359 2991
f 1349 1357 1355
f 1353 1355 1358
f 1349 1356 1357
f 1355 1357 1358
f 1353 1358 1359
f 1356 1361 1357
f 1357 1362 1358
f 1357 1361 1362
f 1356 1360 1361
f 1358 1363 1359
f 1358 1362 1363
f 1359 1363 2997
f 1351 1372 1352
f 1352 1372 1377
f 1352 1377 1360
f 1360 1377 1364
f 1360 1364 1361
f 1361 1364 1365
f 1361 1365 1362
f 1362 1365 1366
f 1362 1366 1363
f 1364 1381 1365
f 1365 3025 1366
f 1308 1367 1368
f 1329 1370 1367
f 1367 1370 1369
f 1367 1369 1368
f 1368 1369 1371
f 1336 1373 1370
f 1369 1370 1374
f 1351 1368 1371
f 1351 1371 1372
f 1369 1375 1371
f 1371 1379 1372
f 1336 1376 1373
f 1370 1373 1374
f 1369 1374 1375
f 1371 1375 1379
f 1374 1387 1375
f 1375 1387 1393
f 1343 1384 1376
f 1373 1376 1383
f 1376 1384 1383
f 1343 1385 1384
f 1373 1386 1374
f 1374 1386 1387
f 1373 1383 1386
f 1372 1378 1377
f 1364 1377 1380
f 1372 1379 1378
f 1377 1378 1380
f 1378 1379 1390
f 1375 1393 1379
f 1379 1393 1390
f 1378 1391 1380
f 1378 1390 1391
f 1364 1380 1381
f 1365 1381 3025
f 1380 1392 1381
f 1381 3050 3025
f 1380 1391 1392
f 1381 1392 3050
f 1384 1385 1718
f 1382 1717 1385
f 1383 1384 1388
f 1384 1718 1388
f 1386 1394 1387
f 1383 1389 1386
f 1383 1388 1389
f 1386 1389 1394
f 1391 1397 1392
f 1387 1395 1393
f 1390 1393 1396
f 1387 1394 1395
f 1393 1395 1396
f 1390 1398 1391
f 1390 1396 1398
f 1391 1398 1397
f 1389 1723 1394
f 1394 1725 1395
f 1395 1725 1726
f 1397 1398 3058
f 1396 1399 1398
f 1395 1726 1396
f 1396 1726 1399
f 1398 1399 3058
f 1403 1435 1432
f 1400 1404 1401
f 1400 1405 1404
f 1401 1406 1402
f 1402 1406 1407
f 1402 1407 1403
f 1403 1407 1435
f 1401 1404 1406
f 1404 1405 1410
f 1405 1429 1410
f 1406 1409 1407
f 1407 1409 1438
f 1406 1408 1409
f 1404 1408 1406
f 1404 1410 1408
f 1410 1429 1446
f 1408 1445 1409
f 1408 1447 1445
f 1408 1410 1447
f 1410 1446 1447
f 1412 1418 1427
f 1411 1415 1417
f 1411 1418 1412
f 1411 1417 1418
f 1413 1423 1415
f 1413 1422 1423
f 1414 1442 1421
f 1413 1414 1422
f 1414 1421 1422
f 1415 1423 1417
f 1400 1416 1405
f 1405 1416 1427
f 1412 1427 1416
f 1417 1419 1418
f 1418 1419 1428
f 1417 1420 1419
f 1419 1420 1457
f 1420 1451 1457
f 1422 1424 1426
f 1421 1443 1425
f 1421 1424 1422
f 1421 1425 1424
f 1417 1423 1420
f 1422 1426 1423
f 1420 1423 1426
f 1424 1425 1452
f 1425 1449 1452
f 1424 1450 1426
f 1420 1426 1451
f 1426 1450 1451
f 1424 1452 1450
f 1405 1427 1429
f 1418 1428 1427
f 1427 1428 1429
f 1419 1455 1428
f 1428 1456 1429
f 1429 1456 1446
f 1428 1455 1456
f 1419 1457 1455
f 1430 1431 1434
f 1431 1436 1434
f 1431 1432 1436
f 1432 1435 1436
f 1430 1437 1433
f 1430 1434 1437
f 1434 1436 1441
f 1435 1439 1436
f 1407 1438 1435
f 1435 1438 1439
f 1436 1439 1441
f 1434 1440 1437
f 1434 1441 1440
f 1243 1437 1440
f 1439 1479 1441
f 1438 1476 1439
f 1438 1483 1476
f 1439 1476 1479
f 1440 1441 1477
f 1243 1440 1489
f 1441 1479 1477
f 1440 1477 1489
f 1409 1483 1438
f 1409 1445 1483
f 1421 1442 1443
f 1180 1443 1442
f 1185 1444 1443
f 1425 1443 1444
f 1185 1187 1444
f 1187 1543 1444
f 1425 1444 1449
f 1187 1545 1543
f 1444 1543 1449
f 1445 1447 1485
f 1446 1448 1447
f 1447 1448 1485
f 1446 1460 1448
f 1448 1460 1508
f 1450 1465 1451
f 1450 1454 1465
f 1450 1452 1454
f 1449 1453 1452
f 1452 1453 1454
f 1449 1547 1453
f 1453 1547 1550
f 1453 1468 1454
f 1453 1550 1468
f 1455 1461 1456
f 1455 1459 1461
f 1455 1457 1459
f 1451 1458 1457
f 1457 1458 1459
f 1446 1456 1460
f 1456 1461 1460
f 1458 1464 1459
f 1458 1467 1464
f 1460 1461 1462
f 1461 1463 1462
f 1460 1462 1508
f 1459 1463 1461
f 1459 1464 1463
f 1451 1465 1458
f 1458 1465 1467
f 1465 1466 1467
f 1454 1466 1465
f 1454 1468 1466
f 1462 1463 1511
f 1463 1464 1469
f 1463 1469 1511
f 1464 1473 1469
f 1469 1473 1516
f 1466 1472 1467
f 1466 1470 1472
f 1466 1468 1470
f 1468 1550 1471
f 1468 1471 1470
f 1470 1471 1474
f 1464 1467 1473
f 1467 1472 1473
f 1472 1517 1473
f 1470 1475 1472
f 1473 1517 1516
f 1472 1475 1517
f 1470 1474 1475
f 1474 1524 1475
f 1476 1483 1481
f 1477 1479 1478
f 1477 1478 1490
f 1476 1480 1479
f 1476 1481 1480
f 1478 1479 1480
f 1480 1481 1482
f 1478 1480 1492
f 1480 1482 1492
f 1445 1484 1483
f 1445 1485 1484
f 1481 1483 1484
f 1484 1485 1486
f 1484 1486 1488
f 1448 1487 1485
f 1448 1508 1487
f 1485 1487 1486
f 1481 1484 1488
f 1481 1488 1482
f 1477 1490 1489
f 1489 1490 1491
f 1478 1493 1490
f 1490 1495 1491
f 1490 1493 1495
f 1478 1492 1493
f 1491 1495 1494
f 1486 1487 1496
f 1487 1508 1509
f 1487 1509 1496
f 1486 1497 1488
f 1482 1488 1502
f 1488 1497 1502
f 1486 1496 1497
f 1496 1509 1514
f 1496 1505 1497
f 1496 1514 1505
f 1482 1503 1492
f 1492 1498 1493
f 1493 1498 1500
f 1492 1503 1498
f 1498 1503 1507
f 1494 1495 1499
f 1493 1500 1495
f 1495 1500 1499
f 1305 1494 1661
f 1494 1499 1661
f 1498 1501 1500
f 1499 1500 1662
f 1498 1507 1501
f 1500 1501 1662
f 1482 1502 1503
f 1497 1506 1502
f 1502 1504 1503
f 1503 1504 1507
f 1502 1506 1504
f 1497 1505 1506
f 1504 1506 1518
f 1505 1519 1506
f 1504 1520 1507
f 1501 1507 1669
f 1507 1520 1669
f 1504 1518 1520
f 1506 1519 1518
f 1462 1510 1508
f 1462 1511 1510
f 1508 1510 1509
f 1510 1511 1515
f 1469 1512 1511
f 1509 1510 1513
f 1469 1516 1512
f 1511 1512 1515
f 1509 1513 1514
f 1510 1515 1513
f 1513 1529 1514
f 1513 1521 1529
f 1513 1515 1521
f 1512 1522 1515
f 1512 1526 1522
f 1515 1522 1521
f 1516 1517 1523
f 1512 1516 1526
f 1516 1523 1526
f 1517 1525 1523
f 1475 1525 1517
f 1475 1524 1525
f 1505 1514 1530
f 1514 1529 1530
f 1505 1530 1519
f 1518 1519 1532
f 1518 1671 1520
f 1518 1532 1671
f 1524 1611 1525
f 1523 1527 1526
f 1522 1526 1535
f 1526 1527 1535
f 1523 1525 1528
f 1523 1528 1527
f 1525 1611 1528
f 1527 1528 1538
f 1529 1534 1530
f 1521 1531 1529
f 1521 1522 1536
f 1521 1536 1531
f 1529 1531 1534
f 1519 1530 1533
f 1530 1534 1533
f 1519 1533 1532
f 1531 1539 1534
f 1533 1534 1692
f 1534 1539 1692
f 1522 1535 1536
f 1531 1536 1540
f 1535 1541 1536
f 1527 1537 1535
f 1527 1538 1537
f 1528 1620 1538
f 1535 1537 1541
f 1537 1538 1626
f 1531 1540 1539
f 1536 1541 1540
f 1539 1540 1700
f 1537 1542 1541
f 1537 1626 1542
f 1540 1541 1699
f 1541 1542 1699
f 1543 1545 1544
f 1449 1543 1547
f 1543 1544 1547
f 1211 1546 1545
f 1544 1545 1546
f 1211 1552 1546
f 1544 1546 1551
f 1546 1552 1548
f 1546 1548 1551
f 1547 1549 1550
f 1544 1549 1547
f 1544 1551 1549
f 1213 1553 1552
f 1213 1554 1553
f 1548 1552 1553
f 1213 1216 1554
f 1216 1555 1554
f 1549 1564 1550
f 1549 1551 1556
f 1549 1556 1564
f 1548 1557 1551
f 1548 1559 1557
f 1551 1557 1556
f 1548 1553 1559
f 1553 1554 1560
f 1554 1555 1558
f 1554 1558 1560
f 1555 1570 1558
f 1558 1570 1562
f 1553 1560 1559
f 1559 1560 1561
f 1557 1559 1568
f 1558 1563 1560
f 1559 1561 1568
f 1560 1563 1561
f 1558 1562 1563
f 1562 1582 1563
f 1471 1550 1564
f 1556 1565 1564
f 1471 1564 1567
f 1556 1557 1566
f 1564 1565 1567
f 1556 1566 1565
f 1557 1568 1566
f 1565 1566 1580
f 1566 1568 1584
f 1471 1567 1474
f 1474 1567 1578
f 1565 1579 1567
f 1474 1578 1524
f 1567 1579 1578
f 1565 1580 1579
f 1566 1584 1580
f 1561 1581 1568
f 1561 1583 1581
f 1568 1581 1584
f 1561 1563 1583
f 1563 1582 1583
f 1222 1570 1555
f 1222 1569 1570
f 1569 1574 1570
f 1224 1571 1569
f 1569 1571 1572
f 1234 1573 1571
f 1569 1572 1574
f 1571 1573 1572
f 1562 1570 1574
f 1572 1588 1574
f 1562 1574 1595
f 1562 1595 1582
f 1574 1588 1595
f 1572 1589 1588
f 1572 1573 1589
f 1573 1591 1589
f 1234 1235 1575
f 1234 1575 1573
f 1235 1576 1575
f 1573 1575 1591
f 1575 1576 1592
f 1576 1577 1590
f 1576 1590 1592
f 1577 2029 1590
f 1575 1592 1591
f 1579 1580 1609
f 1580 1584 1615
f 1580 1615 1609
f 1581 1583 1587
f 1582 1586 1583
f 1581 1585 1584
f 1581 1587 1585
f 1584 1585 1615
f 1583 1586 1587
f 1585 1587 1618
f 1586 1617 1587
f 1589 1591 1601
f 1591 1592 1602
f 1591 1602 1601
f 1592 1593 1602
f 1590 1593 1592
f 1590 2029 1594
f 1590 1594 1593
f 1582 1595 1598
f 1588 1596 1595
f 1582 1598 1586
f 1595 1596 1598
f 1588 1589 1597
f 1588 1597 1596
f 1589 1601 1597
f 1596 1597 1600
f 1597 1601 1605
f 1586 1598 1634
f 1596 1599 1598
f 1586 1634 1617
f 1598 1599 1634
f 1596 1600 1599
f 1597 1605 1600
f 1600 1605 1641
f 1601 1606 1605
f 1601 1602 1606
f 1602 1603 1606
f 1593 1603 1602
f 1593 1594 1604
f 1593 1604 1603
f 1605 1606 1642
f 1606 1643 1642
f 1603 1643 1606
f 1603 1604 1607
f 1604 2049 1607
f 1603 1607 1643
f 1524 1578 1608
f 1578 1579 1610
f 1524 1608 1611
f 1578 1610 1608
f 1579 1609 1610
f 1609 1613 1610
f 1609 1619 1613
f 1608 1612 1611
f 1528 1611 1620
f 1611 1612 1620
f 1608 1614 1612
f 1608 1610 1614
f 1610 1613 1614
f 1613 1627 1614
f 1585 1616 1615
f 1609 1615 1619
f 1615 1616 1619
f 1585 1618 1616
f 1587 1617 1618
f 1616 1618 1622
f 1617 1637 1618
f 1616 1621 1619
f 1613 1619 1628
f 1613 1628 1627
f 1619 1621 1628
f 1616 1622 1621
f 1618 1637 1622
f 1612 1623 1620
f 1538 1620 1625
f 1620 1623 1625
f 1612 1614 1624
f 1614 1627 1624
f 1612 1624 1623
f 1538 1625 1626
f 1625 1772 1626
f 1623 1773 1625
f 1623 1624 1632
f 1625 1773 1772
f 1623 1632 1773
f 1624 1627 1631
f 1627 1628 1633
f 1621 1629 1628
f 1621 1622 1630
f 1621 1630 1629
f 1628 1629 1633
f 1624 1631 1632
f 1627 1633 1631
f 1631 1781 1632
f 1629 1780 1633
f 1629 1630 1650
f 1631 1633 1779
f 1633 1780 1779
f 1629 1650 1780
f 1617 1634 1638
f 1599 1635 1634
f 1617 1638 1637
f 1634 1635 1638
f 1599 1600 1636
f 1599 1636 1635
f 1600 1641 1636
f 1605 1642 1641
f 1622 1637 1648
f 1637 1638 1649
f 1638 1639 1649
f 1635 1639 1638
f 1635 1636 1640
f 1636 1646 1640
f 1635 1640 1639
f 1636 1641 1646
f 1641 1642 1645
f 1642 1647 1645
f 1642 1643 1647
f 1607 1644 1643
f 1643 1644 1647
f 1641 1645 1646
f 1640 1646 1655
f 1645 1656 1646
f 1644 2095 1647
f 1645 1647 1657
f 1647 2095 1657
f 1622 1648 1630
f 1637 1649 1648
f 1630 1648 1651
f 1648 1649 1652
f 1639 1653 1649
f 1639 1640 1654
f 1649 1653 1652
f 1639 1654 1653
f 1630 1651 1650
f 1648 1652 1651
f 1651 1652 1799
f 1652 1653 1804
f 1640 1655 1654
f 1646 1656 1655
f 1645 1657 1656
f 1655 1656 1660
f 1656 1657 1658
f 1657 2095 2098
f 1653 1654 1805
f 1654 1655 1659
f 1653 1805 1804
f 1654 1659 1805
f 1655 1660 1659
f 1656 1658 1660
f 1657 2098 1658
f 1658 2195 1660
f 1499 1663 1661
f 1331 1661 1665
f 1661 1663 1665
f 1499 1662 1663
f 1501 1670 1662
f 1662 1667 1663
f 1662 1670 1667
f 1331 1665 1664
f 1664 1665 1668
f 1334 1664 1676
f 1664 1668 1676
f 1663 1666 1665
f 1665 1666 1668
f 1663 1667 1666
f 1501 1669 1670
f 1334 1676 1677
f 1666 1667 1673
f 1666 1683 1668
f 1666 1673 1683
f 1669 1675 1670
f 1520 1672 1669
f 1520 1671 1672
f 1669 1672 1675
f 1667 1670 1674
f 1667 1674 1673
f 1670 1675 1674
f 1673 1674 1684
f 1672 1695 1675
f 1674 1675 1685
f 1674 1685 1684
f 1675 1695 1685
f 1676 1681 1677
f 1668 1678 1676
f 1668 1683 1678
f 1676 1678 1681
f 1677 1682 1679
f 1382 1679 1680
f 1677 1681 1682
f 1382 1680 1717
f 1679 1682 1680
f 1678 1689 1681
f 1680 1682 1719
f 1681 1688 1682
f 1682 1688 1719
f 1681 1689 1688
f 1673 1686 1683
f 1673 1684 1686
f 1678 1683 1687
f 1683 1686 1687
f 1684 1685 1704
f 1684 1707 1686
f 1678 1687 1689
f 1687 1729 1689
f 1686 1690 1687
f 1686 1707 1690
f 1687 1690 1729
f 1532 1691 1671
f 1532 1533 1693
f 1532 1693 1691
f 1671 1694 1672
f 1671 1691 1694
f 1533 1692 1693
f 1691 1693 1697
f 1692 1701 1693
f 1672 1694 1695
f 1694 1706 1695
f 1691 1696 1694
f 1691 1697 1696
f 1693 1701 1697
f 1694 1696 1706
f 1539 1698 1692
f 1539 1700 1698
f 1692 1698 1701
f 1540 1699 1700
f 1685 1695 1705
f 1695 1706 1705
f 1684 1704 1707
f 1685 1705 1704
f 1698 1700 1703
f 1699 1774 1700
f 1698 1702 1701
f 1696 1697 1710
f 1697 1701 1712
f 1701 1702 1712
f 1698 1703 1702
f 1700 1774 1703
f 1702 1703 1787
f 1696 1711 1706
f 1705 1706 1713
f 1706 1711 1713
f 1704 1708 1707
f 1690 1707 1745
f 1707 1708 1745
f 1704 1705 1709
f 1704 1709 1708
f 1705 1713 1709
f 1708 1709 1749
f 1696 1710 1711
f 1697 1712 1710
f 1710 1714 1711
f 1702 1786 1712
f 1710 1712 1715
f 1712 1786 1715
f 1711 1716 1713
f 1709 1713 1750
f 1713 1716 1750
f 1711 1714 1716
f 1710 1715 1714
f 1714 1826 1716
f 1385 1717 1718
f 1680 1720 1717
f 1717 1721 1718
f 1680 1719 1720
f 1717 1720 1721
f 1388 1718 1722
f 1718 1721 1722
f 1388 1724 1389
f 1388 1722 1724
f 1720 1731 1721
f 1721 1737 1722
f 1721 1731 1737
f 1688 1727 1719
f 1688 1689 1728
f 1688 1728 1727
f 1719 1730 1720
f 1719 1727 1730
f 1689 1729 1728
f 1720 1730 1731
f 1389 1724 1723
f 1394 1723 1725
f 1723 1735 1725
f 1723 1724 1734
f 1722 1733 1724
f 1724 1733 1734
f 1722 1737 1733
f 1723 1734 1735
f 1725 1736 1726
f 1399 1726 3097
f 1726 1736 3097
f 1725 1735 1736
f 1728 1729 1743
f 1727 1728 1746
f 1730 1739 1731
f 1727 1732 1730
f 1727 1746 1732
f 1730 1732 1739
f 1735 3101 1736
f 1733 1737 1740
f 1731 1738 1737
f 1737 1738 1740
f 1733 1742 1734
f 1733 1740 1742
f 1731 1739 1738
f 1738 1759 1740
f 1734 1741 1735
f 1734 1742 1741
f 1735 1741 3101
f 1740 1761 1742
f 1741 3124 3101
f 1741 1742 1760
f 1741 1760 3124
f 1742 1761 1760
f 1690 1744 1729
f 1690 1745 1744
f 1728 1743 1746
f 1729 1744 1743
f 1708 1751 1745
f 1743 1744 1747
f 1744 1745 1752
f 1745 1751 1752
f 1743 1748 1746
f 1732 1746 1757
f 1743 1747 1748
f 1744 1752 1747
f 1746 1748 1757
f 1708 1749 1751
f 1709 1750 1749
f 1749 1753 1751
f 1716 1828 1750
f 1716 1826 1828
f 1749 1754 1753
f 1749 1750 1754
f 1750 1828 1754
f 1751 1755 1752
f 1747 1762 1748
f 1747 1752 1765
f 1747 1765 1762
f 1752 1755 1765
f 1751 1753 1755
f 1753 1841 1755
f 1738 1739 1756
f 1732 1758 1739
f 1739 1758 1756
f 1732 1757 1758
f 1738 1756 1759
f 1740 1759 1761
f 1748 1764 1757
f 1756 1758 1766
f 1758 1763 1766
f 1757 1763 1758
f 1760 1761 3125
f 1759 3126 1761
f 1756 1767 1759
f 1756 1766 1767
f 1759 1767 3126
f 1748 1762 1764
f 1757 1764 1763
f 1762 1765 1842
f 1755 1843 1765
f 1762 1844 1764
f 1765 1843 1842
f 1762 1842 1844
f 1763 1769 1766
f 1766 3132 1767
f 1763 1764 1768
f 1763 1768 1769
f 1764 1844 1768
f 1766 1769 3132
f 1542 1770 1699
f 1542 1626 1771
f 1542 1771 1770
f 1626 1772 1771
f 1699 1770 1774
f 1772 1773 1782
f 1771 1772 1775
f 1772 1782 1775
f 1770 1776 1774
f 1703 1774 1785
f 1774 1776 1785
f 1770 1771 1777
f 1770 1777 1776
f 1771 1775 1777
f 1632 1778 1773
f 1632 1781 1778
f 1773 1778 1782
f 1631 1779 1781
f 1779 1801 1781
f 1778 1783 1782
f 1775 1791 1777
f 1775 1782 1794
f 1775 1794 1791
f 1782 1783 1794
f 1778 1784 1783
f 1778 1781 1784
f 1781 1801 1784
f 1702 1787 1786
f 1703 1785 1787
f 1786 1787 1790
f 1776 1792 1785
f 1776 1777 1793
f 1785 1788 1787
f 1785 1792 1788
f 1776 1793 1792
f 1715 1786 1789
f 1786 1790 1789
f 1714 1715 1827
f 1715 1789 1827
f 1787 1788 1790
f 1789 1790 1836
f 1788 1833 1790
f 1777 1791 1793
f 1791 1795 1793
f 1783 1811 1794
f 1783 1784 1812
f 1791 1794 1796
f 1794 1811 1796
f 1788 1792 1834
f 1792 1793 1797
f 1788 1834 1833
f 1792 1797 1834
f 1793 1795 1797
f 1791 1796 1795
f 1795 1859 1797
f 1779 1780 1802
f 1650 1798 1780
f 1650 1800 1798
f 1650 1651 1800
f 1779 1802 1801
f 1780 1798 1802
f 1651 1799 1800
f 1652 1804 1799
f 1799 1808 1800
f 1784 1801 1813
f 1801 1802 1814
f 1798 1815 1802
f 1798 1800 1803
f 1800 1808 1803
f 1802 1815 1814
f 1798 1803 1815
f 1799 1804 1807
f 1804 1805 1809
f 1804 1809 1807
f 1659 1810 1805
f 1659 1660 1806
f 1660 2195 1806
f 1805 1810 1809
f 1659 1806 1810
f 1799 1807 1808
f 1807 1822 1808
f 1809 1810 2208
f 1806 2209 1810
f 1807 1809 1821
f 1809 2208 1821
f 1810 2209 2208
f 1784 1813 1812
f 1801 1814 1813
f 1783 1812 1811
f 1814 1815 1823
f 1812 1813 1818
f 1813 1814 1816
f 1814 1823 1816
f 1796 1811 1860
f 1811 1812 1817
f 1795 1796 1857
f 1796 1860 1857
f 1811 1817 1860
f 1812 1818 1817
f 1813 1816 1818
f 1803 1819 1815
f 1803 1808 1820
f 1808 1822 1820
f 1815 1819 1823
f 1803 1820 1819
f 1807 1821 1822
f 1821 2214 1822
f 1819 1869 1823
f 1816 1865 1818
f 1816 1823 1868
f 1823 1869 1868
f 1819 1820 1824
f 1820 1822 1825
f 1820 1825 1824
f 1822 2214 1825
f 1819 1824 1869
f 1714 1827 1826
f 1826 1829 1828
f 1789 1835 1827
f 1826 1827 1830
f 1789 1836 1835
f 1826 1830 1829
f 1827 1835 1830
f 1753 1754 1831
f 1754 1828 1832
f 1828 1829 1832
f 1753 1831 1841
f 1754 1832 1831
f 1829 1849 1832
f 1790 1833 1836
f 1835 1836 1840
f 1833 1837 1836
f 1833 1834 1838
f 1797 1858 1834
f 1797 1859 1858
f 1833 1838 1837
f 1834 1858 1838
f 1830 1835 1839
f 1835 1840 1839
f 1829 1830 1850
f 1829 1850 1849
f 1830 1839 1850
f 1836 1837 1840
f 1839 1840 1874
f 1837 1875 1840
f 1755 1841 1843
f 1842 1843 1845
f 1831 1851 1841
f 1831 1832 1852
f 1831 1852 1851
f 1841 1846 1843
f 1841 1851 1846
f 1842 1848 1844
f 1768 3186 1769
f 1768 1844 1847
f 1768 1847 3186
f 1842 1845 1848
f 1843 1846 1845
f 1844 1848 1847
f 1832 1849 1852
f 1851 1852 1853
f 1849 1854 1852
f 1849 1850 1877
f 1839 1878 1850
f 1839 1874 1878
f 1849 1877 1854
f 1850 1878 1877
f 1846 1851 1856
f 1845 3193 1848
f 1845 1846 1855
f 1845 1855 3193
f 1846 1856 1855
f 1851 1853 1856
f 1852 1854 1853
f 1853 3217 1856
f 1795 1857 1859
f 1858 1859 1864
f 1857 1861 1859
f 1857 1860 1862
f 1817 1866 1860
f 1817 1818 1867
f 1857 1862 1861
f 1860 1866 1862
f 1837 1838 1876
f 1838 1858 1863
f 1858 1864 1863
f 1837 1876 1875
f 1838 1863 1876
f 1859 1861 1864
f 1863 1864 1887
f 1861 1883 1864
f 1817 1867 1866
f 1818 1865 1867
f 1816 1868 1865
f 1865 1873 1867
f 1824 2254 1869
f 1865 1868 1870
f 1868 2260 1870
f 1868 1869 2260
f 1862 1866 1871
f 1866 1867 1872
f 1861 1884 1883
f 1861 1862 1884
f 1862 1871 1884
f 1866 1872 1871
f 1867 1873 1872
f 1865 1870 1873
f 1840 1875 1874
f 1874 1879 1878
f 1874 1875 1880
f 1875 1876 1885
f 1863 1886 1876
f 1863 1887 1886
f 1875 1885 1880
f 1876 1886 1885
f 1854 1877 1881
f 1877 1882 1881
f 1877 1878 1882
f 1853 3220 3217
f 1853 1854 3220
f 1854 1881 3220
f 1878 1879 1882
f 1874 1880 1879
f 1864 1883 1887
f 1889 1890 1895
f 1890 1899 1895
f 1197 1888 1893
f 1888 1894 1893
f 1888 1889 1894
f 1889 1895 1894
f 1890 1891 1899
f 1891 1900 1899
f 1891 1892 1900
f 1892 1901 1900
f 1892 1905 1901
f 1893 1894 1897
f 1894 1896 1897
f 1894 1895 1896
f 1895 1899 1898
f 1895 1898 1896
f 1896 1935 1897
f 1896 1936 1935
f 1896 1898 1936
f 1898 1904 1937
f 1898 1937 1936
f 1899 1900 1904
f 1900 1902 1904
f 1900 1901 1902
f 1901 1903 1902
f 1898 1899 1904
f 1902 1903 1942
f 1902 1940 1904
f 1904 1940 1937
f 1902 1942 1940
f 1903 1943 1942
f 1905 1906 1910
f 1901 1905 1910
f 1906 1911 1910
f 1906 1907 1911
f 1907 1914 1911
f 1907 1908 1914
f 1908 1915 1914
f 1908 1909 1915
f 1909 1916 1915
f 1909 1922 1916
f 1901 1910 1903
f 1910 1911 1912
f 1903 1910 1912
f 1911 1914 1913
f 1913 1914 1917
f 1911 1913 1912
f 1903 1912 1943
f 1912 1913 1964
f 1912 1964 1943
f 1913 1917 1965
f 1913 1965 1964
f 1917 1971 1965
f 1914 1915 1917
f 1915 1918 1917
f 1915 1916 1918
f 1916 1925 1919
f 1916 1919 1918
f 1917 1918 1971
f 1918 1972 1971
f 1918 1919 1972
f 1919 1928 1973
f 1919 1973 1972
f 1916 1922 1925
f 1922 1923 1925
f 1923 1926 1925
f 1923 1924 1926
f 1924 1927 1926
f 1920 1927 1924
f 1920 1931 1927
f 1920 1932 1931
f 1920 1921 1932
f 1925 1926 1928
f 1919 1925 1928
f 1926 1929 1928
f 1926 1927 1929
f 1927 1930 1929
f 1928 1929 1998
f 1928 1998 1973
f 1929 2001 1998
f 1929 1930 2001
f 1930 2000 2001
f 1927 1931 1930
f 1930 1931 1933
f 1931 1934 1933
f 1931 1932 1934
f 1930 1933 2000
f 1933 2007 2000
f 1933 2009 2007
f 1933 1934 2009
f 1935 1936 1946
f 1936 1938 1946
f 1936 1937 1938
f 1937 1940 1939
f 1937 1939 1938
f 1940 1942 1941
f 1941 1942 1945
f 1939 1940 1941
f 1942 1943 1945
f 1943 1944 1945
f 1939 1941 1949
f 1941 1945 1950
f 1945 1951 1950
f 1944 1951 1945
f 1944 1968 1951
f 1230 1935 1946
f 1938 1947 1946
f 1938 1948 1947
f 1232 1946 1947
f 1938 1939 1948
f 1939 1949 1948
f 1941 1950 1949
f 1232 1947 1953
f 1947 1948 1954
f 1948 1952 1954
f 1948 1949 1952
f 1949 1958 1952
f 1947 1954 1953
f 1953 1954 1955
f 1952 1956 1954
f 1952 1958 1957
f 1577 1953 1955
f 1954 1956 1955
f 1952 1957 1956
f 1956 1957 2031
f 1949 1950 1958
f 1950 1951 1959
f 1950 1959 1958
f 1958 1959 1961
f 1951 1960 1959
f 1951 1968 1960
f 1959 1960 1962
f 1960 1981 1963
f 1957 1958 1961
f 1959 1962 1961
f 1957 1961 2035
f 1961 2036 2035
f 1961 1962 2036
f 1960 1963 1962
f 1962 1963 2037
f 1962 2037 2036
f 1963 1992 2037
f 1965 1971 1967
f 1943 1964 1944
f 1964 1965 1966
f 1944 1964 1966
f 1965 1967 1966
f 1967 1971 1975
f 1944 1966 1968
f 1966 1969 1968
f 1966 1967 1969
f 1967 1975 1970
f 1967 1970 1969
f 1971 1972 1975
f 1972 1976 1975
f 1972 1973 1976
f 1973 1998 1974
f 1973 1974 1976
f 1975 1976 1977
f 1970 1975 1977
f 1976 1979 1977
f 1974 1979 1976
f 1974 1999 1978
f 1974 1978 1979
f 1969 1970 1982
f 1970 1977 1983
f 1977 1987 1983
f 1977 1979 1987
f 1979 1988 1987
f 1978 1988 1979
f 1978 1980 1988
f 1968 1969 1981
f 1960 1968 1981
f 1969 1982 1981
f 1981 1982 1986
f 1970 1983 1982
f 1983 1987 1985
f 1982 1983 1984
f 1963 1981 1986
f 1982 1984 1986
f 1983 1985 1984
f 1963 1986 1992
f 1984 1993 1986
f 1986 1993 1992
f 1984 1985 1994
f 1984 1994 1993
f 1985 1995 1994
f 1987 1988 1989
f 1980 1990 1988
f 1985 1987 1989
f 1988 1990 1989
f 1980 1991 1990
f 1990 1991 1997
f 1985 1989 1995
f 1989 1996 1995
f 1989 1990 1996
f 1990 1997 1996
f 1991 2023 1997
f 1994 1995 2059
f 1995 1996 2063
f 1996 1997 2064
f 1997 2023 2065
f 2023 2138 2065
f 1998 2001 1999
f 1974 1998 1999
f 1999 2001 2002
f 2000 2002 2001
f 2000 2003 2002
f 1978 1999 2004
f 1999 2002 2004
f 2002 2005 2004
f 2002 2003 2005
f 2003 2006 2005
f 2000 2007 2003
f 2003 2007 2008
f 2007 2010 2008
f 2007 2009 2010
f 2003 2008 2006
f 2008 2010 2012
f 2006 2008 2011
f 2008 2012 2011
f 1978 2004 1980
f 1980 2004 2013
f 2004 2005 2013
f 2005 2014 2013
f 2005 2006 2014
f 2006 2015 2014
f 2006 2011 2015
f 2011 2016 2015
f 2011 2017 2016
f 2011 2012 2017
f 1980 2013 1991
f 2013 2014 2018
f 2014 2015 2019
f 1991 2013 2018
f 1991 2018 2023
f 2018 2019 2024
f 2014 2019 2018
f 2015 2020 2019
f 2019 2020 2025
f 2018 2024 2023
f 2019 2025 2024
f 2020 2026 2025
f 2015 2016 2020
f 2016 2017 2022
f 2016 2021 2020
f 2016 2022 2021
f 2020 2021 2026
f 2021 2022 2028
f 2021 2027 2026
f 2021 2028 2027
f 2023 2024 2138
f 2024 2139 2138
f 2024 2025 2139
f 2025 2026 2140
f 2025 2140 2139
f 2026 2144 2140
f 2026 2027 2144
f 2027 2145 2144
f 2027 2028 2146
f 2027 2146 2145
f 1577 1955 2029
f 1955 2030 2029
f 1955 1956 2030
f 1956 2031 2030
f 1957 2035 2031
f 2030 2031 2033
f 2031 2035 2034
f 2029 2030 2032
f 1594 2029 2032
f 2030 2033 2032
f 2031 2034 2033
f 1594 2032 2045
f 2032 2033 2044
f 2033 2034 2046
f 2034 2047 2046
f 2035 2036 2040
f 2034 2035 2040
f 2036 2038 2040
f 2036 2037 2038
f 1992 2039 2037
f 2037 2039 2038
f 2034 2040 2047
f 2038 2041 2040
f 2040 2041 2047
f 2038 2039 2042
f 2039 2057 2043
f 2039 2043 2042
f 2038 2042 2041
f 1594 2045 1604
f 2032 2044 2045
f 2044 2048 2045
f 2033 2046 2044
f 2044 2046 2050
f 2046 2047 2053
f 2046 2053 2050
f 1604 2045 2049
f 2045 2048 2049
f 2044 2050 2048
f 2041 2054 2047
f 2047 2054 2053
f 2041 2051 2054
f 2041 2042 2051
f 2042 2052 2051
f 2042 2043 2052
f 2048 2084 2049
f 2048 2050 2085
f 2050 2053 2086
f 2053 2054 2090
f 2051 2055 2054
f 2053 2090 2086
f 2054 2055 2090
f 2051 2052 2056
f 2052 2072 2056
f 2051 2056 2055
f 1992 1993 2057
f 1992 2057 2039
f 1993 2058 2057
f 1993 1994 2058
f 1994 2059 2058
f 1995 2063 2059
f 2057 2058 2060
f 2058 2059 2061
f 2059 2063 2062
f 2043 2057 2060
f 2058 2061 2060
f 2043 2060 2069
f 2060 2061 2070
f 2059 2062 2061
f 2061 2062 2071
f 1996 2064 2063
f 1997 2065 2064
f 2063 2064 2066
f 2064 2067 2066
f 2064 2065 2067
f 2065 2068 2067
f 2065 2138 2068
f 2062 2063 2066
f 2062 2066 2076
f 2066 2077 2076
f 2066 2067 2077
f 2068 2141 2079
f 2067 2068 2078
f 2067 2078 2077
f 2068 2079 2078
f 2043 2069 2052
f 2060 2070 2069
f 2061 2071 2070
f 2062 2076 2071
f 2069 2070 2073
f 2070 2071 2075
f 2071 2076 2074
f 2052 2069 2072
f 2069 2073 2072
f 2070 2075 2073
f 2071 2074 2075
f 2073 2075 2111
f 2074 2112 2075
f 2076 2077 2080
f 2077 2078 2081
f 2077 2081 2080
f 2078 2079 2082
f 2078 2082 2081
f 2079 2156 2082
f 2074 2076 2080
f 2074 2080 2117
f 2080 2081 2118
f 2081 2119 2118
f 2081 2082 2119
f 2082 2120 2119
f 2082 2156 2120
f 1607 2049 2083
f 2049 2084 2083
f 1607 2083 1644
f 2048 2085 2084
f 2050 2086 2085
f 2084 2085 2089
f 2085 2086 2091
f 1644 2083 2087
f 2083 2084 2088
f 2083 2088 2087
f 1644 2087 2095
f 2084 2089 2088
f 2085 2091 2089
f 2089 2091 2102
f 2055 2093 2090
f 2086 2090 2092
f 2086 2092 2091
f 2090 2093 2092
f 2055 2056 2094
f 2056 2072 2109
f 2055 2094 2093
f 2056 2109 2094
f 2091 2092 2101
f 2092 2093 2103
f 2093 2094 2104
f 2094 2109 2125
f 2093 2104 2103
f 2094 2125 2104
f 2087 2099 2095
f 2087 2088 2096
f 2095 2099 2098
f 2087 2096 2099
f 2088 2097 2096
f 2088 2089 2097
f 2089 2102 2097
f 1658 2098 2194
f 2098 2099 2196
f 2096 2197 2099
f 2096 2097 2100
f 2099 2197 2196
f 2096 2100 2197
f 2097 2105 2100
f 2091 2101 2102
f 2092 2103 2101
f 2101 2106 2102
f 2101 2103 2108
f 2103 2104 2107
f 2104 2125 2128
f 2104 2128 2107
f 2097 2102 2105
f 2102 2106 2105
f 2101 2108 2106
f 2103 2107 2108
f 2107 2204 2108
f 2107 2128 2226
f 2072 2073 2110
f 2072 2110 2109
f 2073 2111 2110
f 2075 2112 2111
f 2074 2117 2112
f 2111 2112 2115
f 2112 2117 2116
f 2109 2110 2113
f 2110 2111 2114
f 2109 2113 2125
f 2110 2114 2113
f 2111 2115 2114
f 2112 2116 2115
f 2080 2118 2117
f 2117 2118 2121
f 2118 2119 2122
f 2119 2120 2123
f 2120 2163 2124
f 2116 2117 2121
f 2118 2122 2121
f 2121 2122 2132
f 2119 2123 2122
f 2120 2124 2123
f 2122 2123 2133
f 2123 2124 2134
f 2113 2129 2125
f 2113 2114 2130
f 2125 2129 2128
f 2113 2130 2129
f 2114 2115 2126
f 2115 2116 2127
f 2114 2126 2130
f 2115 2127 2126
f 2128 2129 2225
f 2129 2130 2227
f 2129 2227 2225
f 2126 2228 2130
f 2126 2127 2229
f 2130 2228 2227
f 2126 2229 2228
f 2116 2121 2131
f 2116 2131 2127
f 2121 2132 2131
f 2122 2133 2132
f 2123 2134 2133
f 2124 2178 2134
f 2134 2178 2181
f 2127 2131 2236
f 2131 2132 2135
f 2127 2236 2229
f 2131 2135 2236
f 2132 2136 2135
f 2132 2133 2136
f 2133 2137 2136
f 2133 2134 2137
f 2134 2181 2137
f 2138 2139 2141
f 2068 2138 2141
f 2139 2142 2141
f 2139 2140 2142
f 2140 2144 2143
f 2140 2143 2142
f 2143 2144 2147
f 2141 2142 2154
f 2079 2141 2154
f 2142 2155 2154
f 2142 2143 2155
f 2143 2147 2150
f 2143 2150 2155
f 2144 2145 2147
f 2145 2148 2147
f 2145 2146 2149
f 2145 2149 2148
f 2147 2148 2151
f 2147 2151 2150
f 2148 2152 2151
f 2148 2149 2153
f 2148 2153 2152
f 2079 2154 2156
f 2154 2155 2157
f 2154 2157 2156
f 2155 2158 2157
f 2150 2158 2155
f 2150 2151 2159
f 2150 2159 2158
f 2156 2157 2163
f 2157 2158 2164
f 2120 2156 2163
f 2157 2164 2163
f 2158 2159 2165
f 2159 2160 2166
f 2158 2165 2164
f 2159 2166 2165
f 2151 2152 2160
f 2151 2160 2159
f 2152 2161 2160
f 2152 2153 2162
f 2152 2162 2161
f 2160 2161 2171
f 2160 2171 2166
f 2161 2172 2171
f 2161 2162 2173
f 2161 2173 2172
f 2124 2163 2167
f 2163 2164 2167
f 2164 2168 2167
f 2165 2166 2169
f 2164 2165 2168
f 2165 2169 2168
f 2166 2170 2169
f 2124 2167 2178
f 2167 2168 2177
f 2168 2169 2179
f 2169 2170 2180
f 2170 2186 2180
f 2166 2171 2170
f 2171 2172 2174
f 2170 2171 2174
f 2172 2175 2174
f 2172 2173 2176
f 2172 2176 2175
f 2170 2174 2186
f 2174 2175 2187
f 2174 2187 2186
f 2175 2188 2187
f 2175 2176 2189
f 2175 2189 2188
f 2167 2177 2178
f 2168 2179 2177
f 2177 2182 2178
f 2177 2179 2183
f 2169 2180 2179
f 2179 2180 2184
f 2180 2186 2185
f 2178 2182 2181
f 2177 2183 2182
f 2179 2184 2183
f 2180 2185 2184
f 2185 2186 2190
f 2185 2190 2266
f 2186 2187 2190
f 2187 2188 2191
f 2188 2189 2193
f 2187 2191 2190
f 2188 2192 2191
f 2190 2191 2267
f 2191 2192 2268
f 2188 2193 2192
f 2192 2193 2270
f 1658 2194 2195
f 2098 2196 2194
f 2194 2201 2195
f 2100 2205 2197
f 2194 2196 2199
f 2196 2197 2200
f 2197 2205 2200
f 1806 2195 2198
f 2195 2201 2198
f 1806 2198 2209
f 2194 2199 2201
f 2196 2200 2199
f 2199 2211 2201
f 2199 2200 2217
f 2100 2105 2206
f 2105 2106 2202
f 2100 2206 2205
f 2105 2202 2206
f 2106 2108 2203
f 2106 2203 2202
f 2108 2204 2203
f 2107 2226 2204
f 2205 2206 2218
f 2200 2205 2216
f 2205 2218 2216
f 2202 2219 2206
f 2202 2203 2207
f 2203 2204 2230
f 2206 2219 2218
f 2202 2207 2219
f 2203 2230 2207
f 2208 2209 2213
f 2198 2215 2209
f 1821 2208 2212
f 2208 2213 2212
f 2209 2215 2213
f 2198 2201 2210
f 2201 2211 2210
f 2199 2217 2211
f 2198 2210 2215
f 1821 2212 2214
f 1825 2214 2259
f 2212 2256 2214
f 2213 2215 2258
f 2210 2261 2215
f 2212 2213 2257
f 2213 2258 2257
f 2215 2261 2258
f 2200 2216 2217
f 2211 2217 2221
f 2216 2224 2217
f 2207 2246 2219
f 2216 2218 2222
f 2218 2219 2223
f 2219 2246 2223
f 2210 2211 2220
f 2211 2221 2220
f 2217 2224 2221
f 2210 2220 2261
f 2216 2222 2224
f 2218 2223 2222
f 2128 2225 2226
f 2204 2226 2231
f 2225 2232 2226
f 2225 2227 2235
f 2227 2228 2233
f 2228 2229 2234
f 2204 2231 2230
f 2226 2232 2231
f 2225 2235 2232
f 2227 2233 2235
f 2228 2234 2233
f 2232 2235 2244
f 2233 2245 2235
f 2233 2234 2249
f 2229 2236 2238
f 2135 2239 2236
f 2135 2136 2240
f 2229 2238 2234
f 2236 2239 2238
f 2135 2240 2239
f 2136 2137 2241
f 2137 2181 2237
f 2136 2241 2240
f 2137 2237 2241
f 2234 2238 2250
f 2238 2239 2248
f 2239 2240 2251
f 2240 2241 2252
f 2237 2253 2241
f 2240 2252 2251
f 2241 2253 2252
f 2237 2275 2253
f 2207 2230 2247
f 2230 2231 2242
f 2231 2232 2243
f 2207 2247 2246
f 2230 2242 2247
f 2231 2243 2242
f 2232 2244 2243
f 2235 2245 2244
f 2233 2249 2245
f 2234 2250 2249
f 2238 2248 2250
f 2239 2251 2248
f 1824 1825 2255
f 1825 2259 2255
f 2214 2256 2259
f 1869 2254 2260
f 1824 2255 2254
f 2212 2257 2256
f 2181 2182 2262
f 2182 2183 2263
f 2183 2264 2263
f 2181 2262 2237
f 2182 2263 2262
f 2183 2184 2264
f 2184 2265 2264
f 2184 2185 2265
f 2185 2266 2265
f 2237 2262 2275
f 2262 2263 2276
f 2263 2264 2277
f 2262 2276 2275
f 2263 2277 2276
f 2264 2265 2278
f 2265 2266 2279
f 2264 2278 2277
f 2265 2279 2278
f 2266 2280 2279
f 2190 2267 2266
f 2191 2268 2267
f 2192 2269 2268
f 2192 2270 2269
f 2266 2267 2280
f 2267 2268 2271
f 2268 2269 2272
f 2267 2271 2280
f 2268 2272 2271
f 2269 2273 2272
f 2269 2270 2274
f 2269 2274 2273
f 6 2285 15
f 15 2285 19
f 6 20 2281
f 19 2283 2282
f 19 2285 2283
f 6 2281 2285
f 19 2282 2607
f 20 2619 2281
f 2283 2285 2284
f 2285 2287 2286
f 2285 2289 2287
f 2287 2289 2288
f 2285 2293 2289
f 2289 2291 2290
f 2289 2293 2291
f 2291 2293 2292
f 2293 2295 2294
f 2293 2297 2295
f 2295 2297 2296
f 2297 2299 2298
f 2282 2283 3587
f 2283 2284 3588
f 2284 2285 3591
f 2285 2286 3592
f 2286 2287 3593
f 2287 2288 3594
f 2288 2289 3595
f 2289 2290 3596
f 2290 2291 3597
f 2291 2292 3598
f 2292 2293 3599
f 2293 2294 3600
f 2294 2295 3601
f 2295 2296 3602
f 2296 2297 3603
f 2297 2298 3604
f 2298 2299 3619
f 2299 2300 3620
f 2281 2304 2285
f 2285 2304 2293
f 2293 2304 2297
f 2297 2304 2299
f 2299 2304 2300
f 2281 3581 2301
f 2282 3587 2607
f 2281 2619 3581
f 2283 3588 3587
f 2284 3591 3588
f 2285 3592 3591
f 2286 3593 3592
f 2287 3594 3593
f 2288 3595 3594
f 2289 3596 3595
f 2290 3597 3596
f 2291 3598 3597
f 2292 3599 3598
f 2293 3600 3599
f 2294 3601 3600
f 2295 3602 3601
f 2296 3603 3602
f 2297 3604 3603
f 2298 3619 3604
f 2299 3620 3619
f 2300 3621 3620
f 2300 4806 3621
f 1150 1158 2311
f 1158 1159 2302
f 1150 2311 1160
f 1158 2302 2307
f 1158 2307 2311
f 1160 2301 3252
f 1159 3240 2302
f 2281 2301 2304
f 2300 2304 4806
f 1160 2304 2301
f 1160 2313 2304
f 1160 2311 2313
f 2302 2303 2307
f 2304 2306 2305
f 2304 2313 2306
f 2307 2308 2309
f 2307 2309 2311
f 2309 2310 2311
f 2311 2312 2318
f 2311 2320 2313
f 2306 2313 2314
f 2313 2316 2315
f 2313 2320 2316
f 2316 2320 2317
f 2311 2318 2320
f 2318 2319 2320
f 2302 4802 2303
f 2303 4803 2307
f 2304 2305 4807
f 2305 2306 4808
f 2306 2314 4819
f 2307 4812 2308
f 2308 4813 2309
f 2309 4814 2310
f 2310 4815 2311
f 2311 4816 2312
f 2317 2320 4825
f 2313 4818 2314
f 2313 2315 4820
f 2315 2316 4821
f 2316 2317 4822
f 2312 4817 2318
f 2318 4823 2319
f 2319 4824 2320
f 2301 4796 3252
f 2302 3240 4802
f 2301 3581 4796
f 2303 4802 4803
f 2307 4803 4812
f 2304 4807 4806
f 2305 4808 4807
f 2306 4819 4808
f 2308 4812 4813
f 2309 4813 4814
f 2311 4815 4816
f 2310 4814 4815
f 2312 4816 4817
f 2314 4818 4819
f 2313 4820 4818
f 2315 4821 4820
f 2316 4822 4821
f 2317 4825 4822
f 2318 4817 4823
f 2320 4824 4825
f 2319 4823 4824
f 31 37 2682
f 37 39 2682
f 31 2690 2321
f 39 1134 2681
f 2321 2700 2608
f 31 2321 2946
f 2321 2608 2946
f 2323 2332 2331
f 2322 2323 2331
f 114 2322 120
f 2323 2324 2332
f 2324 2333 2332
f 2325 2326 2333
f 2324 2325 2333
f 2325 2334 2326
f 120 2331 2327
f 2328 2331 2332
f 2328 2329 2462
f 2327 2331 2328
f 115 120 2327
f 2328 2332 2329
f 2329 2333 2330
f 2329 2332 2333
f 2326 2330 2333
f 2326 2344 2330
f 2329 2330 2465
f 2330 2344 2466
f 120 2322 2331
f 2340 2341 2345
f 2341 2354 2346
f 2335 2338 2337
f 2326 2334 2336
f 2335 2337 2336
f 2334 2335 2336
f 2338 2339 2340
f 2339 2352 2341
f 2337 2338 2340
f 2339 2341 2340
f 2326 2336 2344
f 2336 2343 2344
f 2336 2337 2343
f 2337 2342 2343
f 2343 2477 2476
f 2343 2476 2344
f 2342 2477 2343
f 2342 2481 2477
f 2340 2345 2342
f 2337 2340 2342
f 2341 2346 2345
f 2342 2345 2481
f 2345 2483 2481
f 2345 2346 2483
f 2346 2482 2483
f 2354 2355 2360
f 2355 2358 2361
f 2358 2359 2362
f 2352 2353 2354
f 2353 2356 2355
f 2341 2352 2354
f 2353 2355 2354
f 2355 2356 2358
f 2357 2365 2359
f 2357 2359 2358
f 2356 2357 2358
f 2346 2354 2360
f 2355 2361 2360
f 2346 2360 2482
f 2347 2482 2360
f 2348 2361 2362
f 2347 2360 2361
f 2347 2361 2348
f 2358 2362 2361
f 2359 2366 2363
f 2359 2363 2362
f 2348 2362 2349
f 2349 2362 2363
f 2350 2363 2351
f 2349 2363 2350
f 2359 2365 2366
f 2357 2364 2365
f 2351 2363 2366
f 2369 2404 2403
f 2367 2404 2370
f 2367 2371 2368
f 2368 2372 2373
f 2369 2388 2389
f 2369 2389 2370
f 162 2369 2403
f 2369 2370 2404
f 162 2388 2369
f 2370 2390 2371
f 2370 2389 2390
f 2371 2390 2391
f 2371 2391 2372
f 2367 2370 2371
f 2368 2371 2372
f 2379 2394 2415
f 2334 2373 2374
f 2335 2374 2375
f 2373 2377 2374
f 2374 2378 2375
f 2338 2375 2376
f 2339 2376 2405
f 2375 2379 2376
f 2376 2409 2405
f 2374 2377 2378
f 2372 2392 2377
f 2372 2391 2392
f 2377 2393 2378
f 2377 2392 2393
f 2372 2377 2373
f 2375 2378 2379
f 2376 2379 2409
f 2378 2394 2379
f 2378 2393 2394
f 2379 2415 2409
f 2381 2385 2389
f 2385 2386 2390
f 2386 2391 2390
f 2386 2397 2391
f 2380 2383 2381
f 2380 2382 2383
f 2381 2383 2387
f 2381 2387 2385
f 2384 2386 2385
f 2384 2385 2387
f 2384 2395 2386
f 177 2380 2388
f 2380 2381 2388
f 2381 2389 2388
f 2385 2390 2389
f 2391 2397 2392
f 2392 2397 2398
f 2392 2398 2393
f 2393 2398 2401
f 2393 2401 2394
f 2394 2402 2415
f 2394 2401 2402
f 2395 2396 2397
f 2386 2395 2397
f 2396 2398 2397
f 2398 2399 2401
f 2400 2402 2401
f 2396 2399 2398
f 2399 2400 2401
f 2322 2403 2404
f 2323 2404 2367
f 2322 2404 2323
f 114 2403 2322
f 2324 2367 2368
f 2323 2367 2324
f 2325 2373 2334
f 2325 2368 2373
f 2324 2368 2325
f 2334 2374 2335
f 2335 2375 2338
f 2338 2376 2339
f 2409 2415 2416
f 2410 2416 2417
f 2411 2417 2418
f 2414 2418 2425
f 2405 2410 2406
f 2406 2411 2407
f 2352 2405 2406
f 2352 2406 2353
f 2353 2406 2407
f 2407 2412 2408
f 2408 2412 2413
f 2353 2407 2356
f 2356 2407 2408
f 2357 2408 2364
f 2356 2408 2357
f 2405 2409 2410
f 2406 2410 2411
f 2409 2416 2410
f 2410 2417 2411
f 2407 2411 2412
f 2411 2418 2412
f 2412 2418 2414
f 2364 2408 2413
f 2412 2414 2413
f 2415 2419 2416
f 2402 2419 2415
f 2416 2421 2417
f 2416 2419 2421
f 2417 2422 2418
f 2417 2421 2422
f 2418 2422 2425
f 2422 2426 2425
f 2402 2420 2419
f 2419 2423 2421
f 2400 2420 2402
f 2419 2420 2423
f 2421 2424 2422
f 2422 2424 2426
f 2421 2423 2424
f 2424 2427 2426
f 2339 2405 2352
f 2428 2452 2430
f 2429 2430 2452
f 2431 2432 2458
f 2433 2460 2459
f 2433 2461 2460
f 2432 2433 2459
f 2433 2434 2461
f 2428 2435 2431
f 2428 2430 2435
f 2431 2436 2432
f 2431 2435 2436
f 2432 2437 2433
f 2432 2436 2437
f 2433 2437 2434
f 2434 2437 2438
f 2383 2439 2441
f 2382 2439 2383
f 2383 2441 2387
f 2382 2440 2439
f 2384 2387 2442
f 2387 2441 2442
f 2384 2442 2446
f 2439 2440 2443
f 2439 2444 2441
f 250 2443 2440
f 2439 2443 2444
f 2441 2445 2442
f 2441 2444 2445
f 2442 2445 2450
f 2384 2446 2395
f 2395 2447 2396
f 2395 2446 2447
f 2396 2447 2448
f 2396 2448 2399
f 2399 2449 2400
f 2399 2448 2449
f 2442 2450 2446
f 2446 2451 2447
f 2446 2450 2451
f 2447 2451 2452
f 2447 2452 2448
f 2428 2449 2448
f 2428 2448 2452
f 250 2453 2443
f 250 259 2453
f 2443 2454 2444
f 2443 2453 2454
f 2444 2455 2445
f 2444 2454 2455
f 2445 2455 2456
f 2445 2456 2450
f 2450 2456 2457
f 2450 2457 2451
f 2429 2451 2457
f 2429 2452 2451
f 2400 2458 2420
f 2420 2459 2423
f 2400 2449 2458
f 2420 2458 2459
f 2423 2460 2424
f 2424 2460 2427
f 2423 2459 2460
f 2427 2460 2461
f 2431 2458 2449
f 2432 2459 2458
f 2428 2431 2449
f 2463 2467 2464
f 2462 2469 2463
f 2462 2471 2469
f 2463 2469 2467
f 2462 2465 2471
f 2465 2472 2471
f 2466 2479 2472
f 2465 2466 2472
f 2467 2469 2470
f 2464 2467 2468
f 2467 2470 2497
f 2467 2497 2468
f 570 2468 2497
f 2469 2474 2470
f 2471 2472 2473
f 2469 2471 2474
f 2472 2479 2475
f 2471 2473 2474
f 2472 2475 2473
f 2476 2477 2478
f 2466 2476 2479
f 2477 2481 2480
f 2476 2478 2479
f 2477 2480 2478
f 2481 2483 2484
f 2482 2520 2485
f 2482 2485 2483
f 2485 2520 2488
f 2483 2485 2484
f 2480 2481 2484
f 2486 2487 2506
f 2475 2486 2504
f 2487 2490 2505
f 2489 2507 2490
f 2488 2525 2508
f 2488 2508 2509
f 2488 2509 2489
f 2478 2486 2479
f 2478 2487 2486
f 2475 2479 2486
f 2478 2480 2487
f 2480 2490 2487
f 2484 2485 2489
f 2480 2484 2490
f 2484 2489 2490
f 2485 2488 2489
f 2327 2328 2463
f 115 2327 2464
f 2327 2463 2464
f 2328 2462 2463
f 2329 2465 2462
f 2330 2466 2465
f 2344 2476 2466
f 570 2497 2491
f 2470 2474 2495
f 2470 2493 2497
f 2470 2495 2493
f 2491 2497 2493
f 570 2491 2492
f 2493 2495 2503
f 2473 2494 2474
f 2474 2494 2495
f 2475 2504 2496
f 2473 2475 2496
f 2473 2496 2494
f 2494 2501 2495
f 2494 2496 2502
f 2492 2498 2499
f 2493 2503 2500
f 2491 2500 2498
f 2491 2498 2492
f 2491 2493 2500
f 2498 2554 2499
f 2498 2500 2552
f 2495 2501 2503
f 2496 2511 2502
f 2494 2502 2501
f 2501 2555 2503
f 2500 2503 2556
f 2502 2511 2567
f 2501 2502 2557
f 2502 2567 2557
f 2501 2557 2555
f 2486 2506 2504
f 2487 2505 2506
f 2505 2514 2512
f 2506 2512 2510
f 2504 2506 2510
f 2496 2504 2511
f 2505 2512 2506
f 2489 2509 2507
f 2490 2507 2505
f 2507 2513 2514
f 2508 2542 2515
f 2509 2515 2513
f 2507 2509 2513
f 2505 2507 2514
f 2508 2515 2509
f 2504 2510 2511
f 2512 2514 2517
f 2510 2512 2568
f 2510 2566 2511
f 2511 2566 2567
f 2512 2517 2568
f 2510 2568 2566
f 2513 2516 2514
f 2515 2542 2518
f 2513 2515 2519
f 2513 2519 2516
f 2514 2516 2517
f 2515 2518 2519
f 2347 2520 2482
f 2347 2522 2520
f 2347 2348 2522
f 2348 2521 2522
f 2520 2522 2525
f 2521 2526 2522
f 2349 2350 2523
f 2348 2349 2521
f 2349 2523 2521
f 2350 2530 2524
f 2350 2524 2523
f 2521 2523 2528
f 2523 2524 2527
f 2525 2526 2532
f 2508 2525 2532
f 2526 2528 2533
f 2528 2537 2533
f 2526 2533 2532
f 2527 2537 2528
f 2527 2536 2537
f 2527 2529 2536
f 2529 2549 2538
f 2529 2538 2536
f 2522 2526 2525
f 2488 2520 2525
f 2521 2528 2526
f 2523 2527 2528
f 2524 2531 2529
f 2524 2529 2527
f 2350 2351 2530
f 2524 2530 2531
f 2529 2531 2549
f 2508 2532 2542
f 2533 2537 2535
f 2532 2533 2534
f 2532 2534 2542
f 2533 2535 2534
f 2536 2540 2537
f 2536 2538 2539
f 2536 2539 2540
f 2535 2537 2540
f 2538 2550 2541
f 2538 2541 2539
f 2534 2543 2542
f 2535 2540 2544
f 2534 2535 2545
f 2534 2545 2543
f 2518 2542 2543
f 2535 2544 2545
f 2539 2546 2540
f 2539 2548 2546
f 2539 2541 2548
f 2541 2551 2547
f 2541 2547 2548
f 2540 2546 2544
f 2538 2549 2550
f 2541 2550 2551
f 579 2499 2553
f 2499 2554 2553
f 579 2553 662
f 2500 2556 2552
f 2498 2552 2554
f 662 2553 2559
f 2552 2562 2554
f 2553 2554 2558
f 2503 2555 2556
f 2555 2564 2556
f 2552 2556 2561
f 2556 2564 2561
f 2552 2561 2562
f 2555 2557 2563
f 2557 2570 2563
f 2555 2563 2564
f 662 2559 2560
f 2554 2562 2558
f 2553 2558 2559
f 670 2560 2586
f 670 2584 671
f 2558 2589 2559
f 2559 2585 2560
f 2559 2589 2585
f 2561 2590 2562
f 2563 2577 2564
f 2561 2564 2565
f 2558 2562 2588
f 2562 2590 2588
f 2558 2588 2589
f 2564 2577 2565
f 2561 2565 2590
f 2566 2569 2567
f 2557 2567 2570
f 2517 2571 2568
f 2566 2568 2572
f 2567 2569 2570
f 2568 2571 2572
f 2566 2572 2569
f 2516 2573 2517
f 2516 2575 2573
f 2518 2574 2519
f 2516 2519 2575
f 2518 2592 2574
f 2519 2574 2575
f 2517 2573 2571
f 2569 2579 2570
f 2563 2570 2576
f 2571 2581 2572
f 2569 2572 2578
f 2572 2581 2578
f 2569 2578 2579
f 2570 2579 2576
f 2563 2576 2577
f 2573 2575 2583
f 2571 2573 2580
f 2573 2583 2580
f 2571 2580 2581
f 2574 2582 2575
f 2574 2601 2582
f 2575 2582 2583
f 670 2586 2584
f 671 2584 2587
f 2560 2585 2586
f 2543 2545 2591
f 2518 2543 2592
f 2543 2591 2592
f 2544 2593 2545
f 2544 2595 2593
f 2545 2593 2591
f 2591 2598 2592
f 2574 2592 2601
f 2593 2595 2599
f 2591 2593 2600
f 2546 2548 2594
f 2544 2546 2595
f 2548 2597 2594
f 2546 2594 2595
f 2547 2597 2548
f 2547 2606 2596
f 2547 2596 2597
f 2594 2597 2602
f 2594 2603 2595
f 2596 2605 2597
f 2591 2600 2598
f 2592 2598 2601
f 2595 2603 2599
f 2593 2599 2600
f 2594 2602 2603
f 2596 2607 2604
f 2596 2604 2605
f 2597 2605 2602
f 2547 2551 2606
f 2596 2606 2607
f 2584 2586 3983
f 2584 3991 2587
f 696 2587 4480
f 694 697 4486
f 695 4498 700
f 694 4487 695
f 696 4482 697
f 1117 4353 1118
f 1115 4075 1119
f 1116 1119 4354
f 1116 4355 1117
f 1114 1120 4074
f 685 688 4586
f 687 4559 688
f 685 4582 1120
f 1114 4077 1115
f 700 4499 701
f 698 702 4505
f 701 4503 702
f 698 4561 699
f 686 699 4564
f 686 4568 687
f 2652 4088 2680
f 2676 2680 4085
f 2665 2666 4558
f 2667 2668 4474
f 2666 2667 4473
f 2668 2669 4478
f 2669 2670 4479
f 2670 2671 4476
f 2673 2674 4649
f 2671 2672 4477
f 2672 2673 4475
f 2675 2676 4084
f 2674 2675 4083
f 1133 2701 1134
f 1132 2720 1133
f 1131 2726 1132
f 1131 1140 2767
f 1139 2770 1140
f 1138 2777 1139
f 1137 2815 1138
f 1136 2766 1137
f 1135 2866 1136
f 1113 2868 1135
f 2610 2611 2762
f 2608 2758 2618
f 2617 2618 2760
f 2616 2617 2761
f 2615 2616 2861
f 2614 2615 2862
f 2613 2614 2863
f 2612 2613 2864
f 2611 2612 2865
f 1103 4136 1104
f 1112 2872 1113
f 1111 2871 1112
f 1108 1110 4115
f 1108 2876 1111
f 1109 4114 1110
f 1105 4132 1109
f 1104 4135 1105
f 1102 4207 1103
f 1102 1107 4095
f 1106 4098 1107
f 1083 4102 1106
f 1082 4097 1083
f 1081 4288 1084
f 1080 1121 4281
f 1080 4278 1081
f 1082 1084 4285
f 2609 2610 2763
f 2609 2764 2651
f 2650 2651 2765
f 2648 2649 4090
f 2649 2650 4089
f 2647 2648 4091
f 2646 2647 4092
f 2659 2660 4350
f 2644 2645 4093
f 2643 2644 4113
f 2642 2643 4109
f 2645 2646 4094
f 2642 4111 2662
f 2661 2662 4110
f 2660 2661 4112
f 1118 4279 1121
f 2655 2656 4072
f 2657 2658 4352
f 2658 2659 4351
f 2656 2657 4071
f 2653 2654 4086
f 2652 2653 4087
f 2654 2655 4073
f 2429 2457 2955
f 2429 2956 2430
f 2430 2958 2435
f 2435 2959 2436
f 2436 2960 2437
f 2437 2961 2438
f 259 2966 2453
f 2453 2967 2454
f 2454 2968 2455
f 2455 2969 2456
f 2456 2970 2457
f 2608 2618 3241
f 2609 3243 2610
f 2610 3244 2611
f 2611 3245 2612
f 2612 3246 2613
f 2613 3247 2614
f 2614 3248 2615
f 2615 3249 2616
f 2616 3250 2617
f 2617 3251 2618
f 2619 3253 2620
f 2620 3254 2621
f 2621 3255 2622
f 2622 3256 2623
f 2623 3257 2624
f 2624 3258 2625
f 2625 3259 2626
f 2626 3260 2627
f 2627 3261 2628
f 2628 3262 2629
f 2629 3263 2630
f 2630 3264 2631
f 2631 3265 2632
f 2632 3266 2633
f 2633 3267 2634
f 2634 3268 2635
f 2635 3269 2636
f 2636 3270 2637
f 2637 3271 2638
f 2638 3272 2639
f 2639 3273 2640
f 2640 3274 2641
f 2642 2662 3275
f 2642 3276 2643
f 2643 3277 2644
f 2644 3278 2645
f 2645 3279 2646
f 2646 3280 2647
f 2647 3281 2648
f 2648 3282 2649
f 2649 3283 2650
f 2650 3284 2651
f 2609 2651 3242
f 2652 2680 3285
f 2652 3286 2653
f 2653 3287 2654
f 2654 3288 2655
f 2655 3289 2656
f 2656 3290 2657
f 2657 3291 2658
f 2658 3292 2659
f 2659 3293 2660
f 2660 3294 2661
f 2661 3295 2662
f 2663 2679 3296
f 2663 3297 2664
f 2664 3298 2665
f 2665 3299 2666
f 2666 3300 2667
f 2667 3301 2668
f 2668 3302 2669
f 2669 3303 2670
f 2670 3304 2671
f 2671 3305 2672
f 2672 3306 2673
f 2673 3307 2674
f 2674 3308 2675
f 2675 3309 2676
f 2641 3310 2677
f 2677 3311 2678
f 2678 3312 2679
f 2676 3313 2680
f 39 2681 2682
f 31 2682 2690
f 2321 2690 2698
f 2321 2698 2700
f 1134 2701 2681
f 2608 2700 2758
f 2682 2683 2684
f 2682 2684 2686
f 2684 2685 2686
f 2682 2686 2690
f 2686 2687 2688
f 2686 2688 2690
f 2688 2689 2690
f 2690 2691 2692
f 2690 2692 2694
f 2692 2693 2694
f 2690 2694 2698
f 2694 2695 2696
f 2694 2696 2698
f 2696 2697 2698
f 2681 2701 2682
f 2682 2702 2683
f 2683 2703 2684
f 2684 2704 2685
f 2685 2705 2686
f 2686 2706 2687
f 2687 2707 2688
f 2688 2708 2689
f 2689 2709 2690
f 2690 2710 2691
f 2691 2711 2692
f 2692 2712 2693
f 2693 2713 2694
f 2694 2714 2695
f 2695 2715 2696
f 2696 2716 2697
f 2697 2717 2698
f 2698 2718 2699
f 2682 2701 2702
f 2683 2702 2703
f 2684 2703 2704
f 2685 2704 2705
f 2686 2705 2706
f 2687 2706 2707
f 2688 2707 2708
f 2689 2708 2709
f 2690 2709 2710
f 2691 2710 2711
f 2692 2711 2712
f 2693 2712 2713
f 2694 2713 2714
f 2695 2714 2715
f 2696 2715 2716
f 2697 2716 2717
f 2698 2717 2718
f 2699 2718 2719
f 2698 3317 2700
f 2698 2699 3317
f 2699 2719 3317
f 2700 3336 2758
f 1133 2720 2701
f 1132 2726 2720
f 1131 2767 2726
f 1140 2770 2767
f 1139 2777 2770
f 2618 2758 2759
f 2618 2759 2760
f 2617 2760 2761
f 2616 2761 2861
f 2615 2861 2862
f 1138 2815 2777
f 1137 2766 2815
f 1136 2866 2766
f 1135 2868 2866
f 1113 2872 2868
f 1112 2871 2872
f 1111 2876 2871
f 2614 2862 2863
f 2613 2863 2864
f 2612 2864 2865
f 2610 2762 2763
f 2609 2763 2764
f 2651 2764 2765
f 2611 2865 2762
f 1109 4132 4114
f 1108 4115 2876
f 1110 4114 4115
f 1105 4135 4132
f 1104 4136 4135
f 1102 4095 4207
f 1103 4207 4136
f 2645 4094 4093
f 2644 4093 4113
f 2643 4113 4109
f 2650 2765 4089
f 2649 4089 4090
f 2648 4090 4091
f 2647 4091 4092
f 2646 4092 4094
f 2701 2720 2702
f 2702 2721 2703
f 2703 2722 2704
f 2704 2723 2705
f 2705 2724 2706
f 2706 2725 2707
f 2707 2732 2708
f 2708 2733 2709
f 2709 2734 2710
f 2710 2735 2711
f 2711 2736 2712
f 2712 2737 2713
f 2713 2738 2714
f 2714 2739 2715
f 2715 2740 2716
f 2716 2741 2717
f 2717 2752 2718
f 2718 2753 2719
f 2702 2720 2721
f 2720 2726 2721
f 2721 2727 2722
f 2721 2726 2727
f 2722 2727 2728
f 2703 2721 2722
f 2704 2722 2723
f 2705 2723 2724
f 2706 2724 2725
f 2722 2728 2723
f 2723 2729 2724
f 2723 2728 2729
f 2724 2730 2725
f 2724 2729 2730
f 2725 2730 2731
f 2726 2767 2727
f 2727 2768 2728
f 2727 2767 2768
f 2728 2768 2769
f 2728 2769 2729
f 2729 2773 2730
f 2729 2769 2773
f 2730 2773 2774
f 2730 2774 2731
f 2731 2775 2742
f 2731 2774 2775
f 2707 2725 2732
f 2708 2732 2733
f 2709 2733 2734
f 2710 2734 2735
f 2725 2731 2732
f 2732 2742 2733
f 2731 2742 2732
f 2733 2742 2743
f 2733 2743 2734
f 2734 2744 2735
f 2734 2743 2744
f 2735 2744 2745
f 2711 2735 2736
f 2735 2745 2736
f 2736 2745 2746
f 2712 2736 2737
f 2713 2737 2738
f 2714 2738 2739
f 2715 2739 2740
f 2716 2740 2741
f 2736 2746 2737
f 2737 2747 2738
f 2737 2746 2747
f 2738 2747 2748
f 2738 2748 2739
f 2739 2748 2749
f 2739 2749 2740
f 2740 2750 2741
f 2740 2749 2750
f 2741 2750 2751
f 2742 2786 2743
f 2742 2775 2786
f 2743 2786 2787
f 2743 2787 2744
f 2744 2788 2745
f 2745 2789 2746
f 2744 2787 2788
f 2745 2788 2789
f 2746 2789 2790
f 2746 2790 2747
f 2747 2791 2748
f 2748 2792 2749
f 2747 2790 2791
f 2748 2791 2792
f 2749 2792 2793
f 2749 2793 2750
f 2750 2794 2751
f 2750 2793 2794
f 2751 2794 2795
f 2717 2741 2752
f 2718 2752 2753
f 2719 2753 2754
f 2741 2751 2752
f 2752 2755 2753
f 2751 2755 2752
f 2753 2755 2756
f 2753 2756 2754
f 2754 2756 2757
f 2751 2795 2755
f 2755 2809 2756
f 2755 2795 2809
f 2756 2809 2810
f 2756 2810 2757
f 2757 2810 2811
f 2766 2866 2823
f 2767 2770 2768
f 2768 2771 2769
f 2768 2770 2771
f 2769 2771 2772
f 2769 2772 2773
f 2773 2776 2774
f 2774 2780 2775
f 2775 2781 2786
f 2772 2776 2773
f 2774 2776 2780
f 2775 2780 2781
f 2781 2796 2786
f 2770 2777 2771
f 2771 2778 2772
f 2772 2779 2776
f 2771 2777 2778
f 2772 2778 2779
f 2776 2779 2782
f 2776 2782 2780
f 2780 2783 2781
f 2781 2784 2796
f 2780 2782 2783
f 2781 2783 2784
f 2784 2785 2796
f 2786 2796 2787
f 2787 2797 2788
f 2788 2798 2789
f 2789 2799 2790
f 2787 2796 2797
f 2788 2797 2798
f 2789 2798 2799
f 2790 2799 2800
f 2790 2800 2791
f 2791 2804 2792
f 2792 2805 2793
f 2791 2800 2804
f 2792 2804 2805
f 2793 2805 2806
f 2793 2806 2794
f 2794 2807 2795
f 2794 2806 2807
f 2795 2807 2808
f 2785 2797 2796
f 2797 2801 2798
f 2798 2802 2799
f 2799 2803 2800
f 2785 2801 2797
f 2798 2801 2802
f 2799 2802 2803
f 2800 2803 2830
f 2800 2830 2804
f 2804 2830 2835
f 2804 2835 2805
f 2805 2836 2806
f 2806 2837 2807
f 2807 2838 2808
f 2805 2835 2836
f 2806 2836 2837
f 2807 2837 2838
f 2808 2838 2839
f 2795 2808 2809
f 2809 2812 2810
f 2808 2812 2809
f 2810 2812 2813
f 2810 2813 2811
f 2811 2813 2814
f 2808 2839 2812
f 2812 2852 2813
f 2813 2853 2814
f 2812 2839 2852
f 2813 2852 2853
f 2814 2853 2854
f 2777 2815 2778
f 2778 2815 2816
f 2778 2816 2779
f 2779 2817 2782
f 2779 2816 2817
f 2782 2817 2818
f 2766 2816 2815
f 2782 2818 2783
f 2783 2819 2784
f 2783 2818 2819
f 2784 2820 2785
f 2785 2821 2801
f 2784 2819 2820
f 2785 2820 2821
f 2801 2821 2822
f 2816 2823 2817
f 2766 2823 2816
f 2817 2823 2824
f 2817 2824 2818
f 2818 2825 2819
f 2818 2824 2825
f 2819 2825 2826
f 2823 2867 2824
f 2824 2884 2825
f 2825 2885 2826
f 2819 2826 2820
f 2820 2827 2821
f 2820 2826 2827
f 2821 2828 2822
f 2821 2827 2828
f 2822 2828 2829
f 2826 2886 2827
f 2801 2822 2802
f 2802 2831 2803
f 2803 2832 2830
f 2802 2822 2831
f 2803 2831 2832
f 2830 2832 2833
f 2830 2833 2835
f 2833 2834 2835
f 2834 2836 2835
f 2836 2840 2837
f 2837 2841 2838
f 2838 2842 2839
f 2834 2840 2836
f 2837 2840 2841
f 2838 2841 2842
f 2839 2842 2843
f 2822 2829 2831
f 2831 2844 2832
f 2832 2845 2833
f 2829 2844 2831
f 2832 2844 2845
f 2833 2845 2846
f 2833 2846 2834
f 2834 2847 2840
f 2840 2848 2841
f 2834 2846 2847
f 2840 2847 2848
f 2841 2848 2849
f 2841 2849 2842
f 2842 2850 2843
f 2842 2849 2850
f 2843 2850 2851
f 2839 2843 2852
f 2852 2855 2853
f 2853 2856 2854
f 2843 2855 2852
f 2853 2855 2856
f 2854 2856 2857
f 2843 2851 2855
f 2855 2858 2856
f 2856 2859 2857
f 2851 2858 2855
f 2856 2858 2859
f 2857 2859 2860
f 2823 2866 2867
f 2866 2868 2867
f 2867 2869 2884
f 2867 2868 2869
f 2869 2870 2884
f 2868 2872 2869
f 2869 2872 2873
f 2869 2873 2870
f 2870 2874 2891
f 2870 2873 2874
f 2874 2875 2891
f 2871 2873 2872
f 2873 2878 2874
f 2871 2878 2873
f 2874 2878 2879
f 2874 2879 2875
f 2875 2880 2917
f 2875 2879 2880
f 2880 2881 2917
f 2871 2876 2878
f 2876 2877 2878
f 2877 2879 2878
f 2879 2882 2880
f 2880 2883 2881
f 2881 4118 2925
f 2877 2882 2879
f 2880 2882 2883
f 2881 2883 4118
f 2925 4118 4119
f 2824 2867 2884
f 2825 2884 2885
f 2826 2885 2886
f 2870 2885 2884
f 2885 2891 2886
f 2886 2892 2887
f 2827 2887 2828
f 2827 2886 2887
f 2828 2887 2888
f 2828 2888 2829
f 2829 2888 2889
f 2829 2889 2844
f 2844 2889 2890
f 2887 2893 2888
f 2888 2894 2889
f 2889 2895 2890
f 2890 2896 2899
f 2870 2891 2885
f 2886 2891 2892
f 2887 2892 2893
f 2875 2892 2891
f 2892 2917 2893
f 2893 2918 2894
f 2888 2893 2894
f 2889 2894 2895
f 2890 2895 2896
f 2896 2897 2899
f 2894 2919 2895
f 2895 2920 2896
f 2896 2921 2897
f 2897 2922 2898
f 2898 2923 2906
f 2844 2890 2845
f 2845 2899 2846
f 2845 2890 2899
f 2846 2899 2900
f 2846 2900 2847
f 2847 2900 2901
f 2847 2901 2848
f 2848 2902 2849
f 2848 2901 2902
f 2849 2902 2903
f 2849 2903 2850
f 2850 2903 2904
f 2851 2904 2905
f 2850 2904 2851
f 2897 2900 2899
f 2897 2898 2900
f 2898 2901 2900
f 2901 2906 2902
f 2898 2906 2901
f 2902 2906 2907
f 2902 2907 2903
f 2903 2907 2908
f 2903 2908 2904
f 2904 2909 2905
f 2904 2908 2909
f 2905 2909 2910
f 2906 2924 2907
f 2907 2934 2908
f 2851 2905 2858
f 2858 2911 2859
f 2859 2912 2860
f 2858 2905 2911
f 2859 2911 2912
f 2860 2912 2913
f 2905 2910 2911
f 2911 2914 2912
f 2910 2914 2911
f 2912 2914 2915
f 2912 2915 2913
f 2913 2915 2916
f 2875 2917 2892
f 2893 2917 2918
f 2894 2918 2919
f 2881 2918 2917
f 2881 2925 2918
f 2918 2925 2919
f 2919 2926 2920
f 2919 2925 2926
f 2895 2919 2920
f 2896 2920 2921
f 2897 2921 2922
f 2898 2922 2923
f 2920 2927 2921
f 2921 2928 2922
f 2922 2929 2923
f 2906 2923 2924
f 2923 2930 2924
f 2924 2931 2934
f 2920 2926 2927
f 2925 4119 2926
f 2926 4158 2927
f 2926 4119 4158
f 2927 4158 4159
f 2927 4159 2928
f 2928 4160 2929
f 2928 4159 4160
f 2929 4160 4161
f 2921 2927 2928
f 2922 2928 2929
f 2923 2929 2930
f 2929 4161 2930
f 2930 4161 4162
f 2924 2930 2931
f 2931 2932 2934
f 2932 2933 2935
f 2930 4162 2931
f 2931 4163 2932
f 2932 4164 2933
f 2933 4165 2938
f 2938 4166 2939
f 2907 2924 2934
f 2908 2934 2935
f 2908 2935 2909
f 2909 2935 2936
f 2910 2936 2937
f 2909 2936 2910
f 2932 2935 2934
f 2933 2936 2935
f 2936 2938 2937
f 2933 2938 2936
f 2937 2938 2939
f 2910 2937 2914
f 2914 2940 2915
f 2914 2937 2940
f 2915 2940 2941
f 2915 2941 2916
f 2916 2941 2942
f 2937 2939 2940
f 2940 2943 2941
f 2941 2944 2942
f 2939 2943 2940
f 2941 2943 2944
f 2942 2944 2945
f 2939 4167 2943
f 2943 4177 2944
f 2944 4178 2945
f 2758 3337 2759
f 2759 3338 2760
f 2760 3339 2761
f 2719 2754 3340
f 2754 2757 3359
f 2757 2811 3362
f 2762 3398 2763
f 2763 3399 2764
f 2764 3400 2765
f 2765 5304 4089
f 2761 3401 2861
f 2861 3402 2862
f 2862 3403 2863
f 2863 3404 2864
f 2864 3405 2865
f 2811 2814 3407
f 2814 2854 3410
f 2854 2857 3455
f 2857 2860 3458
f 2762 2865 3397
f 2860 2913 3461
f 2913 2916 3520
f 2916 2942 3522
f 2942 2945 3552
f 2945 4179 3555
f 2608 3241 2946
f 1164 2946 2950
f 2946 2948 2950
f 2946 3241 2948
f 3241 3251 2948
f 3250 2948 3251
f 3249 2948 3250
f 3248 2948 3249
f 3247 2948 3248
f 3242 2948 3243
f 3246 2948 3247
f 3245 2948 3246
f 3244 2948 3245
f 3243 2948 3244
f 3242 3284 2948
f 3283 2948 3284
f 3282 2948 3283
f 3280 2948 3281
f 3281 2948 3282
f 3279 2948 3280
f 3278 2948 3279
f 3276 2948 3277
f 3275 2948 3276
f 3277 2948 3278
f 3291 2948 3292
f 3275 3295 2948
f 3294 2948 3295
f 3293 2948 3294
f 3292 2948 3293
f 1164 3320 1172
f 1172 3320 1176
f 1176 3320 1178
f 1178 3320 1179
f 1179 3320 2274
f 1164 2950 3319
f 2429 2955 2956
f 2430 2956 2958
f 2435 2958 2959
f 2436 2959 2960
f 2437 2960 2961
f 259 1283 2966
f 2453 2966 2967
f 2454 2967 2968
f 2455 2968 2969
f 2456 2969 2970
f 2457 2970 2955
f 2618 3251 3241
f 2609 3242 3243
f 2610 3243 3244
f 2611 3244 3245
f 2612 3245 3246
f 2613 3246 3247
f 2614 3247 3248
f 2615 3248 3249
f 2616 3249 3250
f 2617 3250 3251
f 2619 3252 3253
f 2620 3253 3254
f 2621 3254 3255
f 2622 3255 3256
f 2623 3256 3257
f 2624 3257 3258
f 2625 3258 3259
f 2626 3259 3260
f 2627 3260 3261
f 2628 3261 3262
f 2629 3262 3263
f 2630 3263 3264
f 2631 3264 3265
f 2632 3265 3266
f 2633 3266 3267
f 2634 3267 3268
f 2635 3268 3269
f 2636 3269 3270
f 2637 3270 3271
f 2638 3271 3272
f 2639 3272 3273
f 2640 3273 3274
f 2642 3275 3276
f 2643 3276 3277
f 2644 3277 3278
f 2645 3278 3279
f 2646 3279 3280
f 2647 3280 3281
f 2648 3281 3282
f 2649 3282 3283
f 2650 3283 3284
f 2651 3284 3242
f 2680 3313 3285
f 2652 3285 3286
f 2653 3286 3287
f 2654 3287 3288
f 2655 3288 3289
f 2656 3289 3290
f 2657 3290 3291
f 2658 3291 3292
f 2659 3292 3293
f 2660 3293 3294
f 2661 3294 3295
f 2662 3295 3275
f 2679 3312 3296
f 2663 3296 3297
f 2664 3297 3298
f 2665 3298 3299
f 2666 3299 3300
f 2667 3300 3301
f 2668 3301 3302
f 2669 3302 3303
f 2670 3303 3304
f 2671 3304 3305
f 2672 3305 3306
f 2673 3306 3307
f 2674 3307 3308
f 2675 3308 3309
f 2641 3274 3310
f 2677 3310 3311
f 2678 3311 3312
f 2676 3309 3313
f 2955 2957 2956
f 2955 2980 2957
f 2956 2962 2958
f 2956 2957 2962
f 2958 2963 2959
f 2958 2962 2963
f 2959 2964 2960
f 2959 2963 2964
f 2960 2965 2961
f 2960 2964 2965
f 2957 2985 2962
f 2962 2986 2963
f 2963 2987 2964
f 2964 2988 2965
f 2963 2986 2987
f 2964 2987 2988
f 1283 2971 2966
f 1283 1294 2971
f 2966 2972 2967
f 2966 2971 2972
f 2967 2973 2968
f 2967 2972 2973
f 2968 2973 2978
f 2968 2978 2969
f 2969 2978 2979
f 2969 2979 2970
f 2970 2979 2980
f 2955 2970 2980
f 1294 2974 2971
f 2971 2976 2972
f 1294 2975 2974
f 2971 2974 2976
f 2972 2977 2973
f 2972 2976 2977
f 2973 2977 2981
f 2974 2994 2976
f 2974 2975 2990
f 2975 2989 2990
f 2974 2990 2994
f 2976 2993 2977
f 2976 2994 2993
f 2977 2993 3001
f 2973 2981 2978
f 2978 2982 2979
f 2978 2981 2982
f 2979 2982 2983
f 2979 2983 2980
f 2957 2980 2984
f 2980 2983 2984
f 2977 3001 2981
f 2981 3002 2982
f 2981 3001 3002
f 2982 3005 2983
f 2983 3006 2984
f 2982 3002 3005
f 2983 3005 3006
f 2957 2984 2985
f 2962 2985 2986
f 2984 3027 2985
f 2985 3029 2986
f 2984 3006 3027
f 2985 3027 3029
f 2986 3030 2987
f 2987 3037 2988
f 2986 3029 3030
f 2987 3030 3037
f 2989 2992 2990
f 2989 2991 2992
f 2990 2992 2995
f 2990 2995 2994
f 2993 2994 2996
f 2994 2995 2996
f 2993 2996 3003
f 2991 2998 2992
f 2992 2999 2995
f 2995 2999 3000
f 2995 3000 2996
f 1359 2997 2991
f 2991 2997 2998
f 2992 2998 2999
f 3001 3004 3002
f 2993 3003 3001
f 3001 3003 3004
f 3002 3007 3005
f 3005 3008 3006
f 3002 3004 3007
f 3005 3007 3008
f 2996 3009 3003
f 2996 3000 3009
f 3003 3010 3004
f 3003 3009 3010
f 3004 3011 3007
f 3004 3010 3011
f 3007 3033 3008
f 3007 3011 3033
f 1363 3012 2997
f 2997 3013 2998
f 2997 3012 3013
f 1363 1366 3012
f 1366 3026 3012
f 3012 3016 3013
f 2998 3014 2999
f 2998 3013 3014
f 2999 3015 3000
f 2999 3014 3015
f 3013 3017 3014
f 3014 3021 3015
f 1366 3025 3026
f 3012 3026 3016
f 3013 3016 3017
f 3014 3017 3021
f 3011 3040 3033
f 3000 3018 3009
f 3000 3015 3018
f 3009 3019 3010
f 3009 3018 3019
f 3018 3023 3019
f 3015 3022 3018
f 3010 3020 3011
f 3010 3019 3020
f 3011 3020 3040
f 3019 3024 3020
f 3020 3044 3040
f 3015 3021 3022
f 3018 3022 3023
f 3021 3063 3022
f 3022 3066 3023
f 3019 3023 3024
f 3020 3024 3044
f 3023 3067 3024
f 3024 3075 3044
f 3025 3051 3026
f 3025 3050 3051
f 3016 3026 3052
f 3026 3051 3052
f 3016 3053 3017
f 3016 3052 3053
f 3017 3062 3021
f 3017 3053 3062
f 3021 3062 3063
f 3022 3063 3066
f 3023 3066 3067
f 3024 3067 3075
f 3006 3028 3027
f 3027 3031 3029
f 3006 3008 3028
f 3027 3028 3031
f 3029 3032 3030
f 3030 3038 3037
f 3029 3031 3032
f 3030 3032 3038
f 3008 3034 3028
f 3008 3033 3034
f 3028 3035 3031
f 3028 3034 3035
f 3031 3036 3032
f 3031 3035 3036
f 3032 3039 3038
f 3032 3036 3039
f 3033 3041 3034
f 3034 3042 3035
f 3035 3043 3036
f 3036 3048 3039
f 3033 3040 3041
f 3034 3041 3042
f 3040 3045 3041
f 3041 3046 3042
f 3035 3042 3043
f 3036 3043 3048
f 3042 3047 3043
f 3041 3045 3046
f 3040 3044 3045
f 3044 3076 3045
f 3044 3075 3076
f 3045 3079 3046
f 3045 3076 3079
f 3042 3046 3047
f 3043 3047 3049
f 3046 3079 3080
f 3046 3080 3047
f 3047 3080 3087
f 3043 3049 3048
f 3047 3087 3049
f 1392 3055 3050
f 3050 3056 3051
f 3050 3055 3056
f 3051 3057 3052
f 3052 3054 3053
f 3052 3057 3054
f 3051 3056 3057
f 3053 3054 3064
f 1392 1397 3055
f 1397 3059 3055
f 3055 3060 3056
f 1397 3058 3059
f 3055 3059 3060
f 3056 3061 3057
f 3056 3060 3061
f 3054 3057 3072
f 3057 3061 3072
f 3059 3098 3060
f 3061 3109 3072
f 3060 3099 3061
f 3062 3065 3063
f 3053 3064 3062
f 3062 3064 3065
f 3063 3065 3068
f 3063 3068 3066
f 3066 3069 3067
f 3066 3068 3069
f 3067 3069 3077
f 3068 3074 3069
f 3054 3071 3064
f 3054 3072 3071
f 3064 3070 3065
f 3064 3071 3070
f 3071 3072 3110
f 3072 3109 3110
f 3070 3071 3114
f 3071 3110 3114
f 3065 3073 3068
f 3065 3070 3073
f 3069 3074 3083
f 3068 3073 3074
f 3070 3116 3073
f 3070 3114 3116
f 3073 3115 3074
f 3073 3116 3115
f 3067 3077 3075
f 3075 3078 3076
f 3075 3077 3078
f 3076 3078 3081
f 3076 3081 3079
f 3079 3082 3080
f 3079 3081 3082
f 3080 3082 3088
f 3069 3083 3077
f 3077 3084 3078
f 3078 3085 3081
f 3081 3086 3082
f 3077 3083 3084
f 3078 3084 3085
f 3074 3090 3083
f 3074 3115 3090
f 3083 3091 3084
f 3084 3091 3092
f 3083 3090 3091
f 3081 3085 3086
f 3082 3086 3089
f 3084 3092 3085
f 3085 3092 3093
f 3085 3093 3086
f 3086 3093 3094
f 3080 3088 3087
f 3082 3089 3088
f 3086 3094 3089
f 1399 3096 3058
f 1399 3097 3096
f 3058 3095 3059
f 3058 3096 3095
f 3060 3098 3099
f 3059 3095 3098
f 3061 3099 3109
f 3096 3097 3102
f 1736 3100 3097
f 3097 3100 3102
f 3095 3096 3104
f 3096 3102 3104
f 3095 3105 3098
f 3095 3104 3105
f 3098 3112 3099
f 3098 3105 3112
f 1736 3101 3100
f 3100 3107 3102
f 3100 3101 3103
f 3101 3124 3103
f 3100 3103 3107
f 3102 3106 3104
f 3105 3119 3112
f 3104 3108 3105
f 3105 3108 3119
f 3102 3107 3106
f 3104 3106 3108
f 3106 3137 3108
f 3099 3111 3109
f 3109 3113 3110
f 3099 3112 3111
f 3110 3113 3117
f 3109 3111 3113
f 3114 3118 3116
f 3110 3117 3114
f 3115 3116 3153
f 3114 3117 3118
f 3116 3118 3153
f 3118 3158 3153
f 3111 3112 3120
f 3112 3119 3120
f 3111 3123 3113
f 3111 3120 3123
f 3113 3122 3117
f 3113 3123 3122
f 3117 3121 3118
f 3118 3121 3158
f 3117 3122 3121
f 3108 3139 3119
f 3120 3140 3123
f 3119 3138 3120
f 3122 3123 3142
f 3121 3122 3141
f 1760 3127 3124
f 3103 3124 3129
f 3124 3127 3129
f 1760 3125 3127
f 1761 3126 3125
f 3106 3107 3130
f 3103 3128 3107
f 3107 3128 3130
f 3103 3129 3128
f 3106 3130 3137
f 3128 3129 3135
f 3127 3134 3129
f 3128 3144 3130
f 3125 3126 3133
f 1767 3131 3126
f 3125 3136 3127
f 3126 3131 3133
f 1767 3132 3131
f 3125 3133 3136
f 3131 3132 3185
f 3131 3189 3133
f 3129 3134 3135
f 3127 3136 3134
f 3128 3135 3144
f 3134 3136 3190
f 3133 3188 3136
f 3136 3188 3190
f 3134 3200 3135
f 3134 3190 3200
f 3108 3137 3139
f 3120 3138 3140
f 3119 3139 3138
f 3137 3145 3139
f 3130 3143 3137
f 3138 3139 3147
f 3137 3143 3145
f 3139 3145 3147
f 3123 3140 3142
f 3122 3142 3141
f 3138 3146 3140
f 3141 3142 3175
f 3140 3148 3142
f 3140 3146 3148
f 3138 3147 3146
f 3142 3148 3175
f 3130 3144 3143
f 3143 3150 3145
f 3143 3144 3201
f 3135 3199 3144
f 3144 3199 3201
f 3135 3200 3199
f 3143 3201 3150
f 3146 3147 3152
f 3145 3149 3147
f 3146 3151 3148
f 3147 3149 3152
f 3145 3150 3149
f 3146 3152 3151
f 3090 3115 3155
f 3115 3153 3155
f 3090 3154 3091
f 3090 3155 3154
f 3153 3159 3155
f 3154 3155 3161
f 3091 3156 3092
f 3092 3156 3157
f 3091 3154 3156
f 3092 3157 3093
f 3093 3157 3163
f 3154 3160 3156
f 3156 3162 3157
f 3153 3158 3159
f 3155 3159 3161
f 3154 3161 3160
f 3157 3162 3164
f 3156 3160 3162
f 3121 3165 3158
f 3158 3165 3166
f 3121 3141 3165
f 3159 3170 3161
f 3158 3166 3159
f 3159 3166 3170
f 3160 3161 3169
f 3161 3170 3169
f 3160 3171 3162
f 3162 3171 3182
f 3160 3169 3171
f 3093 3163 3094
f 3157 3164 3163
f 3162 3182 3164
f 3141 3167 3165
f 3166 3173 3170
f 3165 3168 3166
f 3141 3175 3167
f 3166 3168 3173
f 3165 3167 3168
f 3169 3170 3172
f 3169 3174 3171
f 3170 3173 3172
f 3171 3174 3183
f 3169 3172 3174
f 3167 3175 3178
f 3148 3176 3175
f 3167 3177 3168
f 3175 3176 3178
f 3148 3151 3176
f 3168 3177 3179
f 3167 3178 3177
f 3172 3173 3181
f 3168 3179 3173
f 3173 3179 3181
f 3172 3180 3174
f 3174 3180 3184
f 3172 3181 3180
f 3171 3183 3182
f 3174 3184 3183
f 1769 3187 3132
f 1769 3186 3187
f 3131 3185 3189
f 3132 3187 3185
f 1847 3191 3186
f 1847 1848 3192
f 3185 3187 3194
f 3187 3195 3194
f 3186 3195 3187
f 3133 3189 3188
f 3188 3203 3190
f 3185 3197 3189
f 3185 3194 3197
f 3188 3189 3196
f 3188 3196 3203
f 3189 3197 3196
f 1847 3192 3191
f 1848 3193 3192
f 3186 3191 3195
f 1855 3218 3193
f 1855 1856 3219
f 3191 3192 3221
f 3192 3193 3222
f 3192 3222 3221
f 3193 3218 3222
f 3194 3195 3198
f 3196 3197 3209
f 3194 3210 3197
f 3191 3223 3195
f 3195 3223 3198
f 3191 3221 3223
f 3197 3210 3209
f 3194 3198 3210
f 3199 3200 3205
f 3190 3202 3200
f 3150 3201 3206
f 3199 3204 3201
f 3200 3202 3205
f 3190 3203 3202
f 3201 3204 3206
f 3199 3205 3204
f 3149 3150 3208
f 3151 3152 3225
f 3149 3207 3152
f 3152 3207 3225
f 3149 3208 3207
f 3150 3206 3208
f 3207 3208 3234
f 3202 3203 3211
f 3196 3212 3203
f 3204 3205 3213
f 3202 3214 3205
f 3202 3211 3214
f 3203 3212 3211
f 3196 3209 3212
f 3204 3216 3206
f 3204 3213 3216
f 3205 3214 3213
f 3206 3215 3208
f 3208 3215 3234
f 3206 3216 3215
f 1855 3219 3218
f 1856 3217 3219
f 3151 3224 3176
f 3176 3224 3226
f 3151 3225 3224
f 3177 3178 3228
f 3176 3226 3178
f 3178 3226 3228
f 3224 3225 3233
f 3207 3231 3225
f 3226 3236 3228
f 3224 3232 3226
f 3179 3230 3181
f 3177 3227 3179
f 3179 3227 3230
f 3177 3228 3227
f 3180 3181 3229
f 3180 3229 3239
f 3181 3230 3229
f 3227 3228 3235
f 3229 3230 3237
f 3227 3238 3230
f 3225 3231 3233
f 3207 3234 3231
f 3226 3232 3236
f 3224 3233 3232
f 3227 3235 3238
f 3228 3236 3235
f 3229 3237 3240
f 3230 3238 3237
f 3180 3239 3184
f 3229 3240 3239
f 3291 3314 2948
f 3287 3314 3288
f 3289 3314 3290
f 3290 3314 3291
f 3288 3314 3289
f 3309 5294 3313
f 3308 5291 3309
f 3297 5696 3298
f 3299 5689 3300
f 3298 5688 3299
f 3300 5693 3301
f 3301 5694 3302
f 3302 5691 3303
f 3305 5774 3306
f 3303 5692 3304
f 3304 5690 3305
f 3307 5290 3308
f 3306 5289 3307
f 3217 3220 5198
f 1881 5206 3220
f 1881 1882 5697
f 1879 5699 1882
f 1879 1880 5703
f 1885 1886 5715
f 1880 1885 5704
f 1870 5775 1873
f 2258 2261 5568
f 2256 5296 2259
f 2257 2258 5570
f 2256 2257 5569
f 2254 2255 5295
f 1870 2260 5802
f 2254 5798 2260
f 2255 2259 5298
f 1886 1887 5716
f 1883 1884 5722
f 1883 5720 1887
f 1871 5777 1884
f 1871 1872 5780
f 1872 1873 5784
f 2273 2274 3343
f 2272 2273 3371
f 2271 2272 3413
f 2271 3416 2280
f 2279 2280 3423
f 2277 2278 3406
f 2276 2277 3501
f 2275 2276 3503
f 2278 2279 3464
f 2244 2245 5351
f 2253 2275 3507
f 2252 2253 3506
f 2248 2251 5330
f 2251 2252 3511
f 2248 5329 2250
f 2249 2250 5347
f 2245 2249 5350
f 2243 2244 5428
f 2242 2243 5315
f 2223 2246 5317
f 2246 2247 5322
f 2242 5318 2247
f 2222 2223 5503
f 2222 5506 2224
f 2220 2221 5499
f 2221 2224 5496
f 3285 5292 3286
f 3285 3313 5293
f 3286 5288 3287
f 2220 5497 2261
f 2700 3317 3316
f 2700 3316 3336
f 2719 3340 3317
f 3319 2950 2954
f 1164 3319 3320
f 3319 2954 2952
f 3316 2952 3315
f 2274 3320 3343
f 3316 3319 2952
f 3316 3317 3319
f 3317 3318 3319
f 3320 3322 3321
f 3320 3325 3322
f 3322 3325 3323
f 3320 3332 3325
f 3324 3325 3333
f 3319 3326 3327
f 3319 3327 3330
f 3327 3328 3330
f 3319 3330 3332
f 3329 3335 3330
f 3319 3332 3320
f 3331 3332 3335
f 3325 3332 3333
f 3332 3334 3333
f 3330 3335 3332
f 3317 3341 3318
f 3318 3342 3319
f 3319 3349 3326
f 3320 3321 3343
f 3321 3322 3344
f 3322 3323 3345
f 3323 3325 3346
f 3324 3348 3325
f 3326 3350 3327
f 3327 3351 3328
f 3329 3358 3335
f 3329 3330 3352
f 3328 3353 3330
f 3332 3357 3334
f 3331 3355 3332
f 3324 3333 3347
f 3333 3334 3356
f 3331 3335 3354
f 3317 3340 3341
f 3318 3341 3342
f 3319 3342 3349
f 3321 3344 3343
f 3322 3345 3344
f 3323 3346 3345
f 3325 3348 3346
f 3324 3347 3348
f 3326 3349 3350
f 3327 3350 3351
f 3330 3353 3352
f 3329 3352 3358
f 3328 3351 3353
f 3332 3355 3357
f 3331 3354 3355
f 3333 3356 3347
f 3334 3357 3356
f 3335 3358 3354
f 2758 3336 3337
f 2759 3337 3338
f 2760 3338 3339
f 2754 3359 3340
f 2757 3362 3359
f 2811 3407 3362
f 2762 3397 3398
f 2763 3398 3399
f 2764 3399 3400
f 2765 3400 5304
f 2761 3339 3401
f 2861 3401 3402
f 2862 3402 3403
f 2863 3403 3404
f 2864 3404 3405
f 2814 3410 3407
f 2854 3455 3410
f 2857 3458 3455
f 2860 3461 3458
f 2865 3405 3397
f 2913 3520 3461
f 2916 3522 3520
f 2942 3552 3522
f 2945 3555 3552
f 2273 3343 3365
f 2273 3365 3371
f 2272 3371 3413
f 2271 3413 3416
f 2280 3416 3423
f 2279 3423 3464
f 2278 3464 3406
f 2277 3406 3501
f 2276 3501 3503
f 2275 3503 3507
f 2253 3507 3506
f 2252 3506 3511
f 2250 5329 5347
f 2251 3511 5330
f 2248 5330 5329
f 2249 5347 5350
f 2245 5350 5351
f 2243 5428 5315
f 2244 5351 5428
f 3404 3315 3405
f 3397 3405 3315
f 3397 3315 3398
f 3398 3315 3399
f 3399 3315 3400
f 5304 3315 5305
f 3400 3315 5304
f 3316 3315 3336
f 3340 3360 3341
f 3341 3361 3342
f 3342 3377 3349
f 3343 3344 3365
f 3344 3345 3366
f 3345 3346 3367
f 3346 3348 3368
f 3347 3370 3348
f 3349 3378 3350
f 3350 3379 3351
f 3352 3386 3358
f 3352 3353 3380
f 3351 3381 3353
f 3355 3385 3357
f 3354 3383 3355
f 3347 3356 3369
f 3356 3357 3384
f 3354 3358 3382
f 3340 3359 3360
f 3341 3360 3361
f 3342 3361 3377
f 3359 3362 3360
f 3360 3362 3363
f 3360 3363 3361
f 3361 3364 3377
f 3361 3363 3364
f 3364 3388 3377
f 3362 3407 3363
f 3363 3407 3408
f 3363 3408 3364
f 3364 3409 3388
f 3364 3408 3409
f 3388 3409 3432
f 3344 3366 3365
f 3365 3366 3372
f 3366 3367 3373
f 3365 3372 3371
f 3366 3373 3372
f 3345 3367 3366
f 3346 3368 3367
f 3348 3370 3368
f 3347 3369 3370
f 3367 3368 3374
f 3367 3374 3373
f 3368 3376 3374
f 3368 3370 3376
f 3369 3375 3370
f 3370 3375 3376
f 3371 3372 3414
f 3372 3373 3415
f 3371 3414 3413
f 3372 3415 3414
f 3373 3374 3419
f 3373 3419 3415
f 3374 3421 3419
f 3374 3376 3421
f 3375 3420 3376
f 3375 3439 3420
f 3376 3420 3421
f 3349 3377 3378
f 3350 3378 3379
f 3353 3381 3380
f 3352 3380 3386
f 3351 3379 3381
f 3377 3388 3378
f 3378 3387 3379
f 3378 3388 3387
f 3379 3387 3389
f 3380 3381 3390
f 3380 3391 3386
f 3386 3391 3396
f 3380 3390 3391
f 3379 3389 3381
f 3381 3389 3390
f 3355 3383 3385
f 3354 3382 3383
f 3356 3384 3369
f 3357 3385 3384
f 3383 3393 3385
f 3382 3392 3383
f 3385 3393 3395
f 3383 3392 3393
f 3369 3384 3394
f 3384 3385 3395
f 3369 3394 3375
f 3384 3395 3394
f 3358 3386 3382
f 3382 3386 3396
f 3382 3396 3392
f 3387 3388 3432
f 3387 3433 3389
f 3387 3432 3433
f 3389 3433 3434
f 3390 3435 3391
f 3391 3436 3396
f 3390 3434 3435
f 3396 3436 3441
f 3391 3435 3436
f 3389 3434 3390
f 3395 3438 3440
f 3393 3438 3395
f 3392 3437 3393
f 3392 3441 3437
f 3393 3437 3438
f 3375 3394 3439
f 3394 3395 3440
f 3394 3440 3439
f 3392 3396 3441
f 3336 3315 3337
f 3337 3315 3338
f 3338 3315 3339
f 3339 3315 3401
f 3401 3315 3402
f 3402 3315 3403
f 3403 3315 3404
f 3406 3464 3472
f 3406 3472 3502
f 3407 3410 3408
f 3408 3410 3411
f 3408 3411 3409
f 3409 3412 3432
f 3409 3411 3412
f 3412 3443 3432
f 3410 3455 3411
f 3411 3456 3412
f 3412 3457 3443
f 3411 3455 3456
f 3412 3456 3457
f 3443 3457 3482
f 3413 3414 3417
f 3414 3415 3418
f 3413 3417 3416
f 3414 3418 3417
f 3415 3419 3422
f 3419 3421 3426
f 3420 3439 3450
f 3420 3427 3421
f 3415 3422 3418
f 3419 3426 3422
f 3420 3450 3427
f 3421 3427 3426
f 3416 3417 3424
f 3417 3418 3425
f 3416 3424 3423
f 3417 3425 3424
f 3418 3428 3425
f 3418 3422 3428
f 3422 3426 3429
f 3427 3450 3431
f 3426 3427 3430
f 3422 3429 3428
f 3426 3430 3429
f 3427 3431 3430
f 3436 3446 3441
f 3432 3443 3433
f 3433 3444 3434
f 3433 3443 3444
f 3434 3444 3442
f 3434 3442 3435
f 3435 3445 3436
f 3435 3442 3445
f 3436 3445 3446
f 3441 3446 3448
f 3437 3441 3448
f 3437 3447 3438
f 3438 3449 3440
f 3439 3440 3451
f 3440 3449 3451
f 3437 3448 3447
f 3438 3447 3449
f 3439 3451 3450
f 3448 3484 3489
f 3442 3444 3480
f 3443 3482 3444
f 3445 3483 3446
f 3442 3481 3445
f 3446 3484 3448
f 3444 3482 3480
f 3442 3480 3481
f 3445 3481 3483
f 3446 3483 3484
f 3449 3452 3451
f 3447 3448 3489
f 3447 3453 3449
f 3450 3451 3454
f 3451 3452 3454
f 3447 3489 3453
f 3449 3453 3452
f 3431 3450 3454
f 3455 3458 3456
f 3457 3460 3482
f 3456 3459 3457
f 3456 3458 3459
f 3457 3459 3460
f 3460 3485 3482
f 3458 3461 3459
f 3459 3462 3460
f 3460 3463 3485
f 3459 3461 3462
f 3460 3462 3463
f 3463 3496 3485
f 3423 3424 3465
f 3423 3465 3464
f 3424 3466 3465
f 3424 3425 3466
f 3425 3428 3467
f 3425 3467 3466
f 3464 3465 3472
f 3428 3429 3469
f 3429 3430 3468
f 3428 3469 3467
f 3429 3468 3469
f 3430 3431 3470
f 3430 3470 3468
f 3431 3471 3470
f 3465 3466 3473
f 3465 3473 3472
f 3466 3467 3474
f 3466 3474 3473
f 3467 3476 3474
f 3472 3473 3525
f 3473 3474 3526
f 3474 3476 3527
f 3471 3500 3478
f 3467 3469 3476
f 3468 3475 3469
f 3468 3477 3475
f 3469 3475 3476
f 3468 3470 3477
f 3470 3471 3478
f 3470 3478 3477
f 3475 3529 3476
f 3479 3489 3484
f 3479 3492 3489
f 3479 3484 3488
f 3480 3482 3485
f 3480 3486 3481
f 3481 3487 3483
f 3483 3488 3484
f 3480 3485 3486
f 3481 3486 3487
f 3483 3487 3488
f 3452 3453 3490
f 3452 3491 3454
f 3453 3489 3492
f 3431 3454 3471
f 3454 3491 3471
f 3452 3490 3491
f 3453 3492 3490
f 3479 3488 3494
f 3479 3495 3492
f 3488 3493 3494
f 3492 3495 3498
f 3479 3494 3495
f 3485 3496 3486
f 3486 3497 3487
f 3487 3493 3488
f 3486 3496 3497
f 3487 3497 3493
f 3471 3491 3500
f 3490 3499 3491
f 3491 3499 3500
f 3490 3492 3498
f 3490 3498 3499
f 3406 3502 3501
f 3501 3502 3504
f 3501 3504 3503
f 3502 3505 3504
f 3503 3504 3508
f 3503 3508 3507
f 3504 3505 3509
f 3504 3509 3508
f 3505 3510 3509
f 3507 3508 3513
f 3508 3509 3514
f 3506 3507 3513
f 3508 3514 3513
f 3509 3510 3515
f 3509 3515 3514
f 3510 3516 3515
f 3506 3513 3512
f 3506 3512 3511
f 3512 3513 3517
f 3513 3514 3517
f 3514 3515 3518
f 3515 3516 5334
f 3514 3518 3517
f 3515 5334 3518
f 3516 5333 5334
f 3461 3520 3462
f 3462 3521 3463
f 3463 3519 3496
f 3462 3520 3521
f 3463 3521 3519
f 3496 3519 3540
f 3520 3522 3521
f 3521 3522 3523
f 3519 3521 3523
f 3519 3524 3540
f 3519 3523 3524
f 3524 3548 3540
f 3472 3525 3502
f 3473 3526 3525
f 3474 3527 3526
f 3476 3529 3527
f 3502 3525 3505
f 3525 3526 3532
f 3526 3527 3534
f 3527 3529 3533
f 3478 3500 3528
f 3478 3528 3531
f 3500 3546 3528
f 3475 3477 3530
f 3475 3530 3529
f 3477 3531 3530
f 3477 3478 3531
f 3528 3537 3531
f 3528 3546 3535
f 3529 3530 3538
f 3530 3531 3539
f 3505 3525 3532
f 3526 3534 3532
f 3529 3538 3533
f 3527 3533 3534
f 3505 3532 3510
f 3532 3534 3559
f 3510 3532 3559
f 3533 3538 3561
f 3533 3560 3534
f 3531 3537 3539
f 3535 3546 3536
f 3528 3535 3537
f 3530 3539 3538
f 3537 3562 3539
f 3535 3536 3565
f 3535 3563 3537
f 3538 3539 3564
f 3493 3497 3541
f 3497 3540 3541
f 3493 3541 3542
f 3498 3543 3545
f 3494 3544 3495
f 3493 3542 3494
f 3495 3543 3498
f 3494 3542 3544
f 3495 3544 3543
f 3496 3540 3497
f 3498 3545 3499
f 3499 3546 3500
f 3499 3545 3546
f 3540 3548 3541
f 3541 3549 3542
f 3541 3548 3549
f 3542 3549 3547
f 3543 3544 3550
f 3543 3551 3545
f 3544 3547 3550
f 3536 3545 3551
f 3543 3550 3551
f 3542 3547 3544
f 3550 3578 3551
f 3547 3577 3550
f 3536 3551 3558
f 3536 3546 3545
f 3522 3552 3523
f 3523 3552 3554
f 3523 3554 3524
f 3524 3553 3548
f 3524 3554 3553
f 3548 3553 3576
f 3552 3555 3554
f 3553 3554 3556
f 3553 3557 3576
f 3554 3555 3556
f 3553 3556 3557
f 3557 3579 3576
f 3555 5373 3556
f 3556 5374 3557
f 3557 5375 3579
f 3536 3558 3565
f 3558 3578 3567
f 3558 3568 3565
f 3534 3560 3559
f 3533 3561 3560
f 3538 3564 3561
f 3510 3559 3516
f 3559 3560 3570
f 3560 3571 3570
f 3516 3559 3570
f 3560 3561 3571
f 3561 3564 3572
f 3561 3572 3571
f 3539 3562 3564
f 3537 3563 3562
f 3535 3565 3563
f 3562 3569 3564
f 3562 3563 3573
f 3563 3565 3574
f 3566 3567 3578
f 3565 3568 3574
f 3558 3567 3568
f 3579 5380 3580
f 3566 3580 5379
f 3568 5383 3574
f 3566 5381 3567
f 3567 5382 3568
f 3564 3569 3572
f 3516 3570 5333
f 3569 5384 3572
f 3572 5384 5387
f 3569 5385 5384
f 3570 3571 5386
f 3570 5386 5333
f 3571 5387 5386
f 3571 3572 5387
f 3563 3574 3573
f 3562 3573 3569
f 3573 3574 5388
f 3569 3573 5385
f 3573 5388 5385
f 3547 3549 3575
f 3549 3576 3575
f 3547 3575 3577
f 3548 3576 3549
f 3550 3577 3578
f 3551 3578 3558
f 3575 3576 3579
f 3575 3580 3577
f 3566 3578 3577
f 3575 3579 3580
f 3566 3577 3580
f 2604 2607 3587
f 2604 3625 2605
f 2602 2605 3628
f 2602 3631 2603
f 2599 2603 3634
f 2599 3693 2600
f 2598 2600 3697
f 2598 3702 2601
f 2582 2601 3751
f 2582 3758 2583
f 2580 2583 3760
f 2578 2581 3853
f 2578 3817 2579
f 2576 2579 3819
f 2576 3822 2577
f 2565 2577 3825
f 2580 3841 2581
f 2619 2620 3581
f 2620 2621 3582
f 2621 2622 3583
f 2622 2623 3584
f 2623 2624 3585
f 2624 2625 3586
f 2628 2629 3688
f 2629 2630 3689
f 2630 2631 3690
f 2631 2632 3687
f 2632 2633 3834
f 2635 2636 3837
f 2633 2634 3835
f 2634 2635 3836
f 2625 2626 3684
f 2626 2627 3685
f 2627 2628 3686
f 2588 2590 3950
f 2565 3947 2590
f 2585 2589 3944
f 2588 3943 2589
f 2585 3984 2586
f 2640 2641 3812
f 2636 2637 3838
f 2637 2638 3839
f 2638 2639 3840
f 2639 2640 3810
f 2641 2677 3811
f 2677 2678 3815
f 2678 2679 3816
f 2663 3813 2679
f 2663 2664 3814
f 2664 2665 4557
f 2604 3587 3589
f 2604 3589 3625
f 2605 3625 3628
f 2602 3628 3631
f 2603 3631 3634
f 2599 3634 3693
f 2600 3693 3697
f 2598 3697 3702
f 2620 3582 3581
f 2621 3583 3582
f 2622 3584 3583
f 2623 3585 3584
f 2624 3586 3585
f 2625 3684 3586
f 2626 3685 3684
f 2627 3686 3685
f 2582 3751 3758
f 2601 3702 3751
f 2583 3758 3760
f 2580 3760 3841
f 2581 3841 3853
f 2577 3822 3825
f 2565 3825 3947
f 2578 3853 3817
f 2579 3817 3819
f 2576 3819 3822
f 2631 3687 3690
f 2632 3834 3687
f 2628 3688 3686
f 2629 3689 3688
f 2630 3690 3689
f 2633 3835 3834
f 2634 3836 3835
f 2635 3837 3836
f 2637 3839 3838
f 2636 3838 3837
f 1115 4077 4075
f 1119 4075 4354
f 688 4559 4586
f 685 4586 4582
f 1114 4074 4077
f 1120 4582 4074
f 2672 4475 4477
f 2673 4649 4475
f 2680 4088 4085
f 2655 4072 4073
f 2654 4073 4086
f 2652 4087 4088
f 2653 4086 4087
f 2675 4084 4083
f 2676 4085 4084
f 2674 4083 4649
f 2587 3991 4480
f 696 4480 4482
f 694 4486 4487
f 695 4487 4498
f 697 4482 4486
f 2678 3816 3815
f 2677 3815 3811
f 2666 4473 4558
f 2667 4474 4473
f 2663 3814 3813
f 2664 4557 3814
f 2679 3813 3816
f 2665 4558 4557
f 2590 3947 3950
f 2588 3950 3943
f 2589 3943 3944
f 2585 3944 3984
f 2586 3984 3983
f 2584 3983 3991
f 2639 3810 3840
f 2638 3840 3839
f 2640 3812 3810
f 2641 3811 3812
f 701 4499 4503
f 702 4503 4505
f 686 4564 4568
f 699 4561 4564
f 698 4505 4561
f 700 4498 4499
f 687 4568 4559
f 2669 4479 4478
f 2670 4476 4479
f 2668 4478 4474
f 2671 4477 4476
f 3587 3588 3589
f 3588 3591 3590
f 3588 3590 3589
f 3590 3591 3605
f 3589 3590 3626
f 3590 3605 3627
f 3589 3626 3625
f 3590 3627 3626
f 3591 3592 3605
f 3592 3593 3606
f 3593 3594 3607
f 3594 3595 3608
f 3595 3596 3609
f 3596 3597 3610
f 3597 3598 3611
f 3598 3599 3612
f 3599 3600 3613
f 3600 3601 3614
f 3601 3602 3615
f 3592 3606 3605
f 3593 3607 3606
f 3594 3608 3607
f 3595 3609 3608
f 3596 3610 3609
f 3605 3606 3636
f 3606 3607 3637
f 3605 3636 3627
f 3606 3637 3636
f 3607 3638 3637
f 3607 3608 3638
f 3608 3609 3639
f 3609 3610 3640
f 3608 3639 3638
f 3609 3640 3639
f 3597 3611 3610
f 3598 3612 3611
f 3599 3613 3612
f 3610 3611 3646
f 3611 3612 3647
f 3612 3613 3648
f 3610 3646 3640
f 3611 3647 3646
f 3612 3648 3647
f 3600 3614 3613
f 3601 3615 3614
f 3602 3616 3615
f 3602 3603 3616
f 3603 3617 3616
f 3603 3604 3617
f 3604 3618 3617
f 3613 3652 3648
f 3613 3614 3652
f 3614 3615 3653
f 3615 3616 3654
f 3614 3653 3652
f 3615 3654 3653
f 3616 3617 3655
f 3617 3618 3656
f 3616 3655 3654
f 3617 3656 3655
f 3604 3619 3618
f 3618 3619 3622
f 3619 3620 3622
f 3620 3623 3622
f 3620 3621 3623
f 3621 3624 3623
f 3618 3622 3675
f 3622 3623 3676
f 3618 3675 3656
f 3622 3676 3675
f 3623 3624 3677
f 3623 3677 3676
f 3625 3626 3629
f 3625 3629 3628
f 3626 3627 3630
f 3626 3630 3629
f 3628 3629 3632
f 3629 3630 3633
f 3628 3632 3631
f 3629 3633 3632
f 3630 3662 3633
f 3631 3635 3634
f 3631 3632 3635
f 3632 3633 3691
f 3633 3662 3692
f 3632 3691 3635
f 3633 3692 3691
f 3627 3636 3641
f 3636 3637 3642
f 3637 3638 3643
f 3638 3639 3644
f 3639 3640 3645
f 3627 3641 3630
f 3636 3642 3641
f 3637 3643 3642
f 3630 3641 3662
f 3641 3642 3663
f 3642 3643 3664
f 3638 3644 3643
f 3639 3645 3644
f 3643 3644 3665
f 3644 3645 3666
f 3640 3649 3645
f 3645 3649 3667
f 3640 3646 3649
f 3646 3647 3650
f 3647 3648 3651
f 3646 3650 3649
f 3647 3651 3650
f 3648 3652 3657
f 3652 3653 3658
f 3653 3654 3659
f 3654 3655 3660
f 3655 3656 3661
f 3648 3657 3651
f 3652 3658 3657
f 3653 3659 3658
f 3654 3660 3659
f 3655 3661 3660
f 3641 3663 3662
f 3642 3664 3663
f 3643 3665 3664
f 3644 3666 3665
f 3645 3667 3666
f 3662 3663 3707
f 3663 3664 3708
f 3662 3707 3692
f 3663 3708 3707
f 3664 3709 3708
f 3664 3665 3709
f 3665 3666 3710
f 3665 3710 3709
f 3666 3667 3711
f 3666 3711 3710
f 3667 3718 3711
f 3649 3650 3668
f 3649 3668 3667
f 3650 3669 3668
f 3650 3651 3669
f 3667 3668 3718
f 3668 3669 3719
f 3668 3719 3718
f 3651 3657 3670
f 3651 3670 3669
f 3657 3671 3670
f 3657 3658 3671
f 3658 3659 3672
f 3658 3672 3671
f 3659 3660 3673
f 3660 3661 3674
f 3659 3673 3672
f 3660 3674 3673
f 3669 3670 3721
f 3670 3671 3722
f 3669 3721 3719
f 3670 3722 3721
f 3671 3723 3722
f 3671 3672 3723
f 3672 3673 3724
f 3673 3674 3725
f 3672 3724 3723
f 3673 3725 3724
f 3656 3675 3678
f 3675 3676 3679
f 3676 3677 3680
f 3656 3678 3661
f 3675 3679 3678
f 3676 3680 3679
f 3661 3678 3681
f 3678 3679 3682
f 3661 3681 3674
f 3678 3682 3681
f 3679 3680 3683
f 3679 3683 3682
f 3674 3681 3742
f 3681 3682 3743
f 3674 3742 3725
f 3681 3743 3742
f 3682 3683 3744
f 3682 3744 3743
f 3634 3635 3694
f 3634 3694 3693
f 3635 3691 3695
f 3691 3692 3696
f 3635 3695 3694
f 3691 3696 3695
f 3692 3712 3696
f 3693 3694 3698
f 3694 3695 3699
f 3695 3696 3700
f 3696 3712 3701
f 3693 3698 3697
f 3694 3699 3698
f 3697 3698 3703
f 3695 3700 3699
f 3696 3701 3700
f 3697 3703 3702
f 3698 3699 3704
f 3698 3704 3703
f 3699 3700 3705
f 3699 3705 3704
f 3700 3701 3706
f 3700 3706 3705
f 3701 3752 3706
f 3692 3707 3712
f 3707 3713 3712
f 3707 3708 3713
f 3708 3709 3714
f 3709 3710 3715
f 3710 3711 3716
f 3711 3718 3717
f 3708 3714 3713
f 3712 3713 3731
f 3713 3714 3732
f 3709 3715 3714
f 3714 3715 3733
f 3710 3716 3715
f 3711 3717 3716
f 3715 3716 3734
f 3716 3717 3735
f 3718 3719 3720
f 3717 3718 3720
f 3719 3721 3726
f 3721 3722 3727
f 3722 3723 3728
f 3723 3724 3729
f 3724 3725 3730
f 3719 3726 3720
f 3721 3727 3726
f 3722 3728 3727
f 3723 3729 3728
f 3724 3730 3729
f 3701 3712 3731
f 3713 3732 3731
f 3714 3733 3732
f 3715 3734 3733
f 3716 3735 3734
f 3717 3720 3736
f 3717 3736 3735
f 3701 3731 3752
f 3731 3732 3773
f 3732 3733 3774
f 3731 3773 3752
f 3732 3774 3773
f 3733 3775 3774
f 3733 3734 3775
f 3734 3735 3776
f 3735 3736 3777
f 3734 3776 3775
f 3735 3777 3776
f 3736 3737 3783
f 3736 3783 3777
f 3720 3726 3737
f 3720 3737 3736
f 3726 3727 3738
f 3727 3728 3739
f 3726 3738 3737
f 3727 3739 3738
f 3728 3729 3740
f 3729 3730 3741
f 3728 3740 3739
f 3729 3741 3740
f 3737 3738 3787
f 3738 3739 3788
f 3737 3787 3783
f 3738 3788 3787
f 3739 3740 3789
f 3740 3741 3790
f 3739 3789 3788
f 3740 3790 3789
f 3725 3742 3745
f 3742 3743 3746
f 3743 3744 3747
f 3725 3745 3730
f 3742 3746 3745
f 3743 3747 3746
f 3730 3748 3741
f 3730 3745 3748
f 3745 3746 3749
f 3745 3749 3748
f 3746 3747 3750
f 3746 3750 3749
f 3741 3748 3801
f 3748 3749 3802
f 3741 3801 3790
f 3748 3802 3801
f 3749 3750 3803
f 3749 3803 3802
f 3702 3753 3751
f 3751 3753 3759
f 3751 3759 3758
f 3753 3763 3759
f 3702 3703 3753
f 3703 3704 3754
f 3704 3705 3755
f 3703 3754 3753
f 3704 3755 3754
f 3705 3706 3756
f 3706 3752 3757
f 3705 3756 3755
f 3706 3757 3756
f 3752 3778 3757
f 3753 3754 3763
f 3754 3755 3764
f 3755 3756 3765
f 3756 3757 3766
f 3757 3778 3767
f 3758 3759 3761
f 3759 3763 3762
f 3758 3761 3760
f 3759 3762 3761
f 3754 3764 3763
f 3755 3765 3764
f 3763 3764 3769
f 3764 3765 3770
f 3756 3766 3765
f 3757 3767 3766
f 3767 3778 3768
f 3762 3763 3769
f 3764 3770 3769
f 3765 3771 3770
f 3765 3766 3771
f 3766 3767 3772
f 3767 3768 3845
f 3766 3772 3771
f 3767 3845 3772
f 3768 3846 3845
f 3752 3773 3778
f 3773 3774 3779
f 3773 3779 3778
f 3774 3775 3780
f 3775 3776 3781
f 3776 3777 3782
f 3768 3778 3779
f 3774 3780 3779
f 3775 3781 3780
f 3779 3780 3793
f 3780 3781 3794
f 3776 3782 3781
f 3781 3782 3795
f 3777 3783 3784
f 3783 3787 3785
f 3777 3784 3782
f 3783 3785 3784
f 3785 3787 3786
f 3786 3787 3788
f 3788 3789 3791
f 3789 3790 3792
f 3786 3788 3791
f 3789 3792 3791
f 3768 3779 3793
f 3780 3794 3793
f 3781 3795 3794
f 3768 3793 3846
f 3793 3794 3873
f 3794 3795 3874
f 3793 3873 3846
f 3794 3874 3873
f 3782 3784 3796
f 3782 3796 3795
f 3784 3797 3796
f 3784 3785 3797
f 3785 3786 3798
f 3785 3798 3797
f 3786 3791 3799
f 3786 3799 3798
f 3791 3800 3799
f 3795 3796 3876
f 3795 3876 3874
f 3796 3877 3876
f 3796 3797 3877
f 3797 3798 3878
f 3797 3878 3877
f 3798 3799 3879
f 3799 3800 3880
f 3798 3879 3878
f 3799 3880 3879
f 3791 3792 3800
f 3790 3801 3804
f 3801 3802 3805
f 3802 3803 3806
f 3790 3804 3792
f 3801 3805 3804
f 3802 3806 3805
f 3792 3807 3800
f 3800 3807 3889
f 3800 3889 3880
f 3807 3808 3890
f 3807 3890 3889
f 3808 3809 3891
f 3808 3891 3890
f 3792 3804 3807
f 3804 3805 3808
f 3804 3808 3807
f 3805 3806 3809
f 3805 3809 3808
f 3991 4481 4480
f 3817 3853 3818
f 3817 3818 3820
f 3818 3859 3821
f 3817 3820 3819
f 3818 3821 3820
f 3819 3820 3823
f 3819 3823 3822
f 3820 3821 3824
f 3820 3824 3823
f 3821 3898 3826
f 3821 3826 3824
f 3826 3898 3827
f 3825 3828 3948
f 3825 3948 3947
f 3828 3949 3948
f 3822 3823 3828
f 3823 3824 3829
f 3822 3828 3825
f 3823 3829 3828
f 3824 3830 3829
f 3824 3826 3830
f 3826 3827 3831
f 3826 3831 3830
f 3827 3918 3832
f 3827 3832 3831
f 3828 3829 3949
f 3829 3955 3949
f 3829 3830 3955
f 3830 3831 3956
f 3832 3918 3833
f 3831 3832 3957
f 3832 3833 3958
f 3760 3842 3841
f 3760 3761 3842
f 3761 3762 3843
f 3761 3843 3842
f 3762 3769 3844
f 3762 3844 3843
f 3769 3847 3844
f 3841 3842 3854
f 3841 3854 3853
f 3842 3855 3854
f 3842 3843 3855
f 3843 3844 3856
f 3843 3856 3855
f 3844 3857 3856
f 3844 3847 3857
f 3847 3858 3857
f 3769 3770 3847
f 3770 3771 3848
f 3771 3772 3849
f 3770 3848 3847
f 3771 3849 3848
f 3772 3845 3850
f 3772 3850 3849
f 3845 3851 3850
f 3845 3846 3851
f 3846 3873 3852
f 3846 3852 3851
f 3847 3848 3858
f 3848 3849 3864
f 3849 3850 3865
f 3852 3873 3875
f 3850 3851 3866
f 3851 3852 3867
f 3852 3875 3868
f 3818 3853 3854
f 3818 3854 3859
f 3854 3855 3859
f 3855 3856 3860
f 3856 3857 3861
f 3857 3858 3862
f 3855 3860 3859
f 3856 3861 3860
f 3859 3860 3898
f 3857 3862 3861
f 3858 3863 3862
f 3848 3864 3858
f 3849 3865 3864
f 3858 3864 3863
f 3850 3866 3865
f 3851 3867 3866
f 3852 3868 3867
f 3864 3865 3869
f 3863 3864 3869
f 3865 3870 3869
f 3865 3866 3870
f 3866 3867 3904
f 3866 3904 3870
f 3867 3905 3904
f 3867 3868 3905
f 3868 3875 3871
f 3868 3871 3908
f 3871 3872 3909
f 3872 3886 3910
f 3868 3908 3905
f 3871 3909 3908
f 3872 3910 3909
f 3886 3911 3910
f 3873 3874 3875
f 3874 3876 3881
f 3876 3877 3882
f 3877 3878 3883
f 3878 3879 3884
f 3879 3880 3885
f 3874 3881 3875
f 3876 3882 3881
f 3877 3883 3882
f 3871 3875 3881
f 3878 3884 3883
f 3879 3885 3884
f 3871 3881 3872
f 3872 3881 3882
f 3882 3883 3886
f 3872 3882 3886
f 3883 3884 3887
f 3884 3885 3888
f 3883 3887 3886
f 3884 3888 3887
f 3886 3887 3911
f 3887 3888 3912
f 3887 3912 3911
f 3880 3889 3892
f 3889 3890 3893
f 3890 3891 3894
f 3880 3892 3885
f 3889 3893 3892
f 3890 3894 3893
f 3885 3892 3895
f 3892 3893 3896
f 3885 3895 3888
f 3892 3896 3895
f 3893 3894 3897
f 3893 3897 3896
f 3888 3895 3934
f 3895 3896 3941
f 3888 3934 3912
f 3895 3941 3934
f 3896 3897 3942
f 3896 3942 3941
f 3821 3859 3898
f 3860 3899 3898
f 3860 3861 3899
f 3861 3900 3899
f 3861 3862 3900
f 3862 3863 3901
f 3863 3869 3902
f 3862 3901 3900
f 3863 3902 3901
f 3869 3903 3902
f 3827 3898 3899
f 3899 3900 3918
f 3900 3901 3919
f 3827 3899 3918
f 3900 3919 3918
f 3901 3920 3919
f 3901 3902 3920
f 3902 3903 3921
f 3903 3906 3922
f 3869 3870 3903
f 3870 3904 3906
f 3904 3905 3907
f 3870 3906 3903
f 3904 3907 3906
f 3906 3907 3923
f 3905 3908 3913
f 3905 3913 3907
f 3908 3909 3914
f 3909 3910 3915
f 3910 3911 3916
f 3911 3912 3917
f 3908 3914 3913
f 3907 3913 3929
f 3913 3914 3930
f 3914 3915 3931
f 3915 3916 3932
f 3909 3915 3914
f 3910 3916 3915
f 3911 3917 3916
f 3833 3918 3919
f 3919 3920 3924
f 3920 3921 3925
f 3902 3921 3920
f 3903 3922 3921
f 3906 3923 3922
f 3921 3922 3926
f 3833 3919 3924
f 3920 3925 3924
f 3921 3926 3925
f 3922 3927 3926
f 3922 3923 3927
f 3923 3928 3927
f 3923 3929 3928
f 3929 3930 4046
f 3928 3929 4046
f 3930 4047 4046
f 3907 3929 3923
f 3913 3930 3929
f 3914 3931 3930
f 3915 3932 3931
f 3916 3933 3932
f 3916 3917 3933
f 3930 3931 4047
f 3931 3932 4048
f 3932 3933 4054
f 3931 4048 4047
f 3932 4054 4048
f 3912 3934 3935
f 3934 3941 3936
f 3937 3941 3942
f 3912 3935 3917
f 3934 3936 3935
f 3936 3941 3937
f 3917 3938 3933
f 3917 3935 3938
f 3935 3936 3939
f 3935 3939 3938
f 3936 3937 3940
f 3936 3940 3939
f 3933 3938 4063
f 3938 3939 4064
f 3933 4063 4054
f 3938 4064 4063
f 3939 3940 4065
f 3939 4065 4064
f 3943 3963 3945
f 3943 3945 3944
f 3945 3963 3946
f 3947 3951 3950
f 3947 3948 3951
f 3948 3949 3952
f 3949 3955 3953
f 3950 3951 3963
f 3951 3952 3964
f 3948 3952 3951
f 3949 3953 3952
f 3953 3955 3954
f 3830 3956 3955
f 3831 3957 3956
f 3954 3955 3956
f 3832 3958 3957
f 3833 3924 3959
f 3833 3959 3958
f 3924 3960 3959
f 3954 3956 3961
f 3956 3957 3961
f 3957 3958 3962
f 3957 3962 3961
f 3958 3969 3962
f 3958 3959 3969
f 3959 3960 3970
f 3960 4044 3971
f 3959 3970 3969
f 3960 3971 3970
f 3971 4044 3972
f 3943 3950 3963
f 3951 3964 3963
f 3952 3965 3964
f 3952 3953 3965
f 3953 3966 3965
f 3953 3954 3966
f 3954 3961 3967
f 3954 3967 3966
f 3961 3968 3967
f 3946 3963 3964
f 3964 3965 4004
f 3965 3966 4005
f 3946 3964 4004
f 3965 4005 4004
f 3966 4006 4005
f 3966 3967 4006
f 3967 3968 4007
f 3967 4007 4006
f 3968 3973 4008
f 3961 3962 3968
f 3962 3969 3973
f 3962 3973 3968
f 3969 3970 3974
f 3969 3974 3973
f 3970 3971 3975
f 3971 3972 3976
f 3970 3975 3974
f 3973 3974 4009
f 3974 3975 4010
f 3975 3976 4015
f 3971 3976 3975
f 3972 4055 3977
f 3978 4055 4056
f 3972 3977 3976
f 3977 4055 3978
f 3978 4056 3979
f 3979 4057 3980
f 3983 3984 3990
f 3944 3945 3985
f 3944 3985 3984
f 3945 3986 3985
f 3945 3946 3986
f 3946 4004 3987
f 3946 3987 3986
f 3987 4004 3988
f 3988 4005 3989
f 3984 3985 3990
f 3985 3986 3996
f 3985 3996 3990
f 3986 3997 3996
f 3986 3987 3997
f 3987 3988 3998
f 3988 3989 3999
f 3989 4011 4000
f 3983 3992 3991
f 3983 3990 3992
f 3990 3993 3992
f 3990 3996 3993
f 3991 3992 4481
f 3992 4709 4481
f 3992 3993 4709
f 3993 3996 3994
f 3994 3997 3995
f 3993 3994 4710
f 3994 3995 4711
f 3987 3998 3997
f 3994 3996 3997
f 3995 3997 3998
f 3998 3999 4002
f 3988 3999 3998
f 3989 4000 3999
f 4000 4011 4001
f 3995 3998 4002
f 3999 4003 4002
f 4000 4716 4003
f 3999 4000 4003
f 4000 4001 4716
f 4001 4021 4717
f 4021 4023 4718
f 4001 4717 4716
f 4021 4718 4717
f 4023 4719 4718
f 3988 4004 4005
f 3989 4005 4006
f 4006 4007 4011
f 3968 4008 4007
f 4007 4008 4012
f 3973 4009 4008
f 4008 4009 4013
f 3989 4006 4011
f 4007 4012 4011
f 4008 4013 4012
f 4009 4014 4013
f 4009 4010 4014
f 4010 4015 4022
f 4010 4022 4014
f 4015 4025 4022
f 4016 4026 4025
f 3974 4010 4009
f 3975 4015 4010
f 3976 3977 4016
f 3976 4016 4015
f 3977 4017 4016
f 3978 4018 4017
f 3977 3978 4017
f 3978 3979 4018
f 3979 3980 4019
f 3980 3981 4020
f 3979 4019 4018
f 3980 4020 4019
f 4015 4016 4025
f 4016 4017 4026
f 4017 4018 4027
f 4017 4027 4026
f 4018 4019 4033
f 4018 4033 4027
f 4019 4034 4033
f 4019 4020 4034
f 4001 4011 4012
f 4012 4013 4021
f 4013 4014 4023
f 4001 4012 4021
f 4013 4023 4021
f 4014 4024 4023
f 4014 4022 4024
f 4023 4024 4719
f 4022 4028 4024
f 4022 4025 4028
f 4025 4029 4028
f 4025 4026 4029
f 4026 4030 4029
f 4026 4027 4030
f 4027 4033 4031
f 4032 4033 4034
f 4024 4028 4723
f 4028 4029 4751
f 4029 4030 4752
f 4030 4031 4753
f 4027 4031 4030
f 4031 4033 4032
f 4031 4032 4754
f 3981 3982 4035
f 3982 4069 4036
f 3981 4035 4020
f 3982 4036 4035
f 4037 4069 4070
f 4036 4069 4037
f 4020 4035 4041
f 4020 4041 4034
f 4035 4036 4042
f 4035 4042 4041
f 4036 4037 4043
f 4036 4043 4042
f 4034 4041 4038
f 4032 4034 4038
f 4038 4041 4039
f 4032 4038 4755
f 4038 4039 4756
f 4039 4042 4040
f 4039 4040 4757
f 4039 4041 4042
f 4040 4042 4043
f 3924 3925 3960
f 3925 3926 4044
f 3926 3927 4045
f 3925 4044 3960
f 3926 4045 4044
f 3972 4044 4045
f 3927 4049 4045
f 3927 3928 4049
f 3928 4046 4050
f 4046 4047 4051
f 3928 4050 4049
f 4046 4051 4050
f 4047 4052 4051
f 4047 4048 4052
f 4048 4054 4053
f 4048 4053 4052
f 4045 4049 4055
f 3972 4045 4055
f 4049 4050 4056
f 4050 4051 4057
f 4051 4052 4058
f 4052 4053 4059
f 4049 4056 4055
f 4050 4057 4056
f 3979 4056 4057
f 4051 4058 4057
f 4052 4059 4058
f 3980 4057 4058
f 3981 4058 4059
f 3980 4058 3981
f 4054 4063 4060
f 4053 4054 4060
f 4061 4063 4064
f 4062 4064 4065
f 4060 4063 4061
f 4053 4060 4066
f 4060 4061 4067
f 4061 4064 4062
f 4061 4062 4068
f 4053 4066 4059
f 4060 4067 4066
f 4061 4068 4067
f 3982 4059 4066
f 3981 4059 3982
f 4066 4067 4069
f 3982 4066 4069
f 4067 4068 4070
f 4067 4070 4069
f 3581 3582 4796
f 3582 3583 4797
f 3583 3584 4798
f 3584 3585 4799
f 3586 3684 4801
f 3585 3586 4800
f 3621 4809 3624
f 3624 4851 3677
f 3677 4854 3680
f 3680 4857 3683
f 3683 4922 3744
f 3684 3685 4899
f 3685 3686 4900
f 3686 3688 4901
f 3688 3689 4903
f 3689 3690 4904
f 3687 4905 3690
f 3744 4925 3747
f 3747 4930 3750
f 3750 4988 3803
f 3803 4991 3806
f 3809 5088 3891
f 3806 4994 3809
f 3810 5038 3840
f 3810 3812 5025
f 3811 3815 5026
f 3811 5027 3812
f 3813 3814 5028
f 3814 4557 5029
f 3815 3816 5030
f 3813 5031 3816
f 3687 3834 4902
f 3834 3835 5032
f 3835 3836 5033
f 3836 3837 5034
f 3837 3838 5035
f 3838 3839 5036
f 3839 3840 5037
f 3891 5091 3894
f 3894 5094 3897
f 3897 5156 3942
f 3937 3942 5114
f 3937 5117 3940
f 3940 5262 4065
f 4037 4070 5219
f 4037 5225 4043
f 4040 4043 5222
f 4062 4065 5259
f 4062 5265 4068
f 4068 5268 4070
f 1083 4097 4102
f 1082 4285 4097
f 1121 4279 4281
f 1084 4288 4285
f 1081 4278 4288
f 1080 4281 4278
f 1107 4098 4095
f 1106 4102 4098
f 2660 4112 4350
f 2662 4111 4110
f 2642 4109 4111
f 2661 4110 4112
f 2659 4350 4351
f 2658 4351 4352
f 2657 4352 4071
f 2656 4071 4072
f 1117 4355 4353
f 1118 4353 4279
f 1116 4354 4355
f 4075 4076 4374
f 4075 4077 4076
f 4076 4078 4376
f 4074 4593 4078
f 4074 4078 4077
f 4078 4593 4079
f 4079 4593 4594
f 4079 4594 4080
f 4076 4077 4078
f 4078 4079 4376
f 4079 4377 4376
f 4079 4080 4377
f 4080 4595 4081
f 4080 4081 4383
f 4095 4208 4207
f 4095 4096 4208
f 4095 4098 4096
f 4096 4099 4215
f 4098 4102 4099
f 4096 4098 4099
f 4100 4216 4215
f 4099 4100 4215
f 4100 4101 4216
f 4099 4103 4100
f 4100 4104 4101
f 4101 4105 4247
f 4097 4103 4102
f 4099 4102 4103
f 4097 4293 4103
f 4104 4293 4294
f 4103 4293 4104
f 4104 4294 4105
f 4105 4294 4295
f 4100 4103 4104
f 4101 4104 4105
f 4106 4248 4247
f 4105 4106 4247
f 4106 4107 4248
f 4105 4295 4106
f 4106 4296 4107
f 4107 4297 4108
f 4114 4132 4123
f 2876 4115 2877
f 2877 4115 4116
f 2877 4116 2882
f 2882 4116 4117
f 4114 4116 4115
f 2882 4117 2883
f 2883 4120 4118
f 4118 4121 4119
f 4119 4122 4158
f 2883 4117 4120
f 4118 4120 4121
f 4119 4121 4122
f 4122 4127 4158
f 4116 4123 4117
f 4114 4123 4116
f 4117 4123 4124
f 4117 4124 4120
f 4120 4125 4121
f 4120 4124 4125
f 4121 4125 4126
f 4123 4133 4124
f 4124 4134 4125
f 4121 4126 4122
f 4122 4128 4127
f 4127 4129 4168
f 4122 4126 4128
f 4127 4128 4129
f 4129 4130 4168
f 4130 4131 4169
f 4123 4132 4133
f 4124 4133 4134
f 4132 4135 4133
f 4133 4135 4137
f 4133 4137 4134
f 4134 4138 4140
f 4135 4136 4137
f 4136 4206 4137
f 4134 4137 4138
f 4138 4139 4140
f 4137 4206 4138
f 4138 4210 4139
f 4138 4206 4210
f 4139 4210 4211
f 4139 4211 4148
f 4148 4211 4212
f 4125 4134 4140
f 4125 4140 4126
f 4126 4141 4128
f 4126 4140 4141
f 4128 4141 4142
f 4139 4141 4140
f 4141 4148 4142
f 4142 4149 4143
f 4128 4142 4129
f 4129 4143 4130
f 4129 4142 4143
f 4130 4143 4144
f 4130 4144 4131
f 4131 4145 4183
f 4131 4144 4145
f 4145 4146 4183
f 4146 4147 4184
f 4139 4148 4141
f 4142 4148 4149
f 4143 4150 4144
f 4143 4149 4150
f 4144 4150 4151
f 4148 4212 4149
f 4149 4213 4150
f 4150 4222 4151
f 4151 4223 4152
f 4144 4151 4145
f 4145 4152 4146
f 4145 4151 4152
f 4146 4152 4153
f 4146 4153 4147
f 4147 4153 4154
f 4147 4154 4190
f 4155 4191 4190
f 4154 4155 4190
f 4155 4156 4191
f 4127 4159 4158
f 4159 4168 4160
f 4127 4168 4159
f 4160 4168 4169
f 4160 4169 4161
f 4161 4170 4162
f 4161 4169 4170
f 4162 4170 4171
f 4163 4171 4172
f 2931 4162 4163
f 2932 4163 4164
f 2933 4164 4165
f 2938 4165 4166
f 2939 4166 4167
f 4162 4171 4163
f 4163 4172 4164
f 4164 4173 4165
f 4164 4172 4173
f 4165 4173 4174
f 4165 4174 4166
f 4166 4175 4167
f 4130 4169 4168
f 4131 4170 4169
f 4170 4183 4171
f 4131 4183 4170
f 4171 4183 4184
f 4171 4184 4172
f 4172 4185 4173
f 4173 4186 4174
f 4172 4184 4185
f 4173 4185 4186
f 4174 4186 4187
f 4166 4174 4175
f 4167 4175 4176
f 4174 4187 4175
f 4175 4188 4176
f 4175 4187 4188
f 4176 4188 4189
f 2943 4167 4177
f 2944 4177 4178
f 2945 4178 4179
f 4167 4176 4177
f 4177 4180 4178
f 4178 4181 4179
f 4176 4180 4177
f 4178 4180 4181
f 4179 4181 4182
f 4176 4189 4180
f 4180 4197 4181
f 4180 4189 4197
f 4181 4197 4198
f 4181 4198 4182
f 4182 4198 4199
f 4146 4184 4183
f 4147 4185 4184
f 4185 4190 4186
f 4186 4191 4187
f 4187 4192 4188
f 4188 4193 4189
f 4147 4190 4185
f 4186 4190 4191
f 4187 4191 4192
f 4188 4192 4193
f 4189 4193 4194
f 4156 4192 4191
f 4157 4193 4192
f 4193 4195 4194
f 4156 4157 4192
f 4157 4195 4193
f 4194 4195 4196
f 4189 4194 4197
f 4197 4200 4198
f 4194 4200 4197
f 4198 4200 4201
f 4198 4201 4199
f 4199 4201 4202
f 4194 4196 4200
f 4200 4203 4201
f 4201 4204 4202
f 4196 4203 4200
f 4201 4203 4204
f 4202 4204 4205
f 4136 4207 4206
f 4206 4208 4210
f 4209 4211 4210
f 4206 4207 4208
f 4208 4209 4210
f 4209 4214 4211
f 4149 4212 4213
f 4211 4214 4212
f 4212 4214 4218
f 4213 4218 4219
f 4212 4218 4213
f 4213 4219 4222
f 4219 4220 4222
f 4096 4209 4208
f 4096 4215 4209
f 4209 4215 4214
f 4214 4216 4218
f 4214 4215 4216
f 4216 4217 4218
f 4217 4246 4219
f 4217 4219 4218
f 4219 4246 4220
f 4220 4221 4223
f 4220 4246 4251
f 4221 4251 4252
f 4220 4251 4221
f 4221 4252 4232
f 4232 4253 4233
f 4232 4252 4253
f 4233 4253 4254
f 4150 4213 4222
f 4151 4222 4223
f 4152 4223 4224
f 4152 4224 4153
f 4153 4224 4225
f 4220 4223 4222
f 4221 4224 4223
f 4224 4232 4225
f 4225 4233 4226
f 4153 4225 4154
f 4154 4225 4226
f 4226 4234 4227
f 4154 4226 4155
f 4155 4226 4227
f 4156 4227 4228
f 4155 4227 4156
f 4156 4228 4157
f 4157 4228 4229
f 4157 4229 4195
f 4195 4230 4196
f 4195 4229 4230
f 4196 4230 4231
f 4221 4232 4224
f 4225 4232 4233
f 4226 4233 4234
f 4233 4254 4234
f 4227 4234 4235
f 4228 4235 4236
f 4234 4255 4235
f 4235 4266 4236
f 4236 4267 4237
f 4237 4268 4238
f 4238 4269 4239
f 4227 4235 4228
f 4228 4236 4229
f 4229 4236 4237
f 4229 4237 4230
f 4230 4238 4231
f 4230 4237 4238
f 4231 4238 4239
f 4196 4231 4203
f 4203 4231 4240
f 4204 4240 4241
f 4205 4241 4242
f 4239 4270 4243
f 4231 4239 4240
f 4239 4243 4240
f 4241 4243 4244
f 4240 4243 4241
f 4242 4244 4245
f 4241 4244 4242
f 4243 4272 4244
f 4101 4217 4216
f 4101 4247 4217
f 4217 4247 4246
f 4246 4248 4251
f 4246 4247 4248
f 4248 4249 4251
f 4249 4250 4252
f 4249 4252 4251
f 4250 4253 4252
f 4253 4259 4254
f 4250 4259 4253
f 4254 4259 4260
f 4254 4260 4255
f 4255 4260 4261
f 4255 4261 4266
f 4262 4267 4266
f 4261 4262 4266
f 4262 4263 4267
f 4107 4249 4248
f 4108 4250 4249
f 4107 4108 4249
f 4250 4256 4259
f 4257 4260 4259
f 4108 4256 4250
f 4256 4257 4259
f 4257 4258 4260
f 4258 4448 4261
f 4258 4261 4260
f 4261 4448 4262
f 4263 4264 4268
f 4262 4451 4263
f 4262 4448 4451
f 4263 4451 4455
f 4264 4455 4456
f 4263 4455 4264
f 4264 4456 4265
f 4265 4457 4271
f 4265 4456 4457
f 4271 4457 4458
f 4234 4254 4255
f 4235 4255 4266
f 4236 4266 4267
f 4237 4267 4268
f 4238 4268 4269
f 4239 4269 4270
f 4263 4268 4267
f 4264 4269 4268
f 4265 4270 4269
f 4264 4265 4269
f 4265 4271 4270
f 4271 4458 4275
f 4275 4464 4276
f 4275 4458 4464
f 4276 4464 4465
f 4276 4465 4277
f 4277 4465 4466
f 4243 4270 4272
f 4244 4272 4273
f 4245 4273 4274
f 4270 4271 4272
f 4272 4275 4273
f 4273 4276 4274
f 4244 4273 4245
f 4271 4275 4272
f 4273 4275 4276
f 4274 4276 4277
f 4203 4240 4204
f 4204 4241 4205
f 4278 4281 4311
f 4281 4282 4311
f 4282 4283 4312
f 4279 4280 4282
f 4279 4282 4281
f 4280 4283 4282
f 4280 4284 4283
f 4284 4363 4319
f 4283 4284 4319
f 4319 4363 4320
f 4320 4363 4364
f 4097 4285 4293
f 4285 4286 4293
f 4286 4287 4294
f 4286 4288 4289
f 4278 4289 4288
f 4289 4311 4290
f 4285 4288 4286
f 4286 4289 4287
f 4287 4289 4290
f 4287 4290 4301
f 4291 4302 4301
f 4290 4291 4301
f 4291 4292 4302
f 4286 4294 4293
f 4287 4295 4294
f 4287 4301 4295
f 4296 4301 4302
f 4295 4301 4296
f 4296 4302 4297
f 4297 4302 4303
f 4106 4295 4296
f 4107 4296 4297
f 4108 4297 4298
f 4108 4298 4256
f 4256 4298 4299
f 4257 4299 4300
f 4297 4303 4298
f 4298 4304 4299
f 4299 4305 4300
f 4300 4306 4449
f 4292 4303 4302
f 4298 4303 4304
f 4292 4315 4303
f 4303 4315 4304
f 4304 4315 4327
f 4305 4327 4328
f 4304 4327 4305
f 4305 4328 4306
f 4306 4328 4329
f 4299 4304 4305
f 4300 4305 4306
f 4307 4450 4449
f 4306 4307 4449
f 4307 4308 4450
f 4306 4329 4307
f 4307 4330 4308
f 4308 4309 4452
f 4308 4331 4309
f 4309 4332 4310
f 4278 4311 4289
f 4290 4311 4312
f 4290 4312 4291
f 4291 4312 4313
f 4282 4312 4311
f 4283 4313 4312
f 4313 4319 4314
f 4314 4320 4316
f 4291 4313 4292
f 4292 4313 4314
f 4292 4314 4315
f 4315 4316 4327
f 4317 4328 4327
f 4314 4316 4315
f 4316 4317 4327
f 4317 4318 4328
f 4283 4319 4313
f 4314 4319 4320
f 4316 4320 4321
f 4317 4321 4322
f 4320 4364 4321
f 4321 4365 4322
f 4322 4417 4323
f 4316 4321 4317
f 4317 4322 4318
f 4318 4322 4323
f 4318 4323 4324
f 4324 4325 4337
f 4326 4338 4337
f 4323 4325 4324
f 4325 4326 4337
f 4326 4422 4338
f 4339 4422 4424
f 4318 4329 4328
f 4307 4329 4330
f 4324 4330 4329
f 4318 4324 4329
f 4324 4337 4330
f 4331 4337 4338
f 4330 4337 4331
f 4308 4330 4331
f 4331 4338 4332
f 4332 4339 4333
f 4309 4331 4332
f 4310 4332 4333
f 4310 4333 4461
f 4333 4334 4461
f 4334 4462 4461
f 4335 4463 4462
f 4334 4335 4462
f 4335 4336 4463
f 4333 4340 4334
f 4334 4341 4335
f 4335 4342 4336
f 4332 4338 4339
f 4333 4339 4340
f 4334 4340 4341
f 4335 4341 4342
f 4338 4422 4339
f 4339 4424 4340
f 4340 4425 4341
f 4340 4424 4425
f 4341 4425 4426
f 4341 4426 4342
f 4342 4426 4437
f 4343 4437 4438
f 4342 4437 4343
f 4336 4342 4343
f 4336 4470 4463
f 4336 4344 4470
f 4344 4345 4471
f 4345 4346 4472
f 4336 4343 4344
f 4344 4347 4345
f 4345 4348 4346
f 4343 4438 4347
f 4347 4445 4348
f 4348 4446 4349
f 4343 4347 4344
f 4345 4347 4348
f 4346 4348 4349
f 4353 4355 4359
f 4356 4360 4359
f 4354 4356 4355
f 4354 4374 4356
f 4357 4374 4375
f 4355 4356 4359
f 4356 4357 4360
f 4357 4358 4361
f 4356 4374 4357
f 4357 4375 4358
f 4358 4375 4378
f 4358 4378 4366
f 4366 4379 4367
f 4279 4353 4280
f 4280 4353 4359
f 4280 4359 4284
f 4284 4359 4360
f 4284 4360 4363
f 4357 4361 4360
f 4360 4361 4363
f 4361 4362 4364
f 4361 4364 4363
f 4362 4365 4364
f 4321 4364 4365
f 4362 4369 4365
f 4369 4370 4417
f 4365 4369 4417
f 4370 4418 4417
f 4370 4371 4418
f 4358 4362 4361
f 4358 4366 4362
f 4362 4366 4369
f 4367 4370 4369
f 4366 4367 4369
f 4367 4368 4370
f 4368 4393 4371
f 4368 4371 4370
f 4371 4372 4419
f 4371 4393 4372
f 4372 4394 4373
f 4372 4393 4394
f 4373 4394 4397
f 4397 4398 4429
f 4373 4397 4429
f 4398 4430 4429
f 4399 4431 4430
f 4075 4374 4354
f 4076 4375 4374
f 4375 4376 4378
f 4076 4376 4375
f 4376 4377 4378
f 4377 4379 4378
f 4377 4383 4379
f 4380 4383 4384
f 4366 4378 4379
f 4367 4379 4380
f 4368 4380 4381
f 4379 4383 4380
f 4380 4384 4381
f 4381 4385 4382
f 4382 4386 4395
f 4080 4383 4377
f 4081 4384 4383
f 4082 4385 4384
f 4081 4082 4384
f 4082 4771 4385
f 4386 4771 4772
f 4385 4771 4386
f 4386 4772 4387
f 4387 4772 4773
f 4381 4384 4385
f 4382 4385 4386
f 4386 4387 4395
f 4387 4396 4395
f 4387 4388 4396
f 4388 4389 4404
f 4387 4773 4388
f 4388 4774 4389
f 4389 4775 4390
f 4389 4390 4405
f 4367 4380 4368
f 4368 4381 4393
f 4381 4382 4393
f 4382 4394 4393
f 4394 4395 4397
f 4396 4398 4397
f 4382 4395 4394
f 4395 4396 4397
f 4396 4404 4398
f 4399 4404 4405
f 4400 4405 4406
f 4398 4399 4430
f 4399 4400 4431
f 4400 4401 4432
f 4401 4402 4433
f 4398 4404 4399
f 4399 4405 4400
f 4400 4406 4401
f 4401 4406 4407
f 4401 4407 4402
f 4402 4407 4408
f 4402 4408 4403
f 4388 4404 4396
f 4389 4405 4404
f 4390 4406 4405
f 4391 4407 4406
f 4392 4408 4407
f 4390 4391 4406
f 4391 4392 4407
f 4392 4410 4408
f 4409 4410 4786
f 4408 4410 4409
f 4403 4408 4409
f 4403 4409 4411
f 4411 4414 4412
f 4412 4415 4413
f 4414 4786 4793
f 4409 4786 4414
f 4414 4793 4415
f 4415 4793 4794
f 4415 4794 4416
f 4416 4794 4795
f 4409 4414 4411
f 4412 4414 4415
f 4413 4415 4416
f 4322 4365 4417
f 4323 4417 4418
f 4323 4418 4325
f 4325 4419 4326
f 4325 4418 4419
f 4326 4419 4420
f 4420 4421 4422
f 4371 4419 4418
f 4372 4420 4419
f 4373 4421 4420
f 4326 4420 4422
f 4421 4424 4422
f 4423 4425 4424
f 4425 4427 4426
f 4426 4428 4437
f 4435 4438 4437
f 4421 4423 4424
f 4423 4427 4425
f 4426 4427 4428
f 4428 4435 4437
f 4435 4436 4438
f 4372 4373 4420
f 4373 4429 4421
f 4423 4429 4430
f 4421 4429 4423
f 4423 4430 4427
f 4427 4431 4428
f 4427 4430 4431
f 4428 4431 4432
f 4428 4432 4435
f 4432 4433 4435
f 4400 4432 4431
f 4401 4433 4432
f 4433 4434 4436
f 4433 4436 4435
f 4436 4445 4438
f 4442 4446 4445
f 4436 4442 4445
f 4442 4443 4446
f 4443 4447 4446
f 4443 4444 4447
f 4434 4439 4442
f 4439 4440 4443
f 4440 4441 4444
f 4434 4442 4436
f 4439 4443 4442
f 4440 4444 4443
f 4347 4438 4445
f 4348 4445 4446
f 4349 4446 4447
f 4402 4434 4433
f 4402 4403 4434
f 4403 4439 4434
f 4411 4440 4439
f 4403 4411 4439
f 4411 4412 4440
f 4412 4441 4440
f 4412 4413 4441
f 4256 4299 4257
f 4257 4300 4258
f 4258 4300 4449
f 4258 4449 4448
f 4448 4449 4450
f 4448 4450 4451
f 4451 4452 4455
f 4453 4456 4455
f 4450 4452 4451
f 4452 4453 4455
f 4453 4454 4456
f 4454 4459 4457
f 4454 4457 4456
f 4457 4459 4458
f 4458 4459 4460
f 4308 4452 4450
f 4309 4453 4452
f 4310 4454 4453
f 4309 4310 4453
f 4454 4461 4459
f 4459 4462 4460
f 4310 4461 4454
f 4459 4461 4462
f 4460 4462 4463
f 4458 4460 4464
f 4464 4467 4465
f 4460 4467 4464
f 4465 4467 4468
f 4465 4468 4466
f 4466 4468 4469
f 4460 4463 4467
f 4467 4470 4468
f 4468 4471 4469
f 4463 4470 4467
f 4468 4470 4471
f 4469 4471 4472
f 4344 4471 4470
f 4345 4472 4471
f 4071 4352 5286
f 4071 5287 4072
f 4072 5288 4073
f 4083 4084 5289
f 4083 5774 4649
f 4084 4085 5290
f 4085 4088 5291
f 4073 5292 4086
f 4086 5293 4087
f 4087 5294 4088
f 4089 5305 4090
f 4090 5306 4091
f 4091 5307 4092
f 4092 5309 4094
f 4093 4094 5308
f 4109 4113 5310
f 4109 5312 4111
f 4110 4111 5311
f 4110 5313 4112
f 4093 5314 4113
f 4179 4182 5373
f 4182 4199 5376
f 4199 4202 5398
f 4202 4205 5401
f 4242 4245 5421
f 4277 4466 5464
f 4274 4277 5461
f 4245 4274 5424
f 4205 4242 5404
f 4112 5493 4350
f 4350 5494 4351
f 4351 5495 4352
f 4346 4349 5529
f 4349 4447 5533
f 4413 4416 5589
f 4416 4795 5592
f 4444 5638 4447
f 4441 5635 4444
f 4413 5632 4441
f 4466 4469 5663
f 4469 4472 5666
f 4346 5669 4472
f 4480 4483 4482
f 4480 4481 4483
f 4481 4709 4484
f 4482 4483 4491
f 4483 4484 4492
f 4481 4484 4483
f 4484 4709 4485
f 4486 4491 4488
f 4489 4491 4492
f 4487 4488 4516
f 4486 4488 4487
f 4488 4491 4489
f 4489 4492 4490
f 4482 4491 4486
f 4483 4492 4491
f 4484 4493 4492
f 4484 4485 4493
f 4485 4494 4493
f 4485 4713 4494
f 4495 4713 4729
f 4494 4713 4495
f 4495 4729 4496
f 4490 4492 4493
f 4493 4494 4523
f 4494 4495 4524
f 4490 4493 4523
f 4494 4524 4523
f 4495 4525 4524
f 4495 4496 4525
f 4496 4497 4526
f 4497 4735 4527
f 4498 4516 4500
f 4499 4500 4504
f 4498 4500 4499
f 4500 4516 4501
f 4501 4516 4517
f 4501 4517 4502
f 4503 4504 4506
f 4503 4506 4505
f 4505 4506 4562
f 4504 4507 4506
f 4504 4508 4507
f 4507 4508 4650
f 4510 4651 4650
f 4499 4504 4503
f 4500 4508 4504
f 4500 4501 4508
f 4501 4510 4508
f 4502 4511 4510
f 4501 4502 4510
f 4502 4509 4511
f 4509 4512 4511
f 4509 4534 4512
f 4508 4510 4650
f 4510 4511 4651
f 4511 4652 4651
f 4511 4512 4652
f 4512 4513 4659
f 4512 4534 4513
f 4513 4535 4514
f 4513 4514 4660
f 4487 4516 4498
f 4488 4517 4516
f 4488 4489 4517
f 4489 4518 4517
f 4489 4490 4518
f 4490 4523 4519
f 4490 4519 4518
f 4519 4523 4520
f 4520 4523 4524
f 4520 4524 4521
f 4502 4517 4518
f 4509 4518 4519
f 4502 4518 4509
f 4509 4519 4534
f 4519 4520 4534
f 4520 4521 4535
f 4521 4522 4536
f 4521 4524 4525
f 4522 4525 4526
f 4526 4527 4530
f 4496 4526 4525
f 4497 4527 4526
f 4527 4735 4528
f 4528 4736 4529
f 4521 4525 4522
f 4522 4526 4530
f 4527 4531 4530
f 4528 4532 4531
f 4527 4528 4531
f 4528 4529 4532
f 4529 4533 4543
f 4533 4761 4544
f 4529 4543 4532
f 4533 4544 4543
f 4544 4761 4545
f 4545 4761 4762
f 4546 4762 4763
f 4545 4762 4546
f 4520 4535 4534
f 4521 4536 4535
f 4513 4534 4535
f 4514 4535 4536
f 4522 4537 4536
f 4522 4530 4537
f 4530 4531 4538
f 4530 4538 4537
f 4531 4540 4538
f 4514 4536 4515
f 4515 4536 4537
f 4537 4538 4539
f 4515 4537 4539
f 4538 4691 4539
f 4538 4540 4691
f 4532 4541 4540
f 4540 4692 4691
f 4540 4541 4692
f 4541 4693 4692
f 4541 4542 4693
f 4542 4548 4694
f 4548 4549 4695
f 4549 4550 4696
f 4531 4532 4540
f 4532 4543 4541
f 4541 4543 4542
f 4542 4544 4548
f 4542 4543 4544
f 4544 4545 4548
f 4545 4546 4549
f 4546 4547 4550
f 4546 4763 4547
f 4545 4549 4548
f 4546 4550 4549
f 4550 4554 4697
f 4554 4555 4698
f 4547 4764 4551
f 4551 4768 4552
f 4547 4551 4554
f 4551 4552 4555
f 4552 4769 4553
f 4552 4553 4556
f 4547 4554 4550
f 4551 4555 4554
f 4552 4556 4555
f 4555 4556 4699
f 4559 4587 4586
f 4559 4560 4587
f 4560 4572 4588
f 4564 4565 4569
f 4505 4562 4561
f 4561 4562 4565
f 4561 4565 4564
f 4562 4566 4565
f 4562 4563 4566
f 4563 4653 4567
f 4563 4567 4566
f 4567 4653 4574
f 4574 4654 4575
f 4560 4568 4569
f 4564 4569 4568
f 4565 4570 4569
f 4569 4570 4572
f 4559 4568 4560
f 4560 4569 4572
f 4570 4573 4572
f 4570 4571 4573
f 4571 4577 4611
f 4571 4611 4573
f 4577 4612 4611
f 4577 4578 4612
f 4565 4566 4570
f 4566 4571 4570
f 4566 4567 4571
f 4567 4574 4577
f 4567 4577 4571
f 4574 4578 4577
f 4574 4575 4578
f 4575 4576 4579
f 4576 4669 4580
f 4575 4579 4578
f 4578 4579 4613
f 4579 4580 4614
f 4576 4580 4579
f 4580 4669 4581
f 4581 4669 4670
f 4581 4670 4621
f 4621 4672 4622
f 4582 4586 4583
f 4582 4583 4593
f 4074 4582 4593
f 4583 4594 4593
f 4583 4587 4584
f 4583 4584 4594
f 4584 4585 4595
f 4583 4586 4587
f 4584 4587 4588
f 4560 4588 4587
f 4572 4589 4588
f 4573 4591 4589
f 4584 4588 4585
f 4585 4588 4589
f 4585 4589 4590
f 4590 4591 4601
f 4589 4591 4590
f 4591 4592 4601
f 4592 4602 4601
f 4592 4616 4602
f 4603 4616 4617
f 4584 4595 4594
f 4080 4594 4595
f 4081 4595 4596
f 4585 4596 4595
f 4585 4590 4596
f 4590 4601 4597
f 4590 4597 4596
f 4597 4601 4598
f 4598 4602 4599
f 4081 4596 4082
f 4082 4596 4597
f 4597 4598 4771
f 4082 4597 4771
f 4598 4772 4771
f 4598 4599 4772
f 4599 4600 4773
f 4600 4607 4774
f 4598 4601 4602
f 4599 4602 4603
f 4600 4603 4604
f 4602 4616 4603
f 4603 4617 4604
f 4604 4618 4605
f 4605 4619 4606
f 4599 4603 4600
f 4600 4604 4607
f 4604 4605 4607
f 4605 4608 4607
f 4605 4606 4608
f 4606 4781 4608
f 4609 4782 4781
f 4606 4609 4781
f 4609 4610 4782
f 4610 4783 4782
f 4610 4637 4783
f 4637 4784 4783
f 4637 4638 4784
f 4638 4639 4785
f 4639 4646 4790
f 4646 4647 4791
f 4647 4648 4792
f 4572 4573 4589
f 4573 4611 4591
f 4591 4611 4592
f 4592 4612 4616
f 4592 4611 4612
f 4612 4613 4616
f 4578 4613 4612
f 4579 4614 4613
f 4613 4614 4617
f 4613 4617 4616
f 4614 4618 4617
f 4614 4615 4618
f 4615 4620 4619
f 4620 4623 4631
f 4615 4619 4618
f 4619 4620 4631
f 4623 4632 4631
f 4623 4626 4632
f 4626 4633 4632
f 4580 4615 4614
f 4580 4581 4615
f 4581 4621 4620
f 4581 4620 4615
f 4620 4621 4623
f 4621 4622 4623
f 4622 4626 4623
f 4624 4627 4626
f 4622 4624 4626
f 4624 4625 4627
f 4625 4703 4628
f 4629 4703 4704
f 4630 4704 4705
f 4626 4627 4633
f 4627 4628 4634
f 4628 4629 4635
f 4629 4630 4636
f 4625 4628 4627
f 4628 4703 4629
f 4629 4704 4630
f 4604 4617 4618
f 4605 4618 4619
f 4606 4619 4631
f 4609 4631 4632
f 4606 4631 4609
f 4609 4632 4610
f 4610 4633 4637
f 4610 4632 4633
f 4633 4634 4637
f 4627 4634 4633
f 4628 4635 4634
f 4634 4635 4638
f 4635 4636 4639
f 4634 4638 4637
f 4635 4639 4638
f 4629 4636 4635
f 4630 4640 4643
f 4630 4705 4640
f 4640 4706 4641
f 4640 4705 4706
f 4641 4706 4707
f 4641 4707 4642
f 4642 4707 4708
f 4636 4643 4646
f 4643 4644 4647
f 4644 4645 4648
f 4636 4646 4639
f 4643 4647 4646
f 4644 4648 4647
f 4630 4643 4636
f 4640 4644 4643
f 4640 4641 4644
f 4641 4645 4644
f 4641 4642 4645
f 4506 4563 4562
f 4506 4507 4563
f 4507 4650 4653
f 4507 4653 4563
f 4650 4654 4653
f 4650 4651 4654
f 4651 4652 4655
f 4651 4655 4654
f 4652 4659 4656
f 4574 4653 4654
f 4575 4654 4655
f 4576 4655 4656
f 4652 4656 4655
f 4656 4659 4657
f 4657 4660 4658
f 4512 4659 4652
f 4513 4660 4659
f 4514 4661 4660
f 4514 4515 4661
f 4515 4539 4662
f 4539 4691 4663
f 4515 4662 4661
f 4539 4663 4662
f 4657 4659 4660
f 4658 4660 4661
f 4661 4662 4671
f 4662 4663 4679
f 4658 4661 4671
f 4662 4679 4671
f 4663 4691 4664
f 4664 4692 4665
f 4663 4680 4679
f 4663 4664 4680
f 4664 4665 4681
f 4665 4666 4682
f 4666 4667 4683
f 4667 4668 4684
f 4575 4655 4576
f 4576 4656 4669
f 4656 4657 4669
f 4657 4670 4669
f 4658 4672 4670
f 4657 4658 4670
f 4658 4671 4672
f 4671 4679 4673
f 4671 4673 4672
f 4621 4670 4672
f 4622 4672 4673
f 4673 4679 4674
f 4674 4679 4680
f 4675 4680 4681
f 4622 4673 4624
f 4624 4673 4674
f 4625 4674 4675
f 4675 4676 4703
f 4676 4677 4704
f 4674 4680 4675
f 4675 4681 4676
f 4676 4682 4677
f 4677 4683 4678
f 4677 4678 4705
f 4664 4681 4680
f 4665 4682 4681
f 4676 4681 4682
f 4666 4683 4682
f 4677 4682 4683
f 4678 4683 4684
f 4667 4684 4683
f 4668 4700 4688
f 4678 4684 4685
f 4668 4688 4684
f 4688 4700 4689
f 4689 4700 4701
f 4689 4701 4690
f 4690 4701 4702
f 4684 4688 4685
f 4686 4688 4689
f 4685 4688 4686
f 4687 4689 4690
f 4686 4689 4687
f 4664 4691 4692
f 4665 4692 4693
f 4666 4693 4694
f 4667 4694 4695
f 4668 4695 4696
f 4542 4694 4693
f 4548 4695 4694
f 4549 4696 4695
f 4665 4693 4666
f 4666 4694 4667
f 4667 4695 4668
f 4696 4697 4700
f 4697 4698 4701
f 4698 4699 4702
f 4550 4697 4696
f 4554 4698 4697
f 4555 4699 4698
f 4668 4696 4700
f 4697 4701 4700
f 4698 4702 4701
f 4624 4674 4625
f 4625 4675 4703
f 4676 4704 4703
f 4677 4705 4704
f 4678 4706 4705
f 4685 4707 4706
f 4686 4708 4707
f 4678 4685 4706
f 4685 4686 4707
f 4686 4687 4708
f 3993 4710 4709
f 4485 4709 4710
f 3994 4711 4710
f 3995 4712 4711
f 3995 4002 4712
f 4002 4714 4712
f 4485 4710 4713
f 4710 4711 4713
f 4711 4712 4729
f 4711 4729 4713
f 4712 4730 4729
f 4712 4714 4730
f 4714 4715 4731
f 4714 4731 4730
f 4715 4732 4731
f 4715 4720 4732
f 4002 4003 4714
f 4003 4716 4715
f 4003 4715 4714
f 4716 4717 4720
f 4715 4716 4720
f 4717 4718 4721
f 4717 4721 4720
f 4718 4719 4722
f 4718 4722 4721
f 4720 4721 4733
f 4721 4722 4734
f 4719 4723 4724
f 4723 4751 4725
f 4726 4751 4752
f 4722 4724 4738
f 4719 4724 4722
f 4723 4725 4724
f 4725 4751 4726
f 4727 4752 4753
f 4726 4752 4727
f 4727 4753 4728
f 4496 4729 4730
f 4496 4730 4497
f 4497 4730 4731
f 4731 4732 4735
f 4720 4733 4732
f 4721 4734 4733
f 4732 4733 4736
f 4497 4731 4735
f 4732 4736 4735
f 4733 4737 4736
f 4733 4734 4737
f 4734 4739 4737
f 4734 4738 4739
f 4738 4741 4740
f 4741 4742 4758
f 4738 4740 4739
f 4740 4741 4758
f 4742 4759 4758
f 4743 4760 4759
f 4722 4738 4734
f 4724 4741 4738
f 4724 4725 4741
f 4725 4726 4742
f 4725 4742 4741
f 4726 4743 4742
f 4727 4744 4743
f 4726 4727 4743
f 4727 4728 4744
f 4742 4743 4759
f 4743 4744 4760
f 4728 4754 4745
f 4745 4755 4746
f 4746 4756 4747
f 4744 4765 4760
f 4748 4766 4765
f 4749 4767 4766
f 4728 4748 4744
f 4745 4749 4748
f 4746 4750 4749
f 4728 4745 4748
f 4745 4746 4749
f 4746 4747 4750
f 4744 4748 4765
f 4748 4749 4766
f 4749 4750 4767
f 4024 4723 4719
f 4028 4751 4723
f 4029 4752 4751
f 4030 4753 4752
f 4031 4754 4753
f 4728 4753 4754
f 4032 4755 4754
f 4038 4756 4755
f 4039 4757 4756
f 4745 4754 4755
f 4746 4755 4756
f 4747 4756 4757
f 4528 4735 4736
f 4529 4736 4737
f 4533 4737 4739
f 4739 4740 4761
f 4740 4758 4762
f 4529 4737 4533
f 4533 4739 4761
f 4740 4762 4761
f 4758 4763 4762
f 4759 4764 4763
f 4758 4759 4763
f 4759 4760 4764
f 4547 4763 4764
f 4760 4768 4764
f 4765 4769 4768
f 4766 4770 4769
f 4760 4765 4768
f 4765 4766 4769
f 4766 4767 4770
f 4551 4764 4768
f 4552 4768 4769
f 4553 4769 4770
f 4599 4773 4772
f 4388 4773 4774
f 4389 4774 4775
f 4600 4774 4773
f 4607 4775 4774
f 4607 4608 4775
f 4608 4781 4776
f 4608 4776 4775
f 4776 4781 4777
f 4777 4782 4778
f 4778 4783 4779
f 4779 4784 4780
f 4390 4775 4776
f 4391 4776 4777
f 4392 4777 4778
f 4390 4776 4391
f 4391 4777 4392
f 4410 4778 4779
f 4392 4778 4410
f 4410 4779 4786
f 4779 4780 4786
f 4777 4781 4782
f 4778 4782 4783
f 4779 4783 4784
f 4780 4784 4785
f 4638 4785 4784
f 4780 4793 4786
f 4787 4794 4793
f 4788 4795 4794
f 4780 4785 4787
f 4780 4787 4793
f 4787 4788 4794
f 4788 4789 4795
f 4785 4790 4787
f 4788 4790 4791
f 4789 4791 4792
f 4639 4790 4785
f 4646 4791 4790
f 4647 4792 4791
f 4787 4790 4788
f 4788 4791 4789
f 4473 4474 5688
f 4474 4478 5689
f 4476 4477 5691
f 4475 5692 4477
f 4478 4479 5693
f 4476 5694 4479
f 4557 4558 5695
f 4473 5696 4558
f 4553 4770 5733
f 4553 5736 4556
f 4475 4649 5690
f 4642 4708 5827
f 4645 5833 4648
f 4642 5830 4645
f 4690 4702 5868
f 4687 4690 5865
f 4556 5906 4699
f 4699 5909 4702
f 4687 5918 4708
f 4747 4757 5924
f 4750 5973 4767
f 4747 5927 4750
f 4040 5966 4757
f 4767 5976 4770
f 4789 5992 4795
f 4648 5989 4792
f 4789 4792 5986
f 3252 4796 3253
f 3253 4798 3254
f 3254 4799 3255
f 3255 4800 3256
f 3256 4801 3257
f 3257 4899 3258
f 3260 4903 3261
f 3261 4904 3262
f 3262 4905 3263
f 3263 4902 3264
f 3264 5032 3265
f 3267 5035 3268
f 3265 5033 3266
f 3266 5034 3267
f 3258 4900 3259
f 3259 4901 3260
f 3237 4802 3240
f 3237 3238 4804
f 3235 4840 3238
f 3235 3236 4843
f 3232 4846 3236
f 3232 3233 4849
f 3231 4908 3233
f 3231 3234 4912
f 3215 3216 4966
f 3215 4917 3234
f 3213 4973 3216
f 3213 3214 4975
f 3211 3212 5068
f 3209 5039 3212
f 3209 3210 5041
f 3198 5044 3210
f 3198 3223 5047
f 3211 5056 3214
f 3272 5027 3273
f 3268 5036 3269
f 3269 5037 3270
f 3270 5038 3271
f 3271 5025 3272
f 3273 5026 3274
f 3274 5030 3310
f 3310 5031 3311
f 3311 5028 3312
f 3296 3312 5029
f 3296 5695 3297
f 3221 3222 5166
f 3218 5158 3222
f 3221 5163 3223
f 3218 3219 5159
f 3217 5199 3219
f 3253 4796 4797
f 3253 4797 4798
f 3254 4798 4799
f 3255 4799 4800
f 3256 4800 4801
f 3257 4801 4899
f 3258 4899 4900
f 3259 4900 4901
f 3237 4804 4802
f 3238 4840 4804
f 3235 4843 4840
f 3236 4846 4843
f 3232 4849 4846
f 3233 4908 4849
f 3231 4912 4908
f 3234 4917 4912
f 3263 4905 4902
f 3264 4902 5032
f 3260 4901 4903
f 3261 4903 4904
f 3262 4904 4905
f 3265 5032 5033
f 3266 5033 5034
f 3267 5034 5035
f 3269 5036 5037
f 3268 5035 5036
f 3216 4973 4966
f 3215 4966 4917
f 3213 4975 4973
f 3214 5056 4975
f 3211 5068 5056
f 3198 5047 5044
f 3223 5163 5047
f 3212 5039 5068
f 3209 5041 5039
f 3210 5044 5041
f 3287 5288 3314
f 3304 5692 5690
f 3305 5690 5774
f 3309 5291 5294
f 3286 5292 5288
f 3313 5294 5293
f 3285 5293 5292
f 3307 5289 5290
f 3308 5290 5291
f 3306 5774 5289
f 2259 5296 5298
f 2256 5569 5296
f 1870 5802 5775
f 2260 5798 5802
f 2255 5298 5295
f 2254 5295 5798
f 3310 5030 5031
f 3274 5026 5030
f 3298 5696 5688
f 3299 5688 5689
f 3312 5028 5029
f 3296 5029 5695
f 3311 5031 5028
f 3297 5695 5696
f 1881 5697 5206
f 1882 5699 5697
f 1880 5704 5703
f 1885 5715 5704
f 1879 5703 5699
f 3271 5038 5025
f 3270 5037 5038
f 3272 5025 5027
f 3273 5027 5026
f 3221 5166 5163
f 3222 5158 5166
f 3218 5159 5158
f 3219 5199 5159
f 3217 5198 5199
f 3220 5206 5198
f 3301 5693 5694
f 3302 5694 5691
f 3300 5689 5693
f 3303 5691 5692
f 1887 5720 5716
f 1883 5722 5720
f 1872 5784 5780
f 1871 5780 5777
f 1884 5777 5722
f 1886 5716 5715
f 1873 5775 5784
f 3582 4797 4796
f 3583 4798 4797
f 3584 4799 4798
f 3585 4800 4799
f 3586 4801 4800
f 3621 4806 4809
f 3624 4809 4851
f 3677 4851 4854
f 3680 4854 4857
f 3683 4857 4922
f 3684 4899 4801
f 3685 4900 4899
f 3686 4901 4900
f 3688 4903 4901
f 3689 4904 4903
f 3690 4905 4904
f 3687 4902 4905
f 3744 4922 4925
f 3747 4925 4930
f 3750 4930 4988
f 3803 4988 4991
f 3809 4994 5088
f 3806 4991 4994
f 3810 5025 5038
f 3812 5027 5025
f 3815 5030 5026
f 3811 5026 5027
f 3813 5028 5031
f 3814 5029 5028
f 3816 5031 5030
f 3834 5032 4902
f 3835 5033 5032
f 3836 5034 5033
f 3838 5036 5035
f 3837 5035 5034
f 3839 5037 5036
f 3840 5038 5037
f 3891 5088 5091
f 3894 5091 5094
f 3897 5094 5156
f 3942 5156 5114
f 3937 5114 5117
f 3940 5117 5262
f 4070 5268 5219
f 4037 5219 5225
f 4040 5222 5966
f 4043 5225 5222
f 4065 5262 5259
f 4062 5259 5265
f 4068 5265 5268
f 4802 4804 4803
f 4803 4805 4812
f 4803 4804 4805
f 4805 4826 4812
f 4804 4840 4805
f 4805 4841 4826
f 4805 4840 4841
f 4826 4841 4842
f 4806 4807 4810
f 4806 4810 4809
f 4807 4808 4811
f 4807 4811 4810
f 4808 4819 4833
f 4808 4833 4811
f 4809 4810 4852
f 4809 4852 4851
f 4810 4811 4853
f 4811 4833 4872
f 4810 4853 4852
f 4811 4872 4853
f 4812 4826 4813
f 4813 4827 4814
f 4814 4828 4815
f 4815 4829 4816
f 4816 4830 4817
f 4822 4825 4839
f 4820 4821 4835
f 4821 4822 4836
f 4817 4831 4823
f 4823 4837 4824
f 4824 4838 4825
f 4813 4826 4827
f 4814 4827 4828
f 4816 4829 4830
f 4815 4828 4829
f 4817 4830 4831
f 4826 4842 4827
f 4827 4860 4828
f 4828 4861 4829
f 4827 4842 4860
f 4828 4860 4861
f 4829 4862 4830
f 4830 4863 4831
f 4830 4862 4863
f 4829 4861 4862
f 4831 4863 4864
f 4818 4832 4819
f 4819 4832 4833
f 4818 4820 4834
f 4818 4834 4832
f 4820 4835 4834
f 4821 4836 4835
f 4822 4839 4836
f 4836 4839 4882
f 4836 4882 4874
f 4832 4871 4833
f 4832 4834 4870
f 4833 4871 4872
f 4832 4870 4871
f 4834 4835 4873
f 4835 4836 4874
f 4835 4874 4873
f 4834 4873 4870
f 4823 4831 4837
f 4824 4837 4838
f 4825 4838 4839
f 4831 4864 4837
f 4837 4880 4838
f 4838 4881 4839
f 4837 4864 4880
f 4838 4880 4881
f 4839 4881 4882
f 4840 4843 4841
f 4841 4843 4844
f 4841 4844 4842
f 4842 4844 4845
f 4843 4846 4844
f 4844 4847 4845
f 4845 4848 4865
f 4844 4846 4847
f 4845 4847 4848
f 4846 4849 4847
f 4847 4850 4848
f 4848 4906 4886
f 4847 4849 4850
f 4848 4850 4906
f 4886 4906 4907
f 4851 4852 4855
f 4852 4853 4856
f 4853 4872 4877
f 4851 4855 4854
f 4852 4856 4855
f 4853 4877 4856
f 4854 4855 4858
f 4854 4858 4857
f 4855 4856 4859
f 4856 4877 4895
f 4855 4859 4858
f 4856 4895 4859
f 4857 4858 4923
f 4857 4923 4922
f 4859 4895 4945
f 4858 4859 4924
f 4859 4945 4924
f 4858 4924 4923
f 4842 4845 4860
f 4860 4865 4861
f 4861 4866 4862
f 4864 4869 4880
f 4862 4867 4863
f 4863 4868 4864
f 4845 4865 4860
f 4861 4865 4866
f 4862 4866 4867
f 4865 4886 4866
f 4866 4888 4867
f 4869 4891 4884
f 4863 4867 4868
f 4864 4868 4869
f 4867 4887 4868
f 4868 4890 4869
f 4874 4882 4885
f 4870 4876 4871
f 4871 4878 4872
f 4870 4873 4879
f 4873 4874 4875
f 4874 4885 4875
f 4872 4878 4877
f 4871 4876 4878
f 4873 4875 4879
f 4870 4879 4876
f 4880 4884 4881
f 4881 4883 4882
f 4869 4884 4880
f 4881 4884 4883
f 4882 4883 4885
f 4883 4884 4889
f 4848 4886 4865
f 4866 4886 4888
f 4867 4888 4887
f 4884 4891 4889
f 4868 4887 4890
f 4869 4890 4891
f 4886 4907 4888
f 4887 4888 4931
f 4888 4907 4931
f 4887 4931 4932
f 4889 4891 4935
f 4889 4935 4933
f 4887 4932 4890
f 4890 4934 4891
f 4890 4932 4934
f 4891 4934 4935
f 4875 4885 4898
f 4875 4892 4879
f 4875 4898 4892
f 4876 4894 4878
f 4877 4878 4893
f 4878 4894 4893
f 4877 4893 4895
f 4876 4879 4896
f 4879 4892 4896
f 4876 4896 4894
f 4892 4898 4953
f 4892 4943 4896
f 4896 4943 4942
f 4892 4953 4943
f 4893 4944 4895
f 4893 4894 4946
f 4895 4944 4945
f 4893 4946 4944
f 4894 4896 4942
f 4894 4942 4946
f 4883 4897 4885
f 4883 4889 4897
f 4885 4897 4898
f 4897 4952 4898
f 4889 4933 4897
f 4898 4952 4953
f 4897 4933 4952
f 4849 4908 4850
f 4850 4908 4909
f 4850 4909 4906
f 4906 4910 4907
f 4906 4909 4910
f 4907 4910 4911
f 4908 4912 4909
f 4909 4913 4910
f 4910 4914 4911
f 4911 4915 4936
f 4909 4912 4913
f 4912 4917 4913
f 4910 4913 4914
f 4911 4914 4915
f 4915 4916 4936
f 4913 4917 4918
f 4913 4918 4914
f 4914 4918 4919
f 4914 4919 4915
f 4915 4919 4920
f 4915 4920 4916
f 4916 4921 4955
f 4916 4920 4921
f 4921 4967 4955
f 4922 4923 4926
f 4923 4924 4927
f 4924 4945 4951
f 4922 4926 4925
f 4923 4927 4926
f 4924 4951 4927
f 4927 4965 4929
f 4925 4926 4928
f 4925 4928 4930
f 4926 4927 4929
f 4927 4951 4965
f 4926 4929 4928
f 4928 4989 4930
f 4930 4989 4988
f 4928 4929 4990
f 4929 4965 5013
f 4928 4990 4989
f 4929 5013 4990
f 4907 4911 4931
f 4931 4936 4932
f 4911 4936 4931
f 4932 4936 4937
f 4932 4937 4934
f 4933 4935 4941
f 4933 4940 4952
f 4934 4938 4935
f 4934 4937 4938
f 4916 4937 4936
f 4937 4955 4938
f 4938 4956 4941
f 4933 4941 4940
f 4939 4952 4940
f 4940 4941 4960
f 4939 4940 4957
f 4935 4938 4941
f 4943 4953 4954
f 4942 4950 4946
f 4942 4943 4949
f 4944 4947 4945
f 4944 4946 4948
f 4943 4954 4949
f 4942 4949 4950
f 4946 4950 4948
f 4945 4947 4951
f 4944 4948 4947
f 4939 4953 4952
f 4939 4954 4953
f 4959 5005 4963
f 4963 5005 4997
f 4916 4955 4937
f 4938 4955 4956
f 4941 4956 4960
f 4940 4960 4957
f 4939 4958 4954
f 4954 4958 4959
f 4939 4957 4958
f 4955 4967 4956
f 4956 5001 4960
f 4956 4967 5001
f 4960 5001 5002
f 4957 4960 5002
f 4957 5004 4958
f 4958 5003 4959
f 4957 5002 5004
f 4958 5004 5003
f 4959 5003 5005
f 4947 4964 4951
f 4947 4948 4961
f 4951 4964 4965
f 4947 4961 4964
f 4949 4954 4959
f 4949 4963 4950
f 4949 4959 4963
f 4948 4950 4962
f 4950 4963 4962
f 4948 4962 4961
f 4964 5011 4965
f 4961 5012 4964
f 4964 5012 5011
f 4965 5011 5013
f 4961 4962 5014
f 4962 4963 4997
f 4962 4997 5014
f 4961 5014 5012
f 4966 4973 4968
f 4968 4973 4974
f 4917 4966 4918
f 4918 4968 4919
f 4919 4969 4920
f 4918 4966 4968
f 4919 4968 4969
f 4920 4969 4970
f 4920 4970 4921
f 4921 4971 4967
f 4921 4970 4971
f 4967 4971 4972
f 4968 4974 4969
f 4969 4974 4978
f 4969 4978 4970
f 4970 4979 4971
f 4971 4980 4972
f 4972 4981 5008
f 4973 4975 4974
f 4974 4976 4978
f 4975 5056 4976
f 4974 4975 4976
f 4976 4977 4978
f 4970 4978 4979
f 4971 4979 4980
f 4977 4979 4978
f 4979 4984 4980
f 4972 4980 4981
f 4981 4982 5008
f 4977 4984 4979
f 4980 4986 4981
f 4980 4984 4986
f 4981 4986 4985
f 4983 5061 5022
f 5022 5061 5060
f 4981 4985 4982
f 4982 4987 4983
f 4982 4985 4987
f 4983 4987 5061
f 4988 4989 4992
f 4990 5013 5015
f 4989 4990 4993
f 4988 4992 4991
f 4989 4993 4992
f 4990 5015 4993
f 4994 4995 5090
f 4994 5090 5088
f 4995 4996 5089
f 4996 5021 5099
f 4995 5089 5090
f 4996 5099 5089
f 4991 4992 4995
f 4991 4995 4994
f 4992 4993 4996
f 4993 5015 5021
f 4992 4996 4995
f 4993 5021 4996
f 4997 5005 5010
f 4997 5000 5014
f 4998 5012 4999
f 4999 5014 5000
f 4997 5010 5000
f 5002 5009 5004
f 4967 4972 5001
f 5001 5008 5002
f 4972 5008 5001
f 5002 5008 5009
f 5003 5007 5005
f 5003 5004 5006
f 5004 5009 5006
f 4983 5006 5009
f 5007 5023 5010
f 5006 5022 5007
f 4982 5009 5008
f 5005 5007 5010
f 5003 5006 5007
f 5011 5016 5013
f 4998 5011 5012
f 4999 5012 5014
f 5013 5016 5015
f 4998 5016 5011
f 5015 5016 5020
f 4998 5017 5016
f 5015 5020 5021
f 5016 5017 5020
f 5000 5010 5024
f 4999 5000 5019
f 5000 5024 5019
f 4998 4999 5018
f 4999 5019 5018
f 4998 5018 5017
f 5019 5024 5108
f 5019 5108 5098
f 5017 5101 5020
f 5020 5100 5021
f 5020 5101 5100
f 5021 5100 5099
f 5017 5018 5097
f 5018 5019 5098
f 5017 5097 5101
f 5018 5098 5097
f 4983 5022 5006
f 5010 5023 5024
f 5007 5022 5023
f 4982 4983 5009
f 5022 5060 5023
f 5023 5107 5024
f 5023 5060 5107
f 5024 5107 5108
f 5039 5069 5068
f 5039 5040 5069
f 5039 5041 5040
f 5040 5042 5074
f 5041 5044 5042
f 5040 5041 5042
f 5042 5043 5074
f 5042 5044 5045
f 5042 5045 5043
f 5043 5045 5046
f 5043 5046 5120
f 5046 5048 5120
f 5048 5049 5122
f 5047 5163 5050
f 5050 5163 5164
f 5051 5164 5165
f 5044 5047 5045
f 5045 5050 5046
f 5045 5047 5050
f 5046 5050 5051
f 5046 5051 5048
f 5048 5052 5049
f 5048 5051 5052
f 5049 5052 5053
f 5049 5053 5141
f 5050 5164 5051
f 5051 5165 5052
f 5052 5171 5053
f 5053 5054 5141
f 5053 5173 5054
f 5054 5172 5055
f 5055 5175 5149
f 4976 5056 5057
f 4976 5057 4977
f 4977 5058 4984
f 4977 5057 5058
f 4984 5058 5059
f 5056 5068 5057
f 5057 5069 5058
f 5057 5068 5069
f 5058 5069 5070
f 5058 5070 5059
f 5059 5071 5063
f 5059 5070 5071
f 5063 5071 5073
f 5085 5106 5109
f 4984 5059 4986
f 4985 4986 5063
f 4985 5062 4987
f 4986 5059 5063
f 4985 5063 5062
f 4987 5062 5064
f 5060 5061 5067
f 5060 5065 5107
f 5060 5067 5065
f 5065 5066 5107
f 4987 5064 5061
f 5061 5064 5067
f 5062 5072 5064
f 5062 5063 5073
f 5064 5082 5067
f 5065 5067 5083
f 5065 5081 5066
f 5066 5084 5109
f 5040 5070 5069
f 5070 5074 5071
f 5062 5073 5072
f 5071 5075 5073
f 5072 5076 5082
f 5072 5073 5077
f 5040 5074 5070
f 5071 5074 5075
f 5043 5075 5074
f 5075 5120 5077
f 5073 5075 5077
f 5072 5077 5076
f 5076 5078 5082
f 5080 5106 5085
f 5111 5128 5127
f 5080 5085 5137
f 5079 5129 5112
f 5079 5080 5130
f 5080 5137 5130
f 5079 5130 5129
f 5112 5129 5128
f 5064 5072 5082
f 5067 5082 5083
f 5078 5083 5082
f 5065 5083 5081
f 5066 5081 5084
f 5084 5085 5109
f 5081 5083 5087
f 5081 5086 5084
f 5081 5087 5086
f 5084 5086 5136
f 5078 5087 5083
f 5084 5136 5085
f 5085 5136 5137
f 5088 5090 5092
f 5089 5093 5090
f 5089 5099 5102
f 5088 5092 5091
f 5090 5093 5092
f 5089 5102 5093
f 5091 5092 5095
f 5091 5095 5094
f 5092 5093 5096
f 5093 5102 5110
f 5092 5096 5095
f 5093 5110 5096
f 5094 5095 5157
f 5094 5157 5156
f 5095 5096 5113
f 5096 5110 5126
f 5095 5113 5157
f 5096 5126 5113
f 5098 5108 5109
f 5097 5105 5101
f 5097 5098 5106
f 5099 5100 5103
f 5100 5101 5104
f 5100 5104 5103
f 5098 5109 5106
f 5097 5106 5105
f 5101 5105 5104
f 5080 5105 5106
f 5099 5103 5102
f 5066 5108 5107
f 5066 5109 5108
f 5102 5103 5111
f 5103 5104 5112
f 5103 5112 5111
f 5102 5111 5110
f 5079 5104 5105
f 5079 5105 5080
f 5079 5112 5104
f 5110 5111 5127
f 5111 5112 5128
f 5110 5127 5126
f 5115 5156 5157
f 5113 5116 5157
f 5113 5126 5134
f 5114 5156 5115
f 5115 5157 5116
f 5113 5134 5116
f 5116 5152 5119
f 5114 5115 5118
f 5114 5118 5117
f 5115 5116 5119
f 5115 5119 5118
f 5116 5134 5152
f 5117 5118 5263
f 5117 5263 5262
f 5118 5119 5264
f 5119 5152 5280
f 5118 5264 5263
f 5119 5280 5264
f 5043 5120 5075
f 5077 5120 5122
f 5076 5122 5121
f 5086 5125 5123
f 5076 5121 5078
f 5076 5077 5122
f 5078 5124 5087
f 5078 5121 5124
f 5087 5124 5125
f 5048 5122 5120
f 5049 5121 5122
f 5121 5141 5124
f 5049 5141 5121
f 5124 5141 5142
f 5123 5125 5143
f 5123 5144 5138
f 5124 5142 5125
f 5125 5142 5143
f 5130 5137 5139
f 5130 5139 5132
f 5127 5128 5135
f 5126 5127 5133
f 5128 5129 5131
f 5129 5130 5132
f 5133 5135 5151
f 5129 5132 5131
f 5132 5139 5146
f 5131 5154 5135
f 5131 5132 5155
f 5126 5133 5134
f 5127 5135 5133
f 5133 5153 5134
f 5128 5131 5135
f 5086 5087 5125
f 5086 5123 5136
f 5136 5138 5137
f 5123 5138 5136
f 5137 5138 5139
f 5138 5145 5139
f 5146 5150 5155
f 5140 5154 5155
f 5151 5272 5271
f 5140 5272 5154
f 5140 5155 5150
f 5143 5149 5144
f 5054 5142 5141
f 5055 5143 5142
f 5123 5143 5144
f 5139 5145 5146
f 5138 5144 5145
f 5145 5147 5146
f 5144 5148 5145
f 5144 5149 5148
f 5054 5055 5142
f 5055 5149 5143
f 5146 5147 5150
f 5145 5148 5147
f 5134 5153 5152
f 5133 5151 5153
f 5131 5155 5154
f 5132 5146 5155
f 5135 5154 5151
f 5152 5153 5270
f 5151 5271 5153
f 5152 5270 5280
f 5153 5271 5270
f 5151 5154 5272
f 5158 5159 5179
f 5159 5160 5179
f 5160 5180 5179
f 5160 5161 5180
f 5164 5166 5167
f 5163 5166 5164
f 5164 5167 5165
f 5165 5168 5171
f 5158 5167 5166
f 5167 5179 5168
f 5165 5167 5168
f 5168 5169 5171
f 5168 5180 5169
f 5052 5165 5171
f 5053 5171 5173
f 5169 5173 5171
f 5055 5172 5175
f 5054 5173 5172
f 5149 5175 5176
f 5169 5170 5173
f 5170 5177 5172
f 5172 5177 5175
f 5170 5172 5173
f 5175 5177 5178
f 5174 5176 5190
f 5174 5191 5278
f 5174 5190 5191
f 5192 5193 5279
f 5191 5192 5278
f 5175 5178 5176
f 5176 5178 5190
f 5158 5179 5167
f 5168 5179 5180
f 5169 5180 5181
f 5169 5181 5170
f 5170 5182 5177
f 5170 5181 5182
f 5177 5182 5183
f 5161 5181 5180
f 5181 5228 5182
f 5161 5228 5181
f 5182 5228 5229
f 5183 5229 5230
f 5182 5229 5183
f 5183 5230 5184
f 5184 5230 5233
f 5184 5233 5196
f 5193 5197 5284
f 5189 5285 5284
f 5186 5283 5187
f 5189 5284 5197
f 5188 5285 5189
f 5187 5281 5188
f 5190 5196 5191
f 5191 5196 5194
f 5177 5183 5178
f 5178 5184 5190
f 5178 5183 5184
f 5184 5196 5190
f 5192 5195 5193
f 5191 5194 5192
f 5192 5194 5195
f 5194 5196 5234
f 5194 5232 5195
f 5195 5231 5197
f 5193 5195 5197
f 5198 5205 5200
f 5159 5199 5160
f 5160 5199 5200
f 5160 5200 5161
f 5161 5201 5228
f 5202 5229 5228
f 5161 5200 5201
f 5201 5202 5228
f 5202 5204 5229
f 5198 5200 5199
f 5200 5205 5201
f 5201 5211 5202
f 5201 5205 5211
f 5202 5211 5212
f 5202 5212 5204
f 5203 5204 5213
f 5203 5214 5236
f 5205 5206 5207
f 5198 5206 5205
f 5205 5207 5211
f 5207 5208 5211
f 5208 5212 5211
f 5206 5697 5207
f 5207 5697 5698
f 5207 5698 5208
f 5208 5209 5212
f 5208 5930 5209
f 5209 5931 5210
f 5204 5212 5213
f 5209 5213 5212
f 5210 5214 5213
f 5203 5213 5214
f 5214 5215 5236
f 5215 5216 5237
f 5209 5210 5213
f 5210 5217 5214
f 5214 5217 5215
f 5215 5217 5218
f 5216 5943 5253
f 5253 5945 5255
f 5253 5943 5945
f 5256 5944 5946
f 5255 5945 5944
f 5215 5218 5216
f 5216 5218 5943
f 5220 5268 5269
f 5219 5268 5220
f 5162 5221 5269
f 5162 5185 5243
f 5220 5269 5221
f 5162 5243 5221
f 5219 5220 5226
f 5219 5226 5225
f 5220 5221 5227
f 5220 5227 5226
f 5221 5243 5257
f 5221 5257 5227
f 5227 5257 5252
f 5222 5225 5223
f 5222 5223 5967
f 5223 5226 5224
f 5224 5227 5252
f 5223 5224 5968
f 5224 5252 5969
f 5223 5225 5226
f 5224 5226 5227
f 5239 5254 5247
f 5204 5230 5229
f 5203 5233 5230
f 5233 5236 5234
f 5194 5234 5232
f 5232 5234 5237
f 5196 5233 5234
f 5203 5236 5233
f 5203 5230 5204
f 5234 5236 5237
f 5232 5237 5235
f 5231 5235 5238
f 5231 5238 5244
f 5231 5232 5235
f 5238 5254 5244
f 5189 5197 5244
f 5189 5244 5239
f 5188 5239 5240
f 5186 5187 5242
f 5185 5186 5241
f 5185 5241 5243
f 5186 5242 5241
f 5187 5188 5240
f 5188 5189 5239
f 5187 5240 5242
f 5241 5258 5243
f 5241 5242 5245
f 5243 5258 5257
f 5241 5245 5258
f 5240 5246 5242
f 5239 5244 5254
f 5239 5247 5240
f 5240 5247 5246
f 5242 5246 5245
f 5197 5231 5244
f 5195 5232 5231
f 5247 5256 5249
f 5250 5257 5258
f 5245 5251 5258
f 5247 5254 5256
f 5246 5249 5248
f 5246 5247 5249
f 5245 5246 5248
f 5250 5970 5252
f 5250 5251 5971
f 5249 5256 5946
f 5248 5972 5251
f 5248 5249 5937
f 5250 5258 5251
f 5250 5252 5257
f 5245 5248 5251
f 5216 5235 5237
f 5238 5255 5254
f 5235 5253 5238
f 5216 5253 5235
f 5238 5253 5255
f 5254 5255 5256
f 5215 5237 5236
f 5255 5944 5256
f 5261 5262 5263
f 5260 5263 5264
f 5264 5280 5275
f 5260 5264 5275
f 5259 5262 5261
f 5259 5261 5266
f 5260 5261 5263
f 5260 5267 5261
f 5260 5275 5282
f 5260 5282 5267
f 5259 5266 5265
f 5261 5267 5266
f 5265 5266 5269
f 5265 5269 5268
f 5162 5266 5267
f 5185 5267 5282
f 5162 5267 5185
f 5162 5269 5266
f 5140 5279 5274
f 5270 5271 5277
f 5270 5277 5276
f 5270 5276 5280
f 5275 5280 5276
f 5271 5272 5273
f 5140 5274 5272
f 5140 5150 5279
f 5272 5274 5273
f 5271 5273 5277
f 5276 5277 5281
f 5193 5274 5279
f 5273 5285 5277
f 5273 5274 5284
f 5275 5276 5283
f 5148 5149 5176
f 5147 5148 5174
f 5147 5278 5150
f 5148 5176 5174
f 5147 5174 5278
f 5150 5278 5279
f 5192 5279 5278
f 5275 5283 5282
f 5276 5281 5283
f 5187 5283 5281
f 5273 5284 5285
f 5193 5284 5274
f 5277 5285 5281
f 5188 5281 5285
f 5186 5282 5283
f 5185 5282 5186
f 4071 5286 5287
f 4072 5287 5288
f 4088 5294 5291
f 4083 5289 5774
f 4085 5291 5290
f 4084 5290 5289
f 4086 5292 5293
f 4087 5293 5294
f 4073 5288 5292
f 4091 5306 5307
f 4089 5304 5305
f 4090 5305 5306
f 4092 5307 5309
f 4094 5309 5308
f 4109 5310 5312
f 4112 5313 5493
f 4111 5312 5311
f 4110 5311 5313
f 4093 5308 5314
f 4113 5314 5310
f 3555 4179 5373
f 4182 5376 5373
f 4199 5398 5376
f 4202 5401 5398
f 4205 5404 5401
f 4242 5421 5404
f 4245 5424 5421
f 4466 5663 5464
f 4274 5461 5424
f 4277 5464 5461
f 4350 5493 5494
f 4351 5494 5495
f 4352 5495 5286
f 4346 5529 5669
f 4349 5533 5529
f 4795 5992 5592
f 4416 5592 5589
f 4444 5635 5638
f 4441 5632 5635
f 4447 5638 5533
f 4413 5589 5632
f 4469 5666 5663
f 4472 5669 5666
f 5312 3315 3314
f 2246 5322 5317
f 2223 5317 5503
f 2220 5499 5497
f 2222 5503 5506
f 2224 5506 5496
f 2221 5496 5499
f 2242 5315 5318
f 2247 5318 5322
f 5493 3314 5494
f 5494 3314 5495
f 5286 5495 3314
f 5286 3314 5287
f 5287 3314 5288
f 2258 5568 5570
f 2261 5497 5568
f 2257 5570 5569
f 5308 5309 3315
f 5305 3315 5306
f 5306 3315 5307
f 5307 3315 5309
f 5308 3315 5314
f 5310 3315 5312
f 5310 5314 3315
f 5311 5312 3314
f 5311 3314 5313
f 5313 3314 5493
f 5296 5569 5297
f 5296 5297 5299
f 5295 5298 5809
f 5299 5810 5809
f 5298 5299 5809
f 5299 5300 5810
f 5296 5299 5298
f 5297 5300 5299
f 5297 5597 5300
f 5301 5597 5598
f 5300 5597 5301
f 5301 5598 5303
f 5300 5301 5811
f 5301 5303 5812
f 5302 5303 5607
f 5315 5428 5316
f 5315 5316 5319
f 5318 5319 5323
f 5318 5323 5322
f 5315 5319 5318
f 5316 5436 5320
f 5316 5320 5319
f 5320 5436 5321
f 5319 5320 5324
f 5320 5321 5325
f 5319 5324 5323
f 5322 5323 5511
f 5317 5322 5511
f 5323 5512 5511
f 5323 5324 5512
f 5324 5325 5513
f 5324 5513 5512
f 5320 5325 5324
f 5321 5326 5325
f 5321 5469 5326
f 5326 5469 5327
f 5325 5326 5514
f 5326 5327 5515
f 5327 5328 5517
f 5329 5330 5338
f 5329 5338 5348
f 3511 5331 5330
f 3511 3512 5331
f 3512 3517 5332
f 3512 5332 5331
f 5330 5331 5338
f 3517 5335 5332
f 3517 3518 5335
f 3518 5334 5336
f 5333 5386 5342
f 5333 5337 5334
f 3518 5336 5335
f 5333 5342 5337
f 5334 5337 5336
f 5331 5339 5338
f 5331 5332 5339
f 5332 5335 5340
f 5332 5340 5339
f 5335 5341 5340
f 5338 5339 5349
f 5339 5340 5355
f 5335 5336 5341
f 5336 5337 5344
f 5336 5344 5341
f 5337 5342 5345
f 5342 5397 5346
f 5343 5346 5397
f 5337 5345 5344
f 5342 5346 5345
f 5329 5348 5347
f 5338 5349 5348
f 5347 5348 5352
f 5347 5352 5350
f 5348 5353 5352
f 5348 5349 5353
f 5349 5355 5354
f 5350 5352 5427
f 5350 5427 5351
f 5349 5354 5353
f 5352 5353 5431
f 5352 5431 5427
f 5353 5432 5431
f 5353 5354 5432
f 5354 5366 5434
f 5354 5434 5432
f 5339 5355 5349
f 5340 5357 5355
f 5340 5341 5357
f 5341 5344 5356
f 5344 5361 5356
f 5341 5356 5357
f 5355 5357 5366
f 5356 5361 5368
f 5356 5367 5357
f 5343 5360 5346
f 5343 5413 5358
f 5344 5345 5361
f 5345 5346 5362
f 5345 5362 5361
f 5346 5360 5362
f 5358 5413 5359
f 5343 5358 5360
f 5359 5412 5365
f 5363 5364 5418
f 5359 5365 5371
f 5364 5365 5412
f 5354 5355 5366
f 5357 5367 5366
f 5356 5368 5367
f 5361 5369 5368
f 5369 5370 5452
f 5367 5368 5448
f 5366 5367 5433
f 5368 5369 5449
f 5360 5370 5362
f 5358 5372 5360
f 5358 5371 5372
f 5362 5370 5369
f 5360 5372 5370
f 5358 5359 5371
f 5361 5362 5369
f 3556 5373 5374
f 3557 5374 5375
f 3579 5375 5380
f 5373 5376 5374
f 5374 5377 5375
f 5375 5378 5380
f 5374 5376 5377
f 5375 5377 5378
f 5378 5390 5380
f 5376 5398 5377
f 5377 5398 5399
f 5377 5399 5378
f 5378 5400 5390
f 5378 5399 5400
f 5390 5400 5407
f 5388 5389 5395
f 3580 5380 5379
f 3566 5379 5381
f 3568 5382 5383
f 3574 5383 5388
f 3567 5381 5382
f 5381 5391 5392
f 5379 5380 5390
f 5379 5391 5381
f 5382 5393 5383
f 5381 5392 5382
f 5383 5389 5388
f 5382 5392 5393
f 5383 5393 5389
f 5386 5387 5397
f 5384 5394 5387
f 5384 5396 5394
f 5387 5394 5397
f 5385 5388 5395
f 5384 5385 5396
f 5385 5395 5396
f 5342 5386 5397
f 5392 5408 5409
f 5389 5393 5410
f 5389 5411 5395
f 5393 5409 5410
f 5389 5410 5411
f 5395 5411 5414
f 5379 5390 5391
f 5390 5407 5391
f 5391 5408 5392
f 5391 5407 5408
f 5392 5409 5393
f 5343 5397 5394
f 5394 5396 5413
f 5395 5414 5396
f 5396 5414 5413
f 5343 5394 5413
f 5398 5401 5399
f 5399 5401 5402
f 5399 5402 5400
f 5400 5403 5407
f 5400 5402 5403
f 5403 5417 5407
f 5401 5404 5402
f 5403 5406 5417
f 5402 5405 5403
f 5402 5404 5405
f 5403 5405 5406
f 5406 5419 5417
f 5407 5417 5408
f 5408 5415 5409
f 5410 5418 5411
f 5411 5412 5414
f 5409 5416 5410
f 5408 5417 5415
f 5409 5415 5416
f 5410 5416 5418
f 5359 5414 5412
f 5411 5418 5412
f 5359 5413 5414
f 5415 5417 5419
f 5415 5420 5416
f 5363 5418 5416
f 5364 5412 5418
f 5415 5419 5420
f 5363 5416 5420
f 5405 5421 5422
f 5406 5422 5423
f 5419 5423 5444
f 5426 5463 5456
f 5422 5424 5425
f 5421 5424 5422
f 5423 5425 5426
f 5426 5456 5444
f 5422 5425 5423
f 5423 5426 5444
f 5351 5427 5429
f 5427 5431 5430
f 5351 5429 5428
f 5427 5430 5429
f 5430 5431 5435
f 5431 5432 5435
f 5366 5433 5434
f 5432 5434 5440
f 5432 5440 5435
f 5434 5439 5440
f 5433 5448 5441
f 5433 5439 5434
f 5433 5441 5439
f 5316 5428 5429
f 5429 5430 5436
f 5316 5429 5436
f 5430 5435 5437
f 5435 5440 5438
f 5430 5437 5436
f 5435 5438 5437
f 5438 5440 5467
f 5439 5467 5440
f 5441 5448 5442
f 5442 5459 5472
f 5442 5472 5476
f 5459 5474 5472
f 5439 5441 5475
f 5439 5475 5467
f 5441 5476 5475
f 5441 5442 5476
f 5447 5455 5451
f 5419 5444 5420
f 5363 5420 5445
f 5365 5447 5371
f 5371 5447 5451
f 5365 5446 5447
f 5363 5443 5364
f 5364 5446 5365
f 5364 5443 5446
f 5420 5444 5445
f 5363 5445 5443
f 5369 5452 5449
f 5370 5450 5452
f 5367 5448 5433
f 5368 5449 5448
f 5449 5452 5459
f 5450 5451 5460
f 5450 5458 5452
f 5442 5448 5449
f 5371 5451 5372
f 5370 5372 5450
f 5372 5451 5450
f 5451 5455 5460
f 5447 5454 5455
f 5456 5490 5457
f 5453 5457 5491
f 5455 5489 5460
f 5454 5488 5455
f 5453 5487 5454
f 5444 5456 5445
f 5443 5445 5457
f 5445 5456 5457
f 5443 5457 5453
f 5443 5453 5446
f 5446 5454 5447
f 5446 5453 5454
f 5442 5449 5459
f 5452 5458 5459
f 5450 5460 5458
f 5458 5474 5459
f 5458 5460 5473
f 5464 5663 5465
f 5465 5663 5665
f 5465 5665 5466
f 5466 5664 5492
f 5466 5665 5664
f 5492 5664 5676
f 5425 5461 5462
f 5426 5462 5463
f 5456 5463 5490
f 5461 5464 5462
f 5462 5465 5463
f 5463 5466 5490
f 5424 5461 5425
f 5425 5462 5426
f 5462 5464 5465
f 5463 5465 5466
f 5466 5492 5490
f 5473 5489 5479
f 5473 5479 5485
f 5479 5489 5480
f 5321 5436 5437
f 5437 5438 5469
f 5321 5437 5469
f 5467 5475 5470
f 5438 5467 5468
f 5438 5468 5469
f 5467 5470 5468
f 5470 5475 5471
f 5472 5486 5476
f 5471 5475 5476
f 5471 5476 5486
f 5474 5485 5484
f 5472 5484 5486
f 5473 5485 5474
f 5472 5474 5484
f 5479 5672 5485
f 5478 5480 5488
f 5478 5677 5678
f 5477 5492 5676
f 5477 5677 5478
f 5477 5676 5677
f 5479 5480 5679
f 5480 5678 5679
f 5479 5679 5672
f 5485 5672 5680
f 5478 5678 5480
f 5471 5486 5481
f 5482 5486 5484
f 5328 5468 5470
f 5327 5469 5468
f 5327 5468 5328
f 5328 5470 5483
f 5470 5471 5483
f 5471 5481 5483
f 5482 5484 5680
f 5481 5486 5482
f 5484 5485 5680
f 5457 5490 5491
f 5453 5491 5487
f 5460 5489 5473
f 5455 5488 5489
f 5454 5487 5488
f 5490 5492 5491
f 5477 5487 5491
f 5480 5489 5488
f 5478 5488 5487
f 5458 5473 5474
f 5477 5491 5492
f 5477 5478 5487
f 5404 5421 5405
f 5405 5422 5406
f 5406 5423 5419
f 5496 5535 5500
f 5496 5500 5499
f 5500 5535 5501
f 5497 5499 5498
f 5498 5499 5500
f 5500 5501 5502
f 5498 5500 5502
f 5501 5578 5502
f 5501 5543 5578
f 5543 5544 5579
f 5543 5579 5578
f 5544 5580 5579
f 5317 5511 5504
f 5317 5504 5503
f 5504 5511 5505
f 5503 5507 5506
f 5506 5507 5535
f 5507 5508 5536
f 5503 5504 5507
f 5504 5505 5508
f 5504 5508 5507
f 5505 5521 5509
f 5510 5521 5522
f 5505 5509 5508
f 5509 5521 5510
f 5510 5522 5539
f 5505 5511 5512
f 5325 5514 5513
f 5505 5512 5521
f 5512 5513 5521
f 5513 5522 5521
f 5513 5514 5522
f 5514 5515 5523
f 5514 5523 5522
f 5483 5516 5518
f 5327 5517 5515
f 5326 5515 5514
f 5328 5483 5518
f 5328 5518 5517
f 5516 5526 5518
f 5515 5517 5524
f 5517 5518 5525
f 5519 5528 5681
f 5519 5555 5528
f 5522 5523 5539
f 5515 5524 5523
f 5525 5526 5558
f 5525 5558 5560
f 5523 5524 5559
f 5523 5559 5539
f 5524 5560 5559
f 5524 5525 5560
f 5518 5526 5525
f 5516 5527 5526
f 5528 5682 5681
f 5516 5682 5527
f 5527 5682 5528
f 5517 5525 5524
f 5527 5528 5557
f 5526 5527 5556
f 5529 5530 5670
f 5530 5531 5671
f 5531 5553 5685
f 5529 5533 5530
f 5530 5534 5531
f 5531 5532 5553
f 5533 5638 5534
f 5532 5534 5639
f 5532 5640 5561
f 5530 5533 5534
f 5531 5534 5532
f 5532 5561 5553
f 5496 5506 5535
f 5507 5536 5535
f 5508 5537 5536
f 5501 5535 5536
f 5536 5537 5543
f 5537 5538 5544
f 5508 5509 5537
f 5509 5510 5538
f 5509 5538 5537
f 5510 5540 5538
f 5539 5559 5541
f 5510 5539 5540
f 5542 5560 5548
f 5539 5541 5540
f 5541 5559 5542
f 5564 5643 5644
f 5566 5644 5652
f 5501 5536 5543
f 5537 5544 5543
f 5538 5545 5544
f 5538 5540 5545
f 5540 5546 5545
f 5545 5546 5647
f 5544 5545 5580
f 5546 5547 5651
f 5566 5652 5567
f 5542 5548 5550
f 5548 5567 5549
f 5540 5541 5546
f 5541 5542 5547
f 5541 5547 5546
f 5548 5549 5550
f 5542 5550 5547
f 5549 5567 5652
f 5555 5564 5557
f 5554 5565 5555
f 5557 5564 5566
f 5553 5686 5685
f 5551 5687 5686
f 5551 5686 5553
f 5551 5552 5687
f 5528 5555 5557
f 5520 5552 5554
f 5519 5554 5555
f 5519 5520 5554
f 5520 5687 5552
f 5551 5553 5561
f 5551 5562 5552
f 5552 5563 5554
f 5526 5556 5558
f 5542 5559 5560
f 5556 5567 5558
f 5548 5560 5558
f 5556 5566 5567
f 5548 5558 5567
f 5556 5557 5566
f 5527 5557 5556
f 5552 5562 5563
f 5554 5563 5565
f 5555 5565 5564
f 5562 5661 5563
f 5562 5662 5661
f 5563 5661 5642
f 5561 5662 5562
f 5564 5565 5643
f 5563 5642 5565
f 5564 5644 5566
f 5565 5642 5643
f 5551 5561 5562
f 5568 5571 5570
f 5568 5574 5571
f 5569 5570 5595
f 5570 5571 5595
f 5571 5596 5595
f 5571 5574 5572
f 5572 5575 5573
f 5571 5572 5596
f 5572 5599 5596
f 5572 5573 5599
f 5573 5581 5600
f 5581 5582 5601
f 5497 5498 5574
f 5497 5574 5568
f 5498 5575 5574
f 5498 5502 5575
f 5502 5578 5576
f 5572 5574 5575
f 5502 5576 5575
f 5576 5578 5577
f 5577 5578 5579
f 5577 5579 5586
f 5579 5580 5586
f 5580 5587 5586
f 5580 5647 5587
f 5588 5647 5651
f 5587 5647 5588
f 5615 5660 5657
f 5573 5575 5576
f 5576 5577 5581
f 5573 5576 5581
f 5577 5582 5581
f 5583 5586 5587
f 5577 5586 5582
f 5582 5586 5583
f 5583 5587 5620
f 5585 5588 5651
f 5584 5585 5648
f 5587 5588 5620
f 5585 5619 5588
f 5584 5624 5623
f 5588 5619 5620
f 5585 5623 5619
f 5584 5623 5585
f 5584 5660 5624
f 5589 5592 5590
f 5590 5593 5591
f 5591 5594 5618
f 5592 5992 5593
f 5593 5992 5993
f 5626 5994 6010
f 5593 5993 5594
f 5594 5994 5626
f 5594 5993 5994
f 5590 5592 5593
f 5591 5593 5594
f 5594 5626 5618
f 5297 5569 5595
f 5595 5596 5597
f 5596 5599 5598
f 5297 5595 5597
f 5596 5598 5597
f 5599 5600 5607
f 5598 5599 5607
f 5600 5608 5607
f 5573 5600 5599
f 5581 5601 5600
f 5582 5602 5601
f 5600 5601 5608
f 5601 5602 5609
f 5602 5603 5610
f 5606 5613 5631
f 5303 5598 5607
f 5302 5607 5608
f 5610 5612 6000
f 5610 6000 6004
f 5302 5608 6003
f 5609 6004 6003
f 5608 5609 6003
f 5609 5610 6004
f 5603 5612 5610
f 5603 5622 5612
f 5611 5622 5621
f 5611 5621 5613
f 5611 5612 5622
f 5601 5609 5608
f 5602 5610 5609
f 5611 5613 6002
f 5611 6001 5612
f 5615 5628 5629
f 5624 5629 5631
f 5614 5653 5617
f 5614 5616 5656
f 5615 5657 5616
f 5615 5624 5660
f 5614 5617 5627
f 5614 5627 5625
f 5617 5618 5626
f 5615 5616 5628
f 5614 5625 5616
f 5615 5629 5624
f 5616 5625 5628
f 5623 5624 5631
f 5619 5622 5620
f 5619 5623 5621
f 5582 5583 5602
f 5583 5620 5603
f 5583 5603 5602
f 5603 5620 5622
f 5619 5621 5622
f 5621 5623 5631
f 5625 5627 5630
f 5605 5629 5628
f 5606 5631 5629
f 5604 5628 5625
f 5604 5625 5630
f 5627 6010 5630
f 5626 6010 5627
f 5604 5605 5628
f 5605 5606 5629
f 5617 5626 5627
f 5613 5621 5631
f 5635 5639 5638
f 5635 5636 5639
f 5636 5640 5639
f 5637 5662 5640
f 5636 5637 5640
f 5637 5658 5662
f 5632 5633 5636
f 5633 5634 5637
f 5634 5654 5658
f 5632 5636 5635
f 5633 5637 5636
f 5634 5658 5637
f 5534 5638 5639
f 5532 5639 5640
f 5561 5640 5662
f 5642 5661 5659
f 5641 5652 5644
f 5643 5646 5644
f 5642 5645 5643
f 5642 5659 5645
f 5658 5661 5662
f 5658 5659 5661
f 5643 5645 5646
f 5641 5644 5646
f 5641 5650 5652
f 5547 5550 5648
f 5549 5650 5649
f 5547 5648 5651
f 5550 5649 5648
f 5545 5647 5580
f 5546 5651 5647
f 5649 5650 5660
f 5585 5651 5648
f 5584 5648 5649
f 5549 5652 5650
f 5549 5649 5550
f 5645 5655 5653
f 5641 5656 5657
f 5650 5657 5660
f 5645 5653 5646
f 5641 5646 5656
f 5641 5657 5650
f 5646 5653 5656
f 5654 5655 5659
f 5614 5656 5653
f 5616 5657 5656
f 5645 5659 5655
f 5654 5659 5658
f 5584 5649 5660
f 5589 5633 5632
f 5589 5590 5633
f 5590 5634 5633
f 5591 5654 5634
f 5590 5591 5634
f 5591 5618 5654
f 5618 5655 5654
f 5617 5653 5655
f 5617 5655 5618
f 5663 5666 5665
f 5665 5666 5667
f 5664 5665 5667
f 5664 5668 5676
f 5664 5667 5668
f 5668 5683 5676
f 5666 5669 5667
f 5667 5670 5668
f 5668 5671 5683
f 5667 5669 5670
f 5668 5670 5671
f 5671 5685 5683
f 5672 5679 5675
f 5672 5674 5680
f 5673 5678 5684
f 5677 5683 5684
f 5674 5681 5680
f 5673 5675 5679
f 5672 5675 5674
f 5676 5683 5677
f 5677 5684 5678
f 5673 5679 5678
f 5481 5516 5483
f 5481 5482 5682
f 5481 5682 5516
f 5482 5680 5681
f 5482 5681 5682
f 5683 5685 5684
f 5673 5684 5686
f 5673 5687 5675
f 5520 5674 5675
f 5519 5681 5674
f 5520 5675 5687
f 5519 5674 5520
f 5684 5685 5686
f 5673 5686 5687
f 5529 5670 5669
f 5530 5671 5670
f 5531 5685 5671
f 4474 5689 5688
f 4478 5693 5689
f 4475 5690 5692
f 4477 5692 5691
f 4479 5694 5693
f 4476 5691 5694
f 4558 5696 5695
f 4557 5695 5029
f 4473 5688 5696
f 4553 5733 5736
f 4556 5736 5906
f 4649 5774 5690
f 4648 5833 5989
f 4708 5918 5827
f 4645 5830 5833
f 4642 5827 5830
f 4702 5909 5868
f 4690 5868 5865
f 4699 5906 5909
f 4687 5865 5918
f 4747 5924 5927
f 4750 5927 5973
f 4757 5966 5924
f 4767 5973 5976
f 4770 5976 5733
f 4789 5986 5992
f 4792 5989 5986
f 5697 5699 5698
f 5698 5699 5700
f 5698 5700 5930
f 5699 5703 5700
f 5700 5708 5701
f 5700 5701 5930
f 5701 5702 5931
f 5701 5709 5702
f 5703 5704 5708
f 5705 5709 5708
f 5704 5715 5705
f 5705 5739 5706
f 5704 5705 5708
f 5705 5706 5709
f 5706 5707 5710
f 5700 5703 5708
f 5701 5708 5709
f 5702 5709 5710
f 5702 5710 5934
f 5711 5953 5934
f 5710 5711 5934
f 5712 5713 5954
f 5711 5712 5953
f 5706 5710 5709
f 5707 5711 5710
f 5711 5748 5712
f 5707 5748 5711
f 5713 5747 5749
f 5712 5748 5747
f 5714 5750 5960
f 5752 5959 5960
f 5712 5747 5713
f 5713 5749 5714
f 5715 5716 5739
f 5717 5740 5739
f 5716 5720 5717
f 5716 5717 5739
f 5717 5718 5740
f 5718 5719 5741
f 5720 5722 5721
f 5722 5777 5723
f 5721 5722 5723
f 5723 5724 5725
f 5721 5723 5725
f 5724 5727 5725
f 5724 5871 5727
f 5728 5871 5873
f 5717 5720 5721
f 5718 5721 5725
f 5717 5721 5718
f 5719 5725 5727
f 5718 5725 5719
f 5719 5727 5726
f 5726 5727 5728
f 5728 5730 5759
f 5730 5760 5759
f 5726 5728 5759
f 5727 5871 5728
f 5730 5873 5872
f 5730 5872 5731
f 5728 5873 5730
f 5730 5731 5760
f 5731 5732 5761
f 5731 5886 5732
f 5737 5738 5908
f 5738 5772 5915
f 5733 5976 5735
f 5733 5735 5737
f 5734 5735 5977
f 5734 5978 5767
f 5734 5738 5735
f 5734 5767 5772
f 5733 5737 5736
f 5736 5737 5907
f 5735 5738 5737
f 5734 5772 5738
f 5705 5715 5739
f 5706 5739 5740
f 5707 5740 5741
f 5706 5740 5707
f 5707 5741 5748
f 5742 5747 5748
f 5741 5742 5748
f 5742 5743 5747
f 5718 5741 5740
f 5719 5742 5741
f 5719 5726 5742
f 5726 5759 5743
f 5726 5743 5742
f 5745 5761 5755
f 5743 5744 5749
f 5743 5759 5744
f 5744 5760 5745
f 5769 5982 5984
f 5768 5982 5769
f 5746 5753 5756
f 5770 5984 5985
f 5746 5766 5985
f 5769 5984 5770
f 5766 5770 5985
f 5746 5756 5766
f 5745 5752 5750
f 5743 5749 5747
f 5744 5750 5749
f 5750 5752 5960
f 5751 5753 5961
f 5751 5959 5752
f 5714 5749 5750
f 5745 5755 5752
f 5751 5752 5755
f 5751 5755 5754
f 5753 5754 5756
f 5744 5745 5750
f 5751 5754 5753
f 5758 5917 5914
f 5771 5916 5772
f 5771 5773 5912
f 5758 5765 5917
f 5757 5914 5913
f 5757 5758 5914
f 5757 5913 5773
f 5744 5759 5760
f 5731 5761 5760
f 5755 5761 5763
f 5754 5755 5763
f 5756 5762 5765
f 5754 5763 5762
f 5745 5760 5761
f 5729 5763 5732
f 5762 5764 5765
f 5732 5763 5761
f 5729 5762 5763
f 5729 5764 5762
f 5764 5917 5765
f 5767 5768 5771
f 5768 5769 5773
f 5756 5765 5766
f 5758 5770 5766
f 5757 5770 5758
f 5757 5773 5769
f 5758 5766 5765
f 5757 5769 5770
f 5767 5983 5768
f 5767 5771 5772
f 5768 5773 5771
f 5754 5762 5756
f 5775 5802 5776
f 5776 5802 5803
f 5776 5803 5788
f 5780 5784 5781
f 5723 5777 5778
f 5777 5780 5778
f 5778 5780 5781
f 5781 5785 5782
f 5778 5781 5779
f 5779 5781 5782
f 5779 5782 5874
f 5783 5876 5874
f 5782 5783 5874
f 5783 5790 5876
f 5790 5791 5875
f 5775 5785 5784
f 5776 5786 5785
f 5781 5784 5785
f 5782 5785 5786
f 5775 5776 5785
f 5776 5788 5786
f 5787 5788 5789
f 5786 5788 5787
f 5787 5789 5794
f 5789 5836 5794
f 5793 5836 5838
f 5793 5794 5836
f 5782 5786 5783
f 5783 5787 5790
f 5783 5786 5787
f 5787 5794 5790
f 5791 5794 5793
f 5791 5793 5792
f 5790 5794 5791
f 5792 5795 5896
f 5792 5793 5795
f 5793 5838 5795
f 5795 5839 5796
f 5796 5797 5895
f 5796 5895 5896
f 5853 5854 5899
f 5797 5853 5898
f 5795 5796 5896
f 5833 5834 5990
f 5834 5835 5991
f 5835 5863 6005
f 5798 5799 5803
f 5295 5799 5798
f 5295 5809 5799
f 5800 5809 5810
f 5799 5809 5800
f 5800 5810 5801
f 5798 5803 5802
f 5799 5804 5803
f 5800 5805 5804
f 5788 5803 5804
f 5788 5804 5789
f 5789 5804 5805
f 5805 5808 5836
f 5799 5800 5804
f 5800 5801 5805
f 5801 5808 5805
f 5801 5806 5808
f 5806 5819 5807
f 5824 5842 5844
f 5806 5807 5808
f 5807 5819 5843
f 5819 5820 5843
f 5820 5844 5843
f 5300 5811 5810
f 5301 5812 5811
f 5801 5810 5811
f 5806 5811 5812
f 5801 5811 5806
f 5806 5812 5819
f 5813 5815 5820
f 5812 5813 5819
f 5302 5813 5303
f 5302 5815 5813
f 5303 5813 5812
f 5302 6003 5815
f 5816 6003 6004
f 5814 5816 6004
f 5814 6000 5825
f 5815 6003 5816
f 5817 6008 6009
f 5818 5826 6008
f 5861 6006 5863
f 5861 5862 6007
f 5818 5823 5826
f 5817 5818 6008
f 5862 6009 6007
f 5817 6009 5862
f 5816 5822 5824
f 5813 5820 5819
f 5815 5824 5820
f 5822 5842 5824
f 5821 5841 5822
f 5820 5824 5844
f 5814 5822 5816
f 5814 5825 5821
f 5814 5821 5822
f 5823 5825 5826
f 5815 5816 5824
f 5821 5825 5823
f 5848 5920 5921
f 5828 5829 5832
f 5829 5848 5857
f 5827 5918 5828
f 5828 5918 5919
f 5828 5919 5829
f 5829 5920 5848
f 5829 5919 5920
f 5830 5831 5834
f 5831 5832 5835
f 5832 5857 5863
f 5830 5834 5833
f 5831 5835 5834
f 5832 5863 5835
f 5827 5831 5830
f 5827 5828 5831
f 5828 5832 5831
f 5829 5857 5832
f 5850 5855 5864
f 5851 5860 5859
f 5850 5864 5860
f 5789 5805 5836
f 5808 5838 5836
f 5807 5838 5808
f 5807 5839 5838
f 5795 5838 5839
f 5796 5839 5840
f 5839 5843 5840
f 5837 5844 5842
f 5807 5843 5839
f 5840 5843 5844
f 5837 5840 5844
f 5841 5855 5852
f 5837 5842 5852
f 5841 5864 5855
f 5841 5852 5842
f 5846 5855 5850
f 5849 5921 5922
f 5847 5922 5923
f 5846 5854 5855
f 5845 5846 5850
f 5845 5851 5923
f 5848 5849 5858
f 5847 5856 5849
f 5845 5850 5851
f 5847 5851 5859
f 5850 5860 5851
f 5848 5921 5849
f 5847 5849 5922
f 5847 5923 5851
f 5797 5840 5837
f 5852 5854 5853
f 5796 5840 5797
f 5797 5837 5853
f 5837 5852 5853
f 5852 5855 5854
f 5823 5860 5864
f 5817 5859 5818
f 5818 5860 5823
f 5817 5856 5859
f 5818 5859 5860
f 5849 5856 5858
f 5857 5858 5861
f 5856 5862 5858
f 5847 5859 5856
f 5857 5861 5863
f 5858 5862 5861
f 5817 5862 5856
f 5821 5864 5841
f 5822 5841 5842
f 5821 5823 5864
f 5848 5858 5857
f 5881 5901 5911
f 5867 5870 5893
f 5870 5901 5893
f 5868 5909 5869
f 5869 5909 5910
f 5869 5910 5870
f 5870 5911 5901
f 5870 5910 5911
f 5866 5868 5869
f 5865 5868 5866
f 5867 5869 5870
f 5866 5869 5867
f 5723 5778 5724
f 5724 5778 5779
f 5724 5779 5871
f 5779 5874 5871
f 5873 5874 5876
f 5871 5874 5873
f 5872 5873 5876
f 5872 5876 5875
f 5872 5875 5886
f 5878 5887 5886
f 5791 5878 5875
f 5790 5875 5876
f 5792 5879 5878
f 5877 5885 5879
f 5875 5878 5886
f 5878 5879 5887
f 5883 5914 5888
f 5883 5888 5905
f 5883 5905 5904
f 5881 5882 5900
f 5880 5902 5882
f 5883 5884 5913
f 5880 5884 5903
f 5883 5904 5884
f 5731 5872 5886
f 5732 5886 5887
f 5729 5732 5887
f 5729 5887 5885
f 5764 5889 5917
f 5729 5885 5764
f 5764 5885 5889
f 5888 5917 5889
f 5879 5885 5887
f 5877 5889 5885
f 5888 5889 5897
f 5888 5897 5905
f 5877 5897 5889
f 5890 5904 5899
f 5899 5904 5905
f 5890 5903 5904
f 5891 5892 5923
f 5854 5890 5899
f 5846 5890 5854
f 5845 5892 5894
f 5846 5894 5890
f 5891 5893 5901
f 5891 5900 5892
f 5891 5922 5893
f 5892 5902 5894
f 5890 5894 5903
f 5877 5896 5895
f 5895 5898 5897
f 5791 5792 5878
f 5792 5896 5879
f 5897 5898 5905
f 5877 5879 5896
f 5877 5895 5897
f 5898 5899 5905
f 5853 5899 5898
f 5797 5898 5895
f 5891 5901 5900
f 5892 5900 5902
f 5884 5904 5903
f 5880 5903 5902
f 5894 5902 5903
f 5881 5900 5901
f 5882 5902 5900
f 5906 5907 5910
f 5907 5908 5911
f 5881 5908 5915
f 5736 5907 5906
f 5737 5908 5907
f 5738 5915 5908
f 5906 5910 5909
f 5907 5911 5910
f 5881 5911 5908
f 5882 5915 5916
f 5880 5916 5912
f 5884 5912 5913
f 5888 5914 5917
f 5883 5913 5914
f 5772 5916 5915
f 5771 5912 5916
f 5773 5913 5912
f 5881 5915 5882
f 5880 5882 5916
f 5880 5912 5884
f 5865 5919 5918
f 5866 5920 5919
f 5867 5921 5920
f 5865 5866 5919
f 5866 5867 5920
f 5867 5893 5921
f 5893 5922 5921
f 5891 5923 5922
f 5845 5923 5892
f 5845 5894 5846
f 5924 5966 5925
f 5925 5967 5926
f 5926 5968 5941
f 5927 5974 5973
f 5928 5975 5974
f 5929 5981 5975
f 5924 5928 5927
f 5925 5929 5928
f 5926 5965 5929
f 5924 5925 5928
f 5925 5926 5929
f 5926 5941 5965
f 5927 5928 5974
f 5928 5929 5975
f 5929 5965 5981
f 5208 5698 5930
f 5209 5930 5931
f 5701 5931 5930
f 5210 5931 5932
f 5217 5932 5933
f 5210 5932 5217
f 5218 5933 5935
f 5702 5932 5931
f 5702 5934 5932
f 5932 5934 5933
f 5935 5953 5954
f 5933 5934 5953
f 5936 5955 5948
f 5947 5948 5956
f 5933 5953 5935
f 5935 5954 5936
f 5936 5954 5955
f 5937 5946 5949
f 5942 5971 5972
f 5937 5938 5972
f 5938 5949 5958
f 5939 5941 5969
f 5940 5970 5971
f 5939 5970 5940
f 5938 5942 5972
f 5937 5949 5938
f 5940 5971 5942
f 5936 5945 5943
f 5936 5948 5945
f 5944 5945 5948
f 5944 5948 5947
f 5217 5933 5218
f 5218 5935 5943
f 5935 5936 5943
f 5944 5947 5946
f 5946 5947 5949
f 5947 5957 5949
f 5962 5963 5980
f 5965 5979 5981
f 5962 5980 5979
f 5950 5958 5961
f 5950 5961 5951
f 5952 5963 5964
f 5950 5951 5964
f 5951 5952 5964
f 5952 5980 5963
f 5714 5956 5955
f 5956 5960 5957
f 5712 5954 5953
f 5713 5955 5954
f 5713 5714 5955
f 5948 5955 5956
f 5949 5957 5958
f 5947 5956 5957
f 5957 5959 5958
f 5714 5960 5956
f 5958 5959 5961
f 5957 5960 5959
f 5939 5940 5963
f 5941 5962 5965
f 5939 5963 5962
f 5942 5950 5964
f 5938 5958 5950
f 5940 5942 5964
f 5938 5950 5942
f 5940 5964 5963
f 5939 5962 5941
f 5962 5979 5965
f 5222 5967 5966
f 5223 5968 5967
f 5224 5969 5968
f 5925 5966 5967
f 5926 5967 5968
f 5941 5968 5969
f 5252 5970 5969
f 5250 5971 5970
f 5251 5972 5971
f 5248 5937 5972
f 5249 5946 5937
f 5939 5969 5970
f 5973 5977 5976
f 5974 5978 5977
f 5975 5983 5978
f 5973 5974 5977
f 5974 5975 5978
f 5975 5981 5983
f 5735 5976 5977
f 5734 5977 5978
f 5767 5978 5983
f 5979 5980 5984
f 5981 5982 5983
f 5979 5984 5982
f 5753 5951 5961
f 5952 5985 5980
f 5746 5952 5951
f 5746 5985 5952
f 5746 5951 5753
f 5980 5985 5984
f 5979 5982 5981
f 5768 5983 5982
f 5751 5961 5959
f 5986 5993 5992
f 5987 5994 5993
f 5988 6010 5994
f 5986 5987 5993
f 5988 5991 5997
f 5987 5988 5994
f 5988 5997 6010
f 5987 5989 5990
f 5988 5990 5991
f 5991 6005 5997
f 5833 5990 5989
f 5834 5991 5990
f 5835 6005 5991
f 5986 5989 5987
f 5987 5990 5988
f 5996 5997 6005
f 5996 6006 5998
f 5826 6002 6008
f 5995 6008 6002
f 5995 5999 6009
f 5998 6007 5999
f 5604 5996 5998
f 5604 5630 5996
f 5630 5997 5996
f 5630 6010 5997
f 5613 5995 6002
f 5606 5995 5613
f 5605 5998 5999
f 5606 5999 5995
f 5605 5999 5606
f 5604 5998 5605
f 5814 6004 6000
f 5611 6002 6001
f 5612 6001 6000
f 5826 6001 6002
f 5825 6000 6001
f 5825 6001 5826
f 5996 6005 6006
f 5998 6006 6007
f 5999 6007 6009
f 5995 6009 6008
f 5863 6006 6005
f 5861 6007 6006
f 2947 2950 2948
f 2947 2949 2950
f 2947 2948 2951
f 2947 2951 2949
f 2951 2952 2953
f 2949 2954 2950
f 2949 2951 2953
f 2949 2953 2954
f 2953 2952 2954
f 2951 2948 3314
f 2951 3314 2952
f 3315 2952 3314

